교육청명,교육지원청명,유치원명,설립유형,대표자명,원장명,설립일,개원일,주소,전화번호,팩스번호,홈페이지,운영시간,만3세학급수,만4세학급수,만5세학급수,혼합학급수,특수학급수,인가총정원수,3세정원수,4세정원수,5세정원수,혼합정원수,특수학급정원수,만3세원아수,만4세원아수,만5세원아수,혼합원아수,특수원아수,위도,경도
경기도교육청,가평교육지원청,가평마장초등학교병설유치원,공립(병설),박효진,박효진,20010901,20010901,경기도 가평군 각담말길 15,031-582-8796,031-582-2757,https://gpmajang-e.goegp.kr,0800시0800분~1900시1900분,0,0,0,1,0,20,0,0,0,18,0,0,0,0,4,0,37.8596106629,127.5147400476
경기도교육청,가평교육지원청,가평유치원,공립(단설),나옥선,나옥선,20100112,20100302,경기도 가평군 가평읍 향교로 23-3,031-582-4986,031-582-4983,https://gapyeong-k.goegp.kr,1330시1330분~1900시1900분,3,1,2,0,1,114,42,20,48,0,4,30,19,44,0,3,37.8295317964,127.5075329398
경기도교육청,가평교육지원청,대성초등학교병설유치원,공립(병설),이은영,이은영,19810301,19810301,경기도 가평군 청평면 경춘로 75,031-584-0793,031-584-9226,www.kgds.es.kr,1300시1300분~1700시1700분,0,0,0,1,0,18,0,0,0,18,0,0,0,0,7,0,37.683124591,127.3776918713
경기도교육청,가평교육지원청,미원초등학교병설유치원,공립(병설),전주은,전주은,19810301,19810301,경기도 가평군 신천중앙로120번길 11,031-584-8718,031-584-7316,https://miwon.es.kr,0900시0900분~1900시1900분,0,0,0,1,0,18,0,0,0,18,0,0,0,0,5,0,37.6794542532,127.4901250999
경기도교육청,가평교육지원청,방일초등학교병설유치원,공립(병설),김순광,김순광,19820301,19820301,경기도 가평군 설악면 양방가루재길 76,031-585-4661,031-584-4108,http://www.bangil.es.kr,1300시1300분~1900시1900분,0,0,0,1,0,18,0,0,0,18,0,0,0,0,6,0,37.6290948273,127.4998803232
경기도교육청,가평교육지원청,상면초등학교병설유치원,공립(병설),김은삼,김은삼,19810309,19810309,경기도 가평군 청군로 700-22,031-584-6879,031-584-4742, ,1300시1300분~1900시1900분,0,0,0,1,0,20,0,0,0,18,0,0,0,0,4,0,37.7762347645,127.370912735
경기도교육청,가평교육지원청,상색초등학교병설유치원,공립(병설),지경미,지경미,19810305,19810305,경기도 가평군 태봉두밀로 34-31,031-582-2251,031-582-4308, ,1300시1300분~1700시1700분,0,0,0,1,0,18,0,0,0,18,0,0,0,0,4,0,37.8054055007216,127.484986507547
경기도교육청,가평교육지원청,상천초등학교병설유치원,공립(병설),최미경,최미경,19810301,19810301,경기도 가평군 상천역로19번길 38,031-585-3419, ,http://www.sang1000.es.kr,1300시1300분~1900시1900분,0,0,0,1,0,18,0,0,0,18,0,0,0,0,4,0,37.7699519360695,127.456019064148
경기도교육청,가평교육지원청,연하초등학교병설유치원,공립(병설),이현랑,이현랑,19810305,19810310,경기도 가평군 비룡로 2199-19,031-585-3470,031-585-1723, ,1300시1300분~1700시1700분,0,0,0,1,0,18,0,0,0,18,0,0,0,0,8,0,37.8032827241,127.3422039703
경기도교육청,가평교육지원청,율길초등학교병설유치원,공립(병설),이현미,이현미,19840901,19840901,경기도 가평군 청군로 2090,031-584-6005, ,http://www.yulgil.es.kr/,0900시0900분~1700시1700분,0,0,0,1,0,18,0,0,0,18,0,0,0,0,5,0,37.8380465926,127.2882546101
경기도교육청,가평교육지원청,조종초등학교병설유치원,공립(병설),강경진,강경진,19810301,19810301,경기도 가평군 하면 조종새싹로 13-9,031-585-0584,031-584-2337,www.jojong.es.kr/,0900시0900분~1900시1900분,0,0,1,1,2,48,0,0,24,16,8,0,0,7,11,3,37.8215152922,127.3489314556
경기도교육청,가평교육지원청,청심유치원,사립(사인),조성태,안진일,20060302,20060302,경기도 가평군 미사리로286번길 16,031-589-9900,031-589-9917,https://cafe.naver.com/cjdtla9900,0830시0830분~1900시1900분,0,1,1,1,0,180,0,22,26,20,0,0,22,15,18,0,37.7019980240063,127.542278620521
경기도교육청,고양교육지원청,가좌초등학교병설유치원,공립(병설),정재은,정재은,20060301,20060301,경기도 고양시 일산서구 가좌2로 31,031-922-6047,031-922-6045, ,0900시0900분~1800시1800분,1,1,1,0,1,62,14,20,24,0,4,13,12,10,0,1,37.6884815985,126.7213646487
경기도교육청,고양교육지원청,경기유치원,사립(사인),최병찬,이유임,19890131,19890301,경기도 고양시 덕양구 통일로542번길 27,031-964-9229,031-962-7114,http://kgkid.kg.kr,0900시0900분~1900시1900분,1,2,2,0,0,170,18,44,52,0,0,18,40,36,0,0,37.6814498977461,126.889457385382
경기도교육청,고양교육지원청,고양관산초등학교병설유치원,공립(병설),김영애,김영애,20040301,20040301,경기도 고양시 덕양구 통일로726번길 130,031-969-8453, ,https://gs-e.goegy.kr/gs-e/main.do,0900시0900분~1900시1900분,0,0,0,1,0,18,0,0,0,18,0,0,0,0,2,0,37.6921234341753,126.866568056097
경기도교육청,고양교육지원청,고양동산초등학교병설유치원,공립(병설),김찬애,김찬애,20130301,20130307,경기도 고양시 덕양구 동세로 32,02-381-2250,02-6956-6653,https://gydongsan-e.goegy.kr/gydongsan-e/main.do,0900시0900분~1900시1900분,0,0,1,1,1,44,0,0,24,14,4,0,0,5,5,2,37.6463859252,126.8865826017
경기도교육청,고양교육지원청,고양오금유치원,공립(단설),류한숙,류한숙,20160301,20160301,경기도 고양시 덕양구 오금1로 10,02-381-7383,02-381-7388,gyogeum-k.goegy.kr,0800시0800분~1900시1900분,4,4,3,0,1,212,56,80,72,0,4,52,79,59,0,2,37.662693463,126.8952549033
경기도교육청,고양교육지원청,고양용현초등학교병설유치원,공립(병설),이흥균,이흥균,19970301,19970301,경기도 고양시 덕양구 화신로 21,031-970-0157,031-970-0165, ,0900시0900분~1900시1900분,0,0,0,1,0,18,0,0,0,2,0,0,0,0,2,0,37.6151782649,126.838226021
경기도교육청,고양교육지원청,고양일산유치원,공립(단설),이춘매,이춘매,20090301,20090301,경기도 고양시 일산서구 일중로15번길 38,031-975-6541,031-975-6593,https://goyangilsan-k.goegy.kr/,0800시0800분~1900시1900분,1,2,2,0,1,102,13,39,46,0,4,12,33,36,0,4,37.682989552,126.771967298
경기도교육청,고양교육지원청,고양장항유치원,공립(단설),이경미,이경미,20240901,20240901,경기도 고양시 일산동구 장항한강5로 40,031-994-2940,031-994-2939,https://janghang-k.goegy.kr/janghang-k/main.do,0800시0800분~1900시1900분,5,4,3,0,1,232,70,80,72,0,4,63,66,69,0,1,37.648483714,126.7554552884
경기도교육청,고양교육지원청,그루터기유치원,사립(사인),김난영,김난영,20041224,20041224,경기도 고양시 일산동구 무궁화로93번길 26,031-922-2214,031-922-2216,http://gurutuhgi.kidis.co.kr/,0900시0900분~1900시1900분,2,2,3,0,0,130,36,44,50,0,0,36,31,46,0,0,37.6673406724392,126.772675102254
경기도교육청,고양교육지원청,글로벌동심유치원,사립(사인),한연현,남은영(직무대리),20190712,20190723,경기도 고양시 덕양구 행신로143번길 25,031-970-7979,031-979-6888,https://linktr.ee/globaldongsim,0730시0730분~1930시1930분,4,3,3,0,0,272,72,66,78,0,0,64,60,52,0,0,37.62034465419397,126.83092625121007
경기도교육청,고양교육지원청,금계초등학교병설유치원,공립(병설),최은숙,최은숙,19970107,19970305,경기도 고양시 일산동구 강촌로 90,031-907-0246,031-902-4505,https://gygg-e.goegy.kr,0900시0900분~1900시1900분,0,0,1,1,1,42,0,0,24,14,4,0,0,8,6,2,37.6496007885,126.7843122703
경기도교육청,고양교육지원청,꽃향기유치원,공립(단설),배정미,배정미,20210401,20210401,경기도 고양시 덕양구 향기2로 36,02-3159-0401,02-3159-0411,https://flower-k.goegy.kr,0730시0730분~1930시1930분,5,4,4,0,1,246,70,78,94,0,4,62,71,82,0,3,37.5921138489,126.8931931573
경기도교육청,고양교육지원청,꿈나라유치원,사립(사인),염명순,염명자,20151203,20160301,경기도 고양시 덕양구 신원로1길 61,02-371-3394,02-381-7578, ,0900시0900분~1910시1910분,4,5,3,0,0,258,72,110,78,0,0,72,101,78,0,0,37.6623126383295,126.886797371206
경기도교육청,고양교육지원청,내유초등학교병설유치원,공립(병설),서유석,서유석,19810310,19810310,경기도 고양시 덕양구 통일로 1132,031-962-4632,031-962-3242,https://naeu-e.goegy.kr,0900시0900분~1900시1900분,0,0,0,1,0,18,0,0,0,18,0,0,0,0,6,0,37.715174151,126.8518681104
경기도교육청,고양교육지원청,냉천초등학교병설유치원,공립(병설),강명숙,강명숙,20130301,20130301,경기도 고양시 일산동구 산두로 99,031-902-3418,031-902-3415,http://naengcheon-e.goegy.kr,0900시0900분~1900시1900분,0,0,1,1,0,38,0,0,24,14,0,0,0,6,14,0,37.6667205877,126.785657405
경기도교육청,고양교육지원청,늘푸름유치원,사립(사인),유명혜,유명혜,19950605,19950605,경기도 고양시 일산서구 후곡로 36,031-911-9810,031-915-7655,https://nprkinder.kidsnote.ac,0800시0800분~1830시1830분,1,1,2,0,0,110,18,22,52,0,0,18,14,23,0,0,37.6806332263171,126.765093184925
경기도교육청,고양교육지원청,능곡초등학교병설유치원,공립(병설),임성민,임성민,19860302,19860302,경기도 고양시 덕양구 토당로67번길 66,031-974-9765,031-972-0358,http://www.ng.es.kr,0900시0900분~1700시1700분,0,0,0,1,0,18,0,0,0,18,0,0,0,0,5,0,37.6240097669206,126.816761314389
경기도교육청,고양교육지원청,다솔유치원,공립(단설),우태안,우태안,20140301,20140301,경기도 고양시 덕양구 도래울1로 37,031-968-5296,031-968-5298,http://dasol-k.goegy.kr,0800시0800분~1900시1900분,4,3,3,0,1,192,56,60,72,0,4,54,54,61,0,1,37.6296358073,126.8673402991
경기도교육청,고양교육지원청,다솜유치원,사립(사인),곽노은,김윤숙,19940110,19940110,경기도 고양시 일산동구 강석로 156,031-904-2297,031-904-2291,http://ilsandasom.kidis.co.kr/,0730시0730분~1900시1900분,2,2,2,0,0,105,36,38,31,0,0,28,29,24,0,0,37.6547189650317,126.77773185186
경기도교육청,고양교육지원청,다진유치원,사립(사인),김진옥,김혜진,20131111,20140301,경기도 고양시 덕양구 큰골길 13,02-381-5556,02-381-5557,https://dajin.kidsnote.ac ,0800시0800분~1900시1900분,2,1,2,0,0,120,28,22,48,0,0,22,20,39,0,0,37.6652136521984,126.894930089501
경기도교육청,고양교육지원청,대곡초등학교병설유치원,공립(병설),안상모,안상모,19810301,19810301,경기도 고양시 덕양구 대주로 138-50,031-968-0123,031-966-8707, ,1310시1310분~1900시1900분,0,0,0,1,0,18,0,0,0,18,0,0,0,0,5,0,37.6413238888188,126.812808487013
경기도교육청,고양교육지원청,덕은노을유치원,공립(단설),박계영,박계영,20220901,20220901,경기도 고양시 덕양구 대덕산2길 2,02-3153-0800,02-3159-6661,https://dukeunnoeul-k.goegy.kr/dukeunnoeul-k/main.do,0800시0800분~1900시1900분,4,4,4,0,1,232,54,79,95,0,4,56,79,96,0,1,37.5815112088,126.8647751538
경기도교육청,고양교육지원청,덕은초등학교병설유치원,공립(병설),이미선,이미선,19810301,19810330,경기도 고양시 덕양구 중앙로176번길 18-4,02-3158-3321,02-3159-9148,www.deokun.es.kr,0900시0900분~1800시1800분,0,0,0,1,0,20,0,0,0,18,0,0,0,0,5,0,37.6031767461,126.8718248006
경기도교육청,고양교육지원청,덕이초등학교병설유치원,공립(병설),박석현,박석현,20150301,20150301,경기도 고양시 일산서구 덕이로 104,031-916-2118, ,https://deoki-e-e.goegy.kr/deoki-e-e/main.do,0800시0800분~1900시1900분,0,0,0,1,0,18,0,0,0,18,0,0,0,0,5,0,37.6927669022,126.7483814566
경기도교육청,고양교육지원청,도담유치원,사립(사인),김향숙,강승헌,20000901,20000901,경기도 고양시 일산서구 탄현로 115-22,031-919-7979,031-919-1927, ,0800시0800분~1900시1900분,3,4,4,0,0,11,54,88,96,0,0,38,63,57,0,0,37.7014219550068,126.766221564973
경기도교육청,고양교육지원청,도래울초등학교병설유치원,공립(병설),허남진,허남진,20141001,20141006,경기도 고양시 덕양구 도래울3로 5,031-963-6898,031-963-2924,https://doraeul-e.goegy.kr,0830시0830분~1800시1800분,1,1,1,0,1,58,14,20,24,0,4,5,8,6,0,2,37.6317379132,126.8705793149
경기도교육청,고양교육지원청,동산유치원,사립(사인),박남훈,박남훈,19941020,19941020,경기도 고양시 일산서구 주엽로 122,031-913-2201,031-913-2202, ,0800시0800분~1900시1900분,2,1,1,0,0,100,36,22,26,0,0,36,21,19,0,0,37.668897786258,126.758796981933
경기도교육청,고양교육지원청,동산해오름유치원,공립(단설),박경숙,박경숙,20220301,20220301,경기도 고양시 덕양구 동산1로2길 25,02-381-7465,02-381-7470,https://haeoreum-k.goegy.kr/,0800시0800분~1900시1900분,3,2,2,0,1,134,42,40,48,0,4,40,38,38,0,4,37.6437422015,126.8843548602
경기도교육청,고양교육지원청,드림아이유치원,사립(사인),이정아,이정아,20151203,20160301,경기도 고양시 덕양구 권율대로 696-9,031-962-9669,031-963-8688,http://dreami.uriweb.kr/,0730시0730분~1900시1900분,5,4,4,0,0,284,90,88,104,0,0,90,88,104,0,0,37.6508531693527,126.876316444228
경기도교육청,고양교육지원청,로뎀유치원,사립(사인),김종만,김지희,19950918,19950918,경기도 고양시 덕양구 화신로 47,031-971-5533,031-971-5538,http://cafe.daum.net/hangsinrodem,0730시0730분~1930시1930분,3,2,1,0,0,130,54,44,26,0,0,47,42,26,0,0,37.6172563546738,126.838318080331
경기도교육청,고양교육지원청,모당초등학교병설유치원,공립(병설),이혜정,이혜정,20080301,20080301,경기도 고양시 일산동구 하늘마을로 144,031-976-9237, ,https://modang-e.goegy.kr/,0900시0900분~1900시1900분,0,0,0,1,0,20,0,0,0,20,0,0,0,0,5,0,37.6795194126,126.7807716991
경기도교육청,고양교육지원청,목암초등학교병설유치원,공립(병설),서우철,서우철,20050301,20050301,경기도 고양시 덕양구 푸른마을로 63,031-962-4474, , ,0840시0840분~1900시1900분,1,1,1,0,0,58,14,20,24,0,0,14,17,23,0,0,37.7138325187605,126.904946031836
경기도교육청,고양교육지원청,무원유치원,사립(사인),유민희,김기영,19950118,19950118,경기도 고양시 덕양구 무원로 63,031-970-2211, , ,0900시0900분~1900시1900분,2,1,2,0,0,128,36,22,52,0,0,22,22,36,0,0,37.6187107977528,126.829957569186
경기도교육청,고양교육지원청,문촌유치원,사립(사인),이주희,이주희,19941227,19941227,경기도 고양시 일산서구 대산로 176,031-915-7800,031-915-7850, ,0800시0800분~1900시1900분,1,2,2,0,0,96,18,38,40,0,0,18,32,37,0,0,37.6768853074585,126.758863303425
경기도교육청,고양교육지원청,문촌초등학교병설유치원,공립(병설),김영철,김영철,19940601,20160303,경기도 고양시 일산서구 주엽로 168,031-114, ,http://www.e-munchon.es.kr/wah/main/html/view.htm?menuCode=10,0900시0900분~1730시1730분,0,0,1,1,0,48,0,0,24,14,0,0,0,5,9,0,37.67338776512241,126.76045515170426
경기도교육청,고양교육지원청,바른유치원,사립(사인),전창근,오현주,19941227,19941227,경기도 고양시 일산서구 킨텍스로 410,031-914-4368,032-232-0002,http://barun.kg.kr,0800시0800분~1900시1900분,3,2,2,0,0,134,42,46,46,0,0,38,38,30,0,0,37.6807182457,126.7593773462
경기도교육청,고양교육지원청,바움유치원,사립(사인),황정국,김세영,20090326,20090326,경기도 고양시 덕양구 호국로742번길 57,031-966-3069,031-966-3522,http://www.kitabaum.com,0730시0730분~2000시2000분,2,2,1,0,0,135,36,44,52,0,0,24,20,10,0,0,37.6526980124372,126.835990030925
경기도교육청,고양교육지원청,배화유치원,사립(사인),이호정,김명자,19870306,19870306,경기도 고양시 덕양구 토당로104번길 31,031-974-0880,031-972-9924,http://www.baewha.co.kr,0740시0740분~1900시1900분,2,2,2,0,0,250,36,44,52,0,0,26,35,31,0,0,37.6244645277096,126.819185058109
경기도교육청,고양교육지원청,백마초등학교병설유치원,공립(병설),최영락,최영락,19860310,19860310,경기도 고양시 일산동구 일산로 230,031-902-9616,031-901-1682,http://www.baekma.es.kr,0800시0800분~1900시1900분,0,0,1,1,1,44,0,0,24,16,4,0,0,10,11,0,37.6578993208987,126.790884025697
경기도교육청,고양교육지원청,백송초등학교병설유치원,공립(병설),박상선,박상선,20110301,20110301,경기도 고양시 일산서구 하이파크3로 110,031-919-1784,031-912-1542,https://baeksong-e.goegy.kr/,0830시0830분~1900시1900분,0,0,1,1,1,42,0,0,24,14,4,0,0,6,8,4,37.7018093444029,126.7535573319
경기도교육청,고양교육지원청,백양초등학교병설유치원,공립(병설),김오선,김오선,19970301,19970301,경기도 고양시 덕양구 화신로 238,031-979-3771,031-971-0096,http://www.baikyang.es.kr,0900시0900분~1900시1900분,0,0,1,1,0,38,0,0,24,15,0,0,0,6,15,0,37.6322376373,126.8361147841
경기도교육청,고양교육지원청,벽제초등학교병설유치원,공립(병설),김동현,김동현,19810305,19810305,경기도 고양시 일산동구 공릉천로 13,031-963-3147,031-962-4681,http://www.byeokje.es.kr/,0900시0900분~1900시1900분,0,0,1,1,0,38,0,0,24,14,0,0,0,5,4,0,37.6956301302,126.8432730109
경기도교육청,고양교육지원청,별빛유치원,사립(사인),손양섭,홍정희,19960318,19960318,경기도 고양시 덕양구 화신로 298,031-971-6630,031-971-6632, ,0800시0800분~1900시1900분,2,3,2,0,0,167,36,66,52,0,0,25,49,41,0,0,37.6323052161475,126.828149694498
경기도교육청,고양교육지원청,보보유치원,사립(사인),오영숙,오인숙,20020902,20020902,경기도 고양시 일산동구 경의로 333,031-902-3644,031-903-2020,http://www.bo-bo.org,0900시0900분~1900시1900분,1,1,1,0,0,103,16,20,24,0,0,12,13,16,0,0,37.6584706457325,126.792816584328
경기도교육청,고양교육지원청,삼성숲유치원,사립(사인),배영희,김소라,20171115,20180302,경기도 고양시 덕양구 푸른마을로 110-8,031-969-6565,031-964-2018,http://www.samsungsoopkid.co.kr,0730시0730분~1930시1930분,3,3,2,0,0,218,54,66,52,0,0,43,42,42,0,0,37.7152099408,126.90412726
경기도교육청,고양교육지원청,삼송초등학교병설유치원,공립(병설),임종일,임종일,19810310,19810310,경기도 고양시 덕양구 세솔로 150,031-966-7972,031-966-7964,http://kysses..es.kr,1300시1300분~1900시1900분,0,0,1,1,0,58,0,0,24,14,0,0,0,9,9,0,37.6541984404103,126.882395302491
경기도교육청,고양교육지원청,상탄초등학교병설유치원,공립(병설),전명기,전명기,20130901,20130906,경기도 고양시 일산서구 현중로 47,031-914-0367, , ,0840시0840분~1900시1900분,1,1,1,0,0,58,14,20,24,0,0,6,12,10,0,0,37.6951345994254,126.766694031486
경기도교육청,고양교육지원청,서정초등학교병설유치원,공립(병설),배성호,배성호,20080130,20100305,경기도 고양시 덕양구 소원로 251,031-979-7508,031-979-7506,http://seojeong.es.kr,1300시1300분~1800시1800분,0,0,0,1,0,44,0,0,0,44,0,0,0,0,8,0,37.6143404783925,126.848838883652
경기도교육청,고양교육지원청,선아유치원,사립(사인),이찬실,이찬실,19950114,19950114,경기도 고양시 일산서구 주엽로 98,031-913-8568,031-913-8568,http://www.sunakids.kr,0900시0900분~1830시1830분,2,2,1,0,0,116,34,44,26,0,0,34,35,25,0,0,37.6672496908328,126.756949400225
경기도교육청,고양교육지원청,성모유치원,사립(법인),이기헌,정경화,19650302,20000425,경기도 고양시 일산서구 원일로 57,031-975-2279,031-977-4881, ,0800시0800분~1900시1900분,2,2,1,0,0,116,36,44,26,0,0,32,25,19,0,0,37.6877325889426,126.769100477846
경기도교육청,고양교육지원청,성사유치원,공립(단설),김현옥,김현옥,20140301,20140301,경기도 고양시 덕양구 호국로834번길 89,031-966-2762,031-966-2825,www.seongsa.kg.kr,0800시0800분~1900시1900분,3,2,2,0,1,130,42,38,46,0,4,27,35,30,0,4,37.6578216791,126.8436523359
경기도교육청,고양교육지원청,성석초등학교병설유치원,공립(병설),김민석,김민석,19810302,19810302,경기도 고양시 일산동구 문봉길 110,031-977-2378,031-977-1321,http://seongseok.es.kr,1300시1300분~1900시1900분,0,0,0,1,0,18,0,0,0,18,0,0,0,0,5,0,37.7068728884,126.8130063178
경기도교육청,고양교육지원청,성신초등학교병설유치원,공립(병설),이선정,이선정,19960517,19980310,경기도 고양시 덕양구 성신로 104,031-973-2258, ,https://seongsin-e.goegy.kr/seongsin-e/main.do,0900시0900분~1900시1900분,0,0,0,1,0,18,0,0,0,18,0,0,0,0,3,0,37.6266346826637,126.839920653342
경기도교육청,고양교육지원청,성실유치원,사립(사인),장윤희,장윤희,20050224,20050224,경기도 고양시 덕양구 동헌로 387,031-963-5414,031-963-5885,http://sungsili.co.kr/,0730시0730분~1930시1930분,1,1,1,0,0,170,28,40,48,0,0,5,9,9,0,0,37.7071613568723,126.895110274242
경기도교육청,고양교육지원청,성저유치원,사립(사인),이초은,이초은,19960301,19960301,경기도 고양시 일산서구 대산로 251,031-916-4580,031-916-4588,http://www.sungjer.com/main/main.html,0900시0900분~1900시1900분,2,1,1,0,0,80,40,20,20,0,0,20,18,16,0,0,37.6798222931507,126.750951080294
경기도교육청,고양교육지원청,성저초등학교병설유치원,공립(병설),권찬,권찬,19970301,19970301,경기도 고양시 일산서구 성저로 92,031-919-3802, ,http://www.seongjeo.es.kr/,0900시0900분~1900시1900분,0,0,0,1,0,20,0,0,0,20,0,0,0,0,10,0,37.6845482058495,126.757268017838
경기도교육청,고양교육지원청,소만유치원,공립(단설),김남희,김남희,20140301,20140301,경기도 고양시 덕양구 화신로 48,031-979-3964,031-979-3239,http://soman-k.goegy.kr,0830시0830분~1900시1900분,1,2,1,0,2,78,12,36,22,0,8,12,36,21,0,6,37.6175428671,126.839585302
경기도교육청,고양교육지원청,솔거유치원,사립(사인),최연자,최연자,19960901,19960901,경기도 고양시 덕양구 화정로 27,031-969-0101,031-969-0102, ,0750시0750분~1900시1900분,1,2,3,0,0,163,18,44,52,0,0,15,28,36,0,0,37.6361237988687,126.828720995355
경기도교육청,고양교육지원청,솔마루유치원,공립(단설),김민아,김민아,20200302,20200302,경기도 고양시 일산동구 위시티2로11번길 22-30,031-968-5171,031-968-5176,https://solmaru-k.goegy.kr/solmaru-k/main.do,0900시0900분~1900시1900분,3,3,2,0,1,154,42,60,48,0,4,36,44,45,0,2,37.6768274398054,126.813943512368
경기도교육청,고양교육지원청,송포초등학교병설유치원,공립(병설),서재홍,서재홍,19810309,19810309,경기도 고양시 일산서구 송산로 379,031-923-0056,031-923-8609, ,0900시0900분~1900시1900분,0,0,0,1,0,20,0,0,0,20,0,0,0,0,10,0,37.6853465658847,126.720507811885
경기도교육청,고양교육지원청,숲소리유치원,사립(사인),김선자,김서윤,20120119,20120119,경기도 고양시 덕양구 일영로 146-1,02-371-0300,02-371-0337,https://m.site.naver.com/2gmFz,0900시0900분~2000시2000분,3,2,2,0,0,160,54,44,52,0,0,40,32,27,0,0,37.6598301574,126.920263535
경기도교육청,고양교육지원청,신능초등학교병설유치원,공립(병설),박경복,박경복,19980305,19980305,경기도 고양시 덕양구 충장로123번길 37,031-972-5227, ,http://www.shinneung.es.kr,1300시1300분~1900시1900분,0,0,0,1,0,18,0,0,0,18,0,0,0,0,4,0,37.6240681981491,126.830889706484
경기도교육청,고양교육지원청,신원초등학교병설유치원,공립(병설),김선경,김선경,19810301,20130301,경기도 고양시 덕양구 신원3로 21,02-397-1574,02-381-5172, ,0900시0900분~1900시1900분,0,0,1,1,0,58,0,0,24,14,0,0,0,7,7,0,37.6678059851,126.8858834017
경기도교육청,고양교육지원청,씨알유치원,사립(사인),한상경,한상경,20160706,20160901,경기도 고양시 덕양구 고양대로1670번길 77-22,031-967-7725,031-967-7715,http://www.CR-kinder.or.kr,0900시0900분~1900시1900분,2,2,3,0,0,170,36,44,78,0,0,36,44,63,0,0,37.6456135083262,126.867848704159
경기도교육청,고양교육지원청,아리솔유치원,사립(사인),이현우,김지연,20150301,20150302,경기도 고양시 일산동구 약산길 45,031-977-5111,031-977-5131,http://arisolschool.kr,0800시0800분~1830시1830분,2,2,2,0,0,216,40,40,40,0,0,14,29,24,0,0,37.6824170621752,126.791776272031
경기도교육청,고양교육지원청,아이비유치원,사립(사인),이정수,이재은(직무대리),20101026,20101026,경기도 고양시 덕양구 소원로266번길 2-1,031-979-7333, ,https://cafe.naver.com/ivykidsedu,0730시0730분~1900시1900분,2,3,2,0,0,203,30,60,40,0,0,21,26,29,0,0,37.6143591269321,126.851570755965
경기도교육청,고양교육지원청,아이사랑유치원,사립(사인),윤승훈,장현숙,19970322,19970322,경기도 고양시 덕양구 화신로 319,031-979-2031,031-979-2030, ,0730시0730분~2000시2000분,2,1,2,0,0,146,28,20,48,0,0,12,18,34,0,0,37.6326533737296,126.826295707836
경기도교육청,고양교육지원청,안젤라유치원,사립(법인),최두회,홍혜란,19970616,19970616,경기도 고양시 일산동구 강송로225번길 39,031-906-4004,031-906-5004,https://angela.kidsnote.ac/,0700시0700분~1820시1820분,2,1,2,0,0,108,36,22,48,0,0,27,21,32,0,0,37.6574373952865,126.779211198225
경기도교육청,고양교육지원청,양일초등학교병설유치원,공립(병설),노재서,노재서,20100901,20100901,경기도 고양시 일산동구 위시티로 151,031-962-1493,031-967-1596,https://yangil-e.goegy.kr/yangil-e/main.do,0900시0900분~1900시1900분,0,0,1,1,1,42,0,0,24,14,4,0,0,10,6,1,37.6858195354,126.8129517277
경기도교육청,고양교육지원청,엄지유치원,사립(사인),전인영,전인영,20130306,20130306,경기도 고양시 덕양구 용현로35번길 8-16,031-970-7416,031-970-7418, ,0730시0730분~1930시1930분,0,1,1,4,0,135,0,22,26,82,0,0,22,26,82,0,37.6166872853731,126.835532877346
경기도교육청,고양교육지원청,엔젤숲유치원,사립(사인),임현덕,정은우,20130501,20130501,경기도 고양시 덕양구 일영로 116-7,02-371-0098,02-371-0097,https://angelsoop.kidsnote.ac/home/main,0900시0900분~1900시1900분,2,3,2,0,0,189,36,66,52,0,0,36,47,49,0,0,37.6566731805,126.9212595565
경기도교육청,고양교육지원청,연세유치원,사립(사인),이정덕금지윤,금지윤,19950807,19950807,경기도 고양시 일산서구 탄현로 64,031-915-8621,031-915-8622,http:///www.yonseikids.com,0800시0800분~1930시1930분,2,2,2,0,0,162,36,44,52,0,0,25,30,42,0,0,37.6974840310287,126.769985938606
경기도교육청,고양교육지원청,예솔유치원,사립(사인),유연지,최양미,19951111,19960301,경기도 고양시 일산동구 호수로430번길 37,031-902-7526,031-902-7528,http://www.yesol7526.kidsnote.ac,0730시0730분~1900시1900분,2,1,2,0,0,127,36,22,44,0,0,35,20,30,0,0,37.6445484717,126.7806924694
경기도교육청,고양교육지원청,예지슬유치원,사립(사인),김동호,박미란,20130710,20130902,경기도 고양시 일산서구 장자길 74-1,031-927-9987,031-927-9986, ,0800시0800분~1830시1830분,6,5,4,0,0,364,108,110,104,0,0,108,110,104,0,0,37.698417418786,126.745302209648
경기도교육청,고양교육지원청,오늘유치원,사립(사인),권미경,김정원,20170413,20170413,경기도 고양시 일산서구 성저로 62,031-915-7942,031-915-7946,https://today.kidsnote.ac,0730시0730분~1930시1930분,6,5,4,0,0,322,108,110,104,0,0,108,110,102,0,0,37.6846655973,126.7540384717
경기도교육청,고양교육지원청,용두초등학교병설유치원,공립(병설),김현숙,김현숙,19810306,19810306,경기도 고양시 덕양구 용두로121번길 20,02-387-1055,02-354-5504,www.yongdoo.es.kr,0900시0900분~1900시1900분,0,0,0,1,0,18,0,0,0,18,0,0,0,0,4,0,37.6217409842,126.8927208451
경기도교육청,고양교육지원청,원당초등학교병설유치원,공립(병설),박희선,박희선,19860302,19860302,경기도 고양시 덕양구 마상로107번길 13,031-969-6667,031-969-6664,https://wd-e.goegy.kr/wd-e/na/ntt/selectNttList.do?mi=2934&bbsId=1101,1300시1300분~1900시1900분,0,0,1,1,0,48,0,0,24,14,0,0,0,6,7,0,37.6623424843,126.8353982335
경기도교육청,고양교육지원청,원중초등학교병설유치원,공립(병설),백준균,백준균,19830310,19830310,경기도 고양시 일산동구 위시티3로 67,031-966-3003, , ,1300시1300분~1900시1900분,0,0,1,0,0,24,0,0,24,0,0,0,0,15,0,0,37.6751311915625,126.81473142598
경기도교육청,고양교육지원청,원흥유치원,공립(단설),홍경진,홍경진,20210301,20210301,경기도 고양시 덕양구 원흥1로 26,031-969-2062,031-969-2068,https://wonheung-k.goegy.kr,0800시0800분~1900시1900분,3,3,3,0,1,178,42,60,72,0,4,41,60,44,0,4,37.6510379921,126.8687603693
경기도교육청,고양교육지원청,유정유치원,사립(사인),김지은,부경선,19960903,19960908,경기도 고양시 덕양구 화중로 222,031-967-8393,031-967-8398,http://www.goyangyujung.co.kr,0730시0730분~1900시1900분,4,3,2,0,0,450,72,66,78,0,0,67,67,78,0,0,37.6475671959882,126.834948965552
경기도교육청,고양교육지원청,유진유치원,사립(사인),김지은,윤혜진,20021125,20030301,경기도 고양시 일산동구 산두로201번길 23,031-924-0006,031-924-3080,http://www.yujinkid.co.kr/ ,0730시0730분~1900시1900분,7,5,4,0,0,461,126,110,104,0,0,121,102,101,0,0,37.6737961783968,126.781388936936
경기도교육청,고양교육지원청,율동초등학교병설유치원,공립(병설),김성미,김성미,19970301,19970301,경기도 고양시 일산동구 산두로 223,031-913-0390,031-913-0385, ,1300시1300분~1700시1700분,0,0,0,1,1,18,0,0,0,14,4,0,0,0,7,2,37.6754435846304,126.778844262943
경기도교육청,고양교육지원청,은선유치원,사립(사인),김지은,이주영,19941123,19950301,경기도 고양시 일산동구 노루목로 100,031-902-3292,031-902-3295,http://www.eunsun.net,0730시0730분~1700시1700분,2,1,2,0,0,210,36,44,52,0,0,20,23,36,0,0,37.6484007173499,126.777297107014
경기도교육청,고양교육지원청,이삭유치원,사립(사인),유금자,유금자,19971013,19971013,경기도 고양시 덕양구 화신로 105,031-973-9433,031-973-9434, ,0750시0750분~1930시1930분,2,1,1,0,0,180,30,22,26,0,0,22,21,16,0,0,37.6229081957341,126.837922363771
경기도교육청,고양교육지원청,이튼유치원,사립(사인),권영운,권정희,20020731,20020731,경기도 고양시 일산동구 백석로72번길 31-18,031-908-8771, ,http://www.etonschool.kr/,0800시0800분~1900시1900분,1,2,2,0,0,435,24,40,40,0,0,12,23,28,0,0,37.6465261238119,126.787996096704
경기도교육청,고양교육지원청,이튼키즈유치원,사립(사인),송윤이,송윤이,20161128,20170301,경기도 고양시 덕양구 용현로 10,031-974-1707,031-971-1077, ,0800시0800분~1800시1800분,1,1,2,0,0,76,18,22,36,0,0,18,21,33,0,0,37.6139626185,126.8364361669
경기도교육청,고양교육지원청,인혜유치원,사립(사인),임혜진,임혜진,19960301,19960301,경기도 고양시 일산서구 강선로 192,031-917-6701,031-919-3475,http://inhea.co.kr/,0730시0730분~1900시1900분,2,2,2,0,0,218,28,40,48,0,0,18,30,25,0,0,37.679652614894,126.772072943266
경기도교육청,고양교육지원청,일산은행초등학교병설유치원,공립(병설),한혜선,한혜선,20030301,20030301,경기도 고양시 일산동구 은행마을로 70,031-969-6737, ,https://eunhaeng-e.goegy.kr/eunhaeng-e/na/ntt/selectNttList.do?mi=21815&bbsId=12460,0900시0900분~1900시1900분,0,0,0,1,0,20,0,0,0,20,0,0,0,0,7,0,37.6693307402011,126.806484667377
경기도교육청,고양교육지원청,자연유치원,사립(사인),김상오,최은주,19950417,19950417,경기도 고양시 일산서구 현중로 61,031-913-0141,031-913-0142, ,0800시0800분~1900시1900분,2,1,1,1,0,106,28,22,24,16,0,25,18,21,14,0,37.6958861200231,126.766955230557
경기도교육청,고양교육지원청,장촌초등학교병설유치원,공립(병설),김영모,김영모,20130913,20130913,경기도 고양시 일산서구 호수로856번길 43,031-914-0462,031-914-0475,http://www.jangchon.es.kr/,0900시0900분~1900시1900분,0,0,1,1,0,38,0,0,24,14,0,0,0,4,4,0,37.6728271077,126.7489604641
경기도교육청,고양교육지원청,저동초등학교병설유치원,공립(병설),김명희,김명희,20130311,20130311,경기도 고양시 일산동구 대산로11번길 37,031-916-0389,031-914-0387,https://jeodong-e.goegy.kr/jeodong-e/main.do,1300시1300분~1900시1900분,1,1,1,0,0,58,14,20,24,0,0,4,6,10,0,0,37.6681209955416,126.774248558855
경기도교육청,고양교육지원청,제니스유치원,사립(사인),안종태,한아름,20121214,20130301,경기도 고양시 일산서구 일현로 89,031-917-6199, , ,0800시0800분~1900시1900분,1,2,2,0,0,162,32,48,52,0,0,10,24,34,0,0,37.6949401869713,126.764422394597
경기도교육청,고양교육지원청,좋은나무유치원,사립(사인),백영숙,김강희,20021204,20021204,경기도 고양시 덕양구 원당로393번길 21-2,031-969-5123,031-969-5134, ,0730시0730분~2200시2200분,1,1,1,0,0,67,18,22,26,0,0,15,14,23,0,0,37.6830172340732,126.848022033819
경기도교육청,고양교육지원청,주엽초등학교병설유치원,공립(병설),박성춘,박성춘,19970301,19970301,경기도 고양시 일산서구 강선로 29,031-912-0026,031-912-0035,https://jy-e.goegy.kr/,1300시1300분~1900시1900분,0,0,1,1,0,34,0,0,20,14,0,0,0,10,11,0,37.6673911758353,126.761511067097
경기도교육청,고양교육지원청,중산초등학교병설유치원,공립(병설),이길우,이길우,20130301,20130301,경기도 고양시 일산동구 탄중로 373,031-977-4198,031-977-4197, ,0820시0820분~1900시1900분,1,1,1,0,1,58,12,19,23,0,4,3,5,9,0,4,37.6904450512,126.7835577507
경기도교육청,고양교육지원청,지축유치원,공립(단설),정유화,정유화,20200901,20200904,경기도 고양시 덕양구 오부자로 50,02-381-6803,02-381-6804,https://jichuk-k.goegy.kr,0800시0800분~1900시1900분,4,5,5,0,1,276,55,99,118,0,4,51,83,105,0,4,37.6529108584,126.9159515541
경기도교육청,고양교육지원청,지효초등학교병설유치원,공립(병설),김성례,김성례,20240302,20240302,경기도 고양시 덕양구 오부자로 115,02-6958-9309,02-6958-9303,https://jihyo-e.goegy.kr/jihyo-e/main.do,0800시0800분~1900시1900분,2,2,2,0,0,116,28,40,48,0,0,26,38,46,0,0,37.6504023837,126.9223209986
경기도교육청,고양교육지원청,창릉초등학교병설유치원,공립(병설),위미애,위미애,20190301,20190301,경기도 고양시 덕양구 덕수천2로 118,02-381-7067,02-381-8972,http://chang-reung.es.kr,0900시0900분~1900시1900분,1,1,1,0,1,58,14,18,22,0,4,14,18,14,0,2,37.6483155848,126.8932354453
경기도교육청,고양교육지원청,창의유치원,사립(사인),우명혜 권화순,우명혜,20151228,20160301,경기도 고양시 일산동구 고양대로1080번길 38,031-965-8594,031-966-8595, ,0900시0900분~1800시1800분,1,2,2,0,0,96,16,20,40,0,0,13,10,30,0,0,37.6677596939,126.808627446
경기도교육청,고양교육지원청,초롱유치원,사립(사인),이진욱,김은숙,20030902,20030902,경기도 고양시 일산서구 송포로 292-24,031-923-6663, ,https://blog.naver.com/chorong9236663,0800시0800분~1900시1900분,3,3,3,0,0,296,54,66,78,0,0,54,61,53,0,0,37.6894208095981,126.726987460642
경기도교육청,고양교육지원청,코끼리유치원,사립(사인),서지연,김시연,19970509,19970509,경기도 고양시 덕양구 행신로325번길 20,031-978-0997-8,031-938-0399,http://kokiri97.com,0900시0900분~1730시1730분,2,2,2,0,0,180,36,44,52,0,0,36,44,50,0,0,37.6241773046822,126.845359122392
경기도교육청,고양교육지원청,큰솔숲유치원,사립(사인),김미옥,김미옥,20040223,20040223,경기도 고양시 일산동구 산황로 178-74,031-965-1870,031-965-0141, ,0800시0800분~1900시1900분,2,2,1,0,0,90,30,30,30,0,0,28,25,22,0,0,37.651666802119,126.806831035183
경기도교육청,고양교육지원청,토당초등학교병설유치원,공립(병설),이덕원,이덕원,20060301,20060301,경기도 고양시 덕양구 행신로 90,031-972-9592,031-972-9679, ,0900시0900분~1700시1700분,0,0,0,1,2,18,0,0,0,18,8,0,0,0,1,6,37.6171937233207,126.826293587799
경기도교육청,고양교육지원청,파랑새유치원,사립(사인),주오식,이지영,19950125,19950125,경기도 고양시 일산서구 후곡로 10,031-913-6683,031-913-6684,https://parangse.kidsnote.ac/home/main,0800시0800분~1900시1900분,2,2,2,0,0,150,36,44,52,0,0,26,37,47,0,0,37.677611872197,126.765217226502
경기도교육청,고양교육지원청,풍동숲속유치원,공립(단설),김은경,김은경,20150301,20150301,경기도 고양시 일산동구 숲속마을2로 119,031-932-9014,031-932-9061,https://pdwoods-k.goegy.kr/pdwoods-k/main.do,0800시0800분~1900시1900분,2,2,2,0,1,116,27,39,46,0,4,27,27,29,0,4,37.6731554443,126.8001924619
경기도교육청,고양교육지원청,풍동초등학교병설유치원,공립(병설),이선영,이선영,20070301,20070301,경기도 고양시 일산동구 숲속마을로 14-43,031-908-8745,031-932-8738,https://poongdong-e.goegy.kr/poongdong-e/main.do,0900시0900분~1900시1900분,0,0,0,1,0,20,0,0,0,20,0,0,0,0,4,0,37.6691624135,126.8027004007
경기도교육청,고양교육지원청,풍산초등학교병설유치원,공립(병설),한광일,한광일(직무대리),20020214,20020214,경기도 고양시 일산동구 숲속마을로 51,031-908-8477, , ,0830시0830분~1900시1900분,1,1,1,0,2,58,14,20,24,0,8,14,10,14,0,2,37.6668708050773,126.796705378875
경기도교육청,고양교육지원청,하늘숲유치원,사립(사인),이기영,이상아,20070301,20070301,경기도 고양시 일산동구 숲속마을1로 29-12,031-932-5950,031-932-9123,http://www.skysky.co.kr,0730시0730분~1830시1830분,3,3,2,0,0,208,54,66,52,0,0,40,45,45,0,0,37.6640733560655,126.798262421609
경기도교육청,고양교육지원청,하늘초등학교병설유치원,공립(병설),김경순,김경순,20091029,20091029,경기도 고양시 일산동구 하늘마을1로 46,031-975-6363, ,http://haneul.es.kr,0830시0830분~1900시1900분,0,1,1,0,0,44,0,20,24,0,0,0,7,10,0,0,37.6773590296,126.7898583164
경기도교육청,고양교육지원청,한나래유치원,사립(법인),김상현,송희숙,20140304,20140304,경기도 고양시 일산서구 하이파크로 161,031-929-9561,031-929-9508, ,0900시0900분~1900시1900분,3,3,3,0,0,192,48,66,78,0,0,44,42,55,0,0,37.7039287641981,126.75747885608
경기도교육청,고양교육지원청,한내유치원,공립(단설),윤인자,윤인자,20050301,20050301,경기도 고양시 일산서구 고양대로255번길 27,031-924-2712,031-924-2714,https://hnkids-k.goegy.kr,0800시0800분~1900시1900분,2,2,1,0,1,96,28,40,24,0,4,17,21,21,0,3,37.6686099688,126.7360710868
경기도교육청,고양교육지원청,한류유치원,공립(단설),민성연,민성연,20190901,20190901,경기도 고양시 일산동구 한류월드로 262-1,031-924-8671,031-924-8679,http://hanryu-k.goegy.kr,0740시0740분~1900시1900분,5,5,4,0,0,274,70,100,104,0,0,70,93,82,0,0,37.6616225676,126.7577004098
경기도교육청,고양교육지원청,한뫼초등학교병설유치원,공립(병설),허명례,허명례,20050301,20050301,경기도 고양시 일산서구 고양대로 629,031-976-7502,031-976-7503,www.hanmoe.es.kr,0900시0900분~1900시1900분,0,0,1,1,0,38,0,0,24,14,0,0,0,11,5,0,37.686577541,126.7667037793
경기도교육청,고양교육지원청,한미유치원,사립(사인),최승준,박소미,19841220,19841220,경기도 고양시 일산서구 고양대로 686-8,031-975-6567,031-975-2111,http://hanmiu.cc,0800시0800분~1900시1900분,3,2,3,0,0,280,54,44,78,0,0,45,36,56,0,0,37.6835357057948,126.771813845474
경기도교육청,고양교육지원청,한산초등학교병설유치원,공립(병설),박순철,박순철,20110301,20110301,경기도 고양시 일산서구 하이파크1로 56,031-916-8455,031-916-8456, ,0900시0900분~1900시1900분,1,1,1,0,0,58,14,20,24,0,0,8,14,11,0,0,37.6959462095238,126.753261651781
경기도교육청,고양교육지원청,한솔유치원,사립(사인),한경순,한경순,19930730,19930730,경기도 고양시 일산동구 백석로 119,031-903-5335,031-903-5336,http://www.hansol5335.co.kr,0730시0730분~2000시2000분,1,2,1,0,0,120,36,40,44,0,0,8,24,18,0,0,37.6509508598745,126.79131002569
경기도교육청,고양교육지원청,한울유치원,사립(사인),한이경,한이경,20070329,20070329,경기도 고양시 덕양구 통일로770번길 58,031-964-6705,031-969-2089, ,0730시0730분~1930시1930분,0,1,1,1,0,65,0,14,22,13,0,0,7,13,13,0,37.6903007415929,126.865354297359
경기도교육청,고양교육지원청,해나라유치원,사립(사인),조명옥,이지은,19950125,19950302,경기도 고양시 일산서구 일산로 487,031-911-6168,031-911-6169,http://henara.moapp.kr,0800시0800분~1900시1900분,0,0,1,1,0,106,0,0,76,30,0,0,0,13,7,0,37.6741546174318,126.772082774674
경기도교육청,고양교육지원청,해달별유치원,사립(사인),선봉주,선봉주,20020610,20020610,경기도 고양시 덕양구 강매로 229,031-978-6669,031-978-6668, ,0900시0900분~1800시1800분,1,1,1,0,0,116,15,15,15,0,0,6,9,6,0,0,37.6078495007096,126.843548579679
경기도교육청,고양교육지원청,햇님유치원,사립(사인),이양순,신은주,19941227,19941227,경기도 고양시 일산동구 백석로 151,031-902-9795,031-905-0736,https://www.haetnimkg.co.kr/,0730시0730분~1930시1930분,1,1,1,0,0,66,18,22,26,0,0,17,11,21,0,0,37.6507428182535,126.792989744703
경기도교육청,고양교육지원청,햇빛유치원,사립(사인),구자서,이귀순,20000115,20000115,경기도 고양시 일산동구 일산로 205,031-905-0363,031-905-8034,http://hatbit.kg.kr,0900시0900분~1700시1700분,2,2,2,0,0,130,32,44,48,0,0,31,40,35,0,0,37.6539535754154,126.787337038086
경기도교육청,고양교육지원청,행신초등학교병설유치원,공립(병설),김미정,김미정,19910311,19910311,경기도 고양시 덕양구 중앙로 527,031-978-8651,031-978-8365,http://www.haengsin.es.kr,0900시0900분~1700시1700분,1,0,0,1,0,38,14,0,0,20,0,11,0,0,6,0,37.6219472444,126.8364549264
경기도교육청,고양교육지원청,행주초등학교병설유치원,공립(병설),조현,조현,19850225,19850225,경기도 고양시 덕양구 행주로17번길 70,031-938-2308,031-624-4606,https://haengju-e.goegy.kr,1300시1300분~1900시1900분,0,0,0,1,0,18,0,0,0,18,0,0,0,0,3,0,37.6030104606281,126.825526538916
경기도교육청,고양교육지원청,향동숲내초등학교병설유치원,공립(병설),노흥래,노흥래,20190114,20190305,경기도 고양시 덕양구 향기로 53,02-3159-9082, ,https://hdsupnae-e.goegy.kr/,1300시1300분~1900시1900분,1,1,1,0,1,58,14,20,24,0,4,9,11,13,0,4,37.5947810843,126.8956445732
경기도교육청,고양교육지원청,향동유치원,공립(단설),박소영,박소영,20190901,20190901,경기도 고양시 덕양구 향동1로 37-1,02-3159-3101,02-3159-3110,https://hyangdong-k.goegy.kr,0800시0800분~1900시1900분,2,3,4,0,0,184,28,60,96,0,0,27,48,77,0,0,37.6037689857,126.8952152721
경기도교육청,고양교육지원청,현산초등학교병설유치원,공립(병설),강현석,강현석,20010301,20010301,경기도 고양시 일산서구 산현로 87,031-917-1448, , ,0900시0900분~1900시1900분,1,1,1,0,0,58,14,20,24,0,0,8,6,12,0,0,37.6926913630094,126.771093449169
경기도교육청,고양교육지원청,호곡초등학교병설유치원,공립(병설),이경안,이경안,20000209,20000301,경기도 고양시 일산서구 탄현로 109,031-918-7082,031-918-7087,hogok.es.kr,0900시0900분~1900시1900분,1,0,0,1,1,38,14,0,0,20,4,5,0,0,7,4,37.7011145739,126.7667959795
경기도교육청,고양교육지원청,호수유치원,사립(사인),정용채,강희정,19951201,19951201,경기도 고양시 덕양구 소원로 47,031-970-2560,031-973-3273, ,0740시0740분~1900시1900분,1,1,1,0,0,114,18,23,25,0,0,14,14,14,0,0,37.6137812892575,126.829778026155
경기도교육청,고양교육지원청,황룡초등학교병설유치원,공립(병설),김봉선,김봉선,20150301,20150301,경기도 고양시 일산서구 탄현로 75,031-915-0266,031-917-4075, ,0900시0900분~1900시1900분,1,1,1,0,0,58,14,20,24,0,0,10,8,8,0,0,37.6983597282267,126.768034012687
경기도교육청,고양교육지원청,흥도유치원,공립(단설),장진,장진,20150301,20150301,경기도 고양시 덕양구 도래울1로 83,031-968-6873,031-968-6991,https://heungdo-k.goegy.kr/,0800시0800분~1900시1900분,1,2,1,0,2,86,14,40,24,0,8,7,20,23,0,8,37.6282608919,126.8718233936
경기도교육청,광명교육지원청,가림초등학교병설유치원,공립(병설),김형운,김형운,19910302,19910302,경기도 광명시 금당로 11-7,02-808-4091,02-803-3346,https://karim-e.goegm.kr,0900시0900분~1900시1900분,1,1,1,0,0,28,14,4,10,0,0,14,4,10,0,0,37.4584641178986,126.878410321901
경기도교육청,광명교육지원청,경기유치원,사립(사인),이희원,이희진,19761129,19770307,경기도 광명시 광명로 877,02-2612-7033,02-2612-7035, ,0800시0800분~1900시1900분,3,1,1,0,0,275,54,22,26,0,0,24,13,9,0,0,37.477912238132,126.853134788835
경기도교육청,광명교육지원청,광명광덕초등학교병설유치원,공립(병설),이은경,이은경,19820410,19820410,경기도 광명시 오리로841번길 9,02-2611-2816,02-2611-4140,http://www.gmgd.es.kr,0740시0740분~1900시1900분,1,0,0,1,0,58,14,0,0,20,0,13,0,0,13,0,37.4733149965,126.865541787
경기도교육청,광명교육지원청,광명광성초등학교병설유치원,공립(병설),윤석형,윤석형,19880307,19880307,경기도 광명시 철산로 59,02-2078-0970,02-2688-7195, ,0900시0900분~1900시1900분,1,1,1,0,0,58,14,20,24,0,0,14,17,22,0,0,37.4788607001916,126.87307686694
경기도교육청,광명교육지원청,광명남초등학교병설유치원,공립(병설),한번수,한번수,19810301,19810301,경기도 광명시 광명로 866-9,02-2612-0381,02-2619-6740,https://gmnam-e.goegm.kr/gmnam-e/main.do,0730시0730분~1900시1900분,1,0,0,1,0,34,14,0,0,20,0,11,0,0,11,0,37.4751283573,126.8537029995
경기도교육청,광명교육지원청,광명동초등학교병설유치원,공립(병설),정승희,정승희,19850301,19850301,경기도 광명시 연서일로 25,02-2612-8090,02-2618-3052,kmd.es.kr,1300시1300분~1900시1900분,1,0,0,1,1,40,14,0,0,22,4,3,0,0,6,2,37.4828579135,126.8629112112
경기도교육청,광명교육지원청,광명북초등학교병설유치원,공립(병설),장일영,장일영,19860310,19860310,경기도 광명시 시청로138번길 8,02-2616-1018, , ,0900시0900분~1900시1900분,0,0,1,1,0,38,0,0,24,14,0,0,0,24,14,0,37.4870061888,126.8679908614
경기도교육청,광명교육지원청,광명서초등학교병설유치원,공립(병설),김은주,김은주,19850901,19850901,경기도 광명시 너부대로 5,02-2687-7736,02-2684-5874,www.gmseo.es.kr,0900시0900분~1900시1900분,1,1,1,0,0,58,14,20,24,0,0,8,11,16,0,0,37.4784716564,126.8470132652
경기도교육청,광명교육지원청,광명초등학교병설유치원,공립(병설),하일권,하일권,19820323,19820323,경기도 광명시 광이로 21,02-2610-3990, , ,0900시0900분~1900시1900분,0,0,0,1,0,20,0,0,0,20,0,0,0,0,11,0,37.4808532541791,126.857410219945
경기도교육청,광명교육지원청,광문초등학교병설유치원,공립(병설),김재환,김재환,19920301,19920301,경기도 광명시 덕단이로 29,02-2615-5480, ,https://kmoon-e.goegm.kr/kmoon-e/na/ntt/selectNttList.do?mi=5496&bbsId=4030,0900시0900분~1900시1900분,0,1,1,0,0,44,0,20,24,0,0,0,11,11,0,0,37.4668869223,126.8516671056
경기도교육청,광명교육지원청,광은유치원,사립(사인),김한배,이순옥,19820408,19820408,경기도 광명시 범안로 1075,02-892-7697,02-892-7696, ,0800시0800분~1900시1900분,2,1,1,0,0,128,36,44,48,0,0,20,21,18,0,0,37.4638523206656,126.881479563108
경기도교육청,광명교육지원청,광일초등학교병설유치원,공립(병설),박향숙,박향숙,19850901,19850901,경기도 광명시 목감로 34-6,02-2615-9659,02-2615-0874,https://kwangil-e.goegm.kr/kwangil-e/main.do,0900시0900분~1900시1900분,1,1,1,0,0,58,14,20,24,0,0,10,14,19,0,0,37.4716236488501,126.846938606289
경기도교육청,광명교육지원청,구름산유치원,공립(단설),노수자,노수자,20180302,20180302,경기도 광명시 한내로13번길 31,02-819-9000,02-897-4900,https://gureumsan-k.goegm.kr/gureumsan-k/main.do,0800시0800분~1900시1900분,5,4,3,0,3,234,70,80,72,0,12,66,76,63,0,9,37.4555740929,126.8818234926
경기도교육청,광명교육지원청,녹야유치원,사립(사인),최경숙,윤은경,19750308,19750308,경기도 광명시 광이로 9-2,02-2687-3113, ,https://blog.naver.com/nokyakinder,0900시0900분~1830시1830분,2,2,2,0,0,180,38,52,52,0,0,24,33,36,0,0,37.4795502186493,126.857635481029
경기도교육청,광명교육지원청,도덕초등학교병설유치원,공립(병설),이숙영,이숙영,19860305,19860305,경기도 광명시 가마산로 28 (철산동. 도덕초등학교),02-2086-3090, ,https://www.goegm.kr/dodeok-e/main.do,0900시0900분~1900시1900분,1,2,1,0,1,78,14,40,24,0,4,12,39,23,0,4,37.4842837074956,126.870317931973
경기도교육청,광명교육지원청,밝은빛유치원,공립(단설),김수미,김수미,19900301,20110301,경기도 광명시 오리로 402,02-899-6821,02-899-8433,https://balgeunbit-k.goegm.kr/,0800시0800분~1900시1900분,2,2,2,0,0,116,28,40,48,0,0,28,40,29,0,0,37.4436672539,126.8804446265
경기도교육청,광명교육지원청,빛가온유치원,공립(단설),여선화,여선화,20190111,20190307,경기도 광명시 새빛공원로 54,02-899-8228,02-899-0636,https://bitgaon-k.goegm.kr,0800시0800분~1900시1900분,3,2,2,0,1,130,42,39,48,0,1,40,39,43,0,1,37.4175982325,126.889411213
경기도교육청,광명교육지원청,산들유치원,사립(사인),장금자,장금자,20050301,20050301,경기도 광명시 밤일안로42번길 37,02-898-8777,02-898-7743,http://www.san-deul.net,0900시0900분~1800시1800분,1,1,0,1,0,83,18,22,0,22,0,18,22,0,21,0,37.4564325355782,126.860019083859
경기도교육청,광명교육지원청,삼흥유치원,사립(사인),정마암,권예경,19880229,19880229,경기도 광명시 철산로29번길 12,02-2688-7020,02-2688-7078,http://shhappyihome.kidswon.com,0800시0800분~1900시1900분,1,1,1,0,0,90,18,22,26,0,0,18,19,19,0,0,37.4777775640015,126.869068053167
경기도교육청,광명교육지원청,소하초등학교병설유치원,공립(병설),김미숙,김미숙,20040301,20040301,경기도 광명시 소하일로 45,02-808-7254,02-899-2869,http://www.soha.es.kr,0800시0800분~1900시1900분,1,1,1,0,0,58,14,20,24,0,0,12,14,11,0,0,37.4492755573,126.887367644
경기도교육청,광명교육지원청,안서초등학교병설유치원,공립(병설),문주성,문주성,19850901,19850901,경기도 광명시 가학로 247-55,02-2689-0821, ,https://as-e.goegm.kr/as-e/main.do,0900시0900분~1900시1900분,0,0,0,1,0,18,0,0,0,18,0,0,0,0,2,0,37.4027845879222,126.870645122973
경기도교육청,광명교육지원청,안현초등학교병설유치원,공립(병설),이연희,이연희,20100301,20100301,경기도 광명시 도덕공원로 5,02-899-7676,02-899-7672,http://anhyun.es.kr/,0900시0900분~1900시1900분,1,0,0,1,0,34,14,0,0,20,0,14,0,0,20,0,37.4710135267628,126.867502080204
경기도교육청,광명교육지원청,연서초등학교병설유치원,공립(병설),정경진,정경진,19910803,19910803,경기도 광명시 안현로 80-2,02-809-2819,02-896-7530,http://yonseo-e.goegm.kr,0900시0900분~1900시1900분,1,1,1,0,0,58,14,20,24,0,0,14,7,16,0,0,37.4659348708,126.8824200959
경기도교육청,광명교육지원청,예솔유치원,사립(사인),홍인숙,홍인숙,19900302,19900302,경기도 광명시 시청로 100,02-899-4238,02-897-7752, ,0800시0800분~1900시1900분,1,2,2,0,0,112,18,44,50,0,0,18,44,50,0,0,37.4847717963,126.8670863237
경기도교육청,광명교육지원청,예원유치원,사립(사인),곽향숙,곽향숙,19900305,20031125,경기도 광명시 범안로 1023,028910101,02-891-0103,http://www.yewonkids.co.kr,0900시0900분~1900시1900분,1,1,1,0,0,180,18,22,26,0,0,18,11,18,0,0,37.4613555044146,126.876837261672
경기도교육청,광명교육지원청,예지유치원,사립(사인),이철구,정인숙,19900414,19900414,경기도 광명시 시청로 139,02-2617-4412,02-2617-4413, ,0800시0800분~1900시1900분,2,2,2,0,0,160,36,44,52,0,0,36,44,51,0,0,37.4904149545924,126.86813034844
경기도교육청,광명교육지원청,온신초등학교병설유치원,공립(병설),박원춘,박원춘,19850901,19850901,경기도 광명시 범안로 657,02-2616-5637,02-2616-4396,www.onshin.es.kr,0900시0900분~1900시1900분,0,0,0,1,0,18,0,0,0,18,0,0,0,0,7,0,37.4429210043,126.8464844396
경기도교육청,광명교육지원청,은총유치원,사립(사인),손현주,김영란,20130322,20130415,경기도 광명시 가림일로 80,02-2689-7020,02-2689-7021,http://www.eunchong.kr,0740시0740분~1900시1900분,2,2,2,0,0,118,30,40,40,0,0,28,34,34,0,0,37.4691284757292,126.865929889573
경기도교육청,광명교육지원청,주원유치원,사립(사인),김현숙,김현숙,20181205,20190301,경기도 광명시 목감로 96,02-2613-6363,02-6745-2355,https://blog.naver.com/0506juwon,0900시0900분~1800시1800분,2,1,1,0,0,90,36,34,22,0,0,10,16,8,0,0,37.47646399306527,126.84791508685997
경기도교육청,광명교육지원청,철산초등학교병설유치원,공립(병설),이태우,이태우,19850902,19850902,경기도 광명시 하안로 392,02-2104-6270,02-2617-0528,https://www.goegm.kr/cheolsan-e/main.do,0900시0900분~1900시1900분,1,1,1,0,0,58,14,20,24,0,0,14,20,24,0,0,37.4697947833495,126.874593778693
경기도교육청,광명교육지원청,충현초등학교병설유치원,공립(병설),김형식,김형식,20110301,20110301,경기도 광명시 성채안로 16,070-8854-2890, ,https://chunghyun-e.goegm.kr/chunghyun-e/cm/cntnts/cntntsView.do?mi=4069&cntntsId=2481,0800시0800분~1900시1900분,0,0,1,1,0,38,0,0,24,14,0,0,0,5,5,0,37.4331374868,126.8864825875
경기도교육청,광명교육지원청,트인아이유치원,사립(사인),박미화,서영주,20120224,20120301,경기도 광명시 기아로62번길 16,02-899-9811,02-899-9817, ,0800시0800분~1830시1830분,1,2,1,0,0,218,15,44,25,0,0,6,25,16,0,0,37.4351073423621,126.886207996207
경기도교육청,광명교육지원청,파랑새유치원,사립(사인),손옥순,현윤희,19910304,19910304,경기도 광명시 하안로288번길 12-1,028926363, , ,0800시0800분~1900시1900분,1,1,2,0,0,120,18,22,52,0,0,12,16,21,0,0,37.4622509149105,126.882227750549
경기도교육청,광명교육지원청,하안남초등학교병설유치원,공립(병설),박찬미,박찬미,19910301,19910301,경기도 광명시 금당로 71,02-894-4519, , ,0900시0900분~1900시1900분,0,0,1,1,0,58,0,0,24,14,0,0,0,11,8,0,37.4621720394327,126.885251150808
경기도교육청,광명교육지원청,하안북초등학교병설유치원,공립(병설),김현국,김현국,19900301,19900301,경기도 광명시 가림로 18,02-899-6034,02-898-5133,https://haanbuk-e.goegm.k,0900시0900분~1900시1900분,1,1,1,0,1,62,14,20,24,0,4,14,10,9,0,1,37.4647091492,126.8691348076
경기도교육청,광명교육지원청,하안초등학교병설유치원,공립(병설),정미숙,정미숙,19900301,19900301,경기도 광명시 안현로 16,02-2054-3190,02-892-6799,https://haan-e.goegm.kr/haan-e/main.do,0800시0800분~1900시1900분,1,1,2,0,1,84,14,20,46,0,4,13,9,43,0,2,37.4630620488,126.8739898302
경기도교육청,광명교육지원청,해누리유치원,공립(단설),심현미,심현미,20140301,20140301,경기도 광명시 소하일로 10,02-3289-2200,02-898-5586,https://haenuri-k.goegm.kr/haenuri-k/main.do,0800시0800분~1900시1900분,3,3,3,0,3,186,42,60,72,0,12,40,53,53,0,12,37.4459644602,126.8886834347
경기도교육청,광주하남교육지원청,감일유치원,공립(단설),신금자,신금자,20210301,20210301,경기도 하남시 감일순환로 185,02-489-6660,02-489-5380,https://gamil-k.goegh.kr/gamil-k/main.do,0800시0800분~1900시1900분,4,4,4,0,2,232,53,79,92,0,8,56,79,85,0,7,37.507688024690346,127.15885343538493
경기도교육청,광주하남교육지원청,감일초등학교병설유치원,공립(병설),정미자,정미자,20190901,20190904,경기도 하남시 감일백제로 45,025808681, ,https://gamil-e.goegh.kr/gamil-e/main.do,0800시0800분~1900시1900분,1,2,1,0,1,78,28,40,24,0,4,14,29,22,0,1,37.500175790585786,127.1622477416847
경기도교육청,광주하남교육지원청,고산별빛초등학교병설유치원,공립(병설),김철순,김철순,20240901,20240901,경기도 광주시 고산별빛로 6,031-8027-9870,031-8027-9899,https://gsstar-e.goegh.kr,0900시0900분~1900시1900분,1,1,1,0,0,58,14,20,24,0,0,14,20,23,0,0,37.3719501035,127.2229931043
경기도교육청,광주하남교육지원청,고산유치원,공립(단설),김영희,김영희,20220830,20220901,경기도 광주시 태성3로 14,031-761-5300,031-761-5301,https://gosan-k.goegh.kr,0800시0800분~1900시1900분,2,3,3,0,1,160,28,58,70,0,4,28,43,53,0,2,37.3745502697,127.2285666969
경기도교육청,광주하남교육지원청,고산하늘초등학교병설유치원,공립(병설),윤남호,윤남호,20220901,20220901,경기도 광주시 태성3로 26,031-8027-9514,031-8027-9513,https://gssky-e.goegh.kr/gssky-e/main.do,0900시0900분~1900시1900분,1,1,1,0,0,58,14,20,24,0,0,14,16,24,0,0,37.3742690332,127.2292789222
경기도교육청,광주하남교육지원청,곤지암초등학교병설유치원,공립(병설),반영화,반영화,19780823,19780823,경기도 광주시 곤지암로 70-13,031-769-2512,031-764-0786,https://gonjiam.es.kr,0900시0900분~1900시1900분,0,0,1,1,2,48,0,0,24,16,8,0,0,12,8,5,37.3496680851,127.3381345273
경기도교육청,광주하남교육지원청,광남초등학교병설유치원,공립(병설),백승이,백승이,19810301,19810301,경기도 광주시 고불로46번길 15,031-767-8372,031-767-8604, ,1300시1300분~1700시1700분,0,0,0,1,0,18,0,0,0,18,0,0,0,0,4,0,37.3942334940358,127.230034957056
경기도교육청,광주하남교육지원청,광주광명초등학교병설유치원,공립(병설),이화숙,이화숙,19850121,19850121,경기도 광주시 문형산길 7,031-718-0397,031-718-5428,http://kjkm.es.kr,0900시0900분~1900시1900분,0,0,0,1,0,20,0,0,0,18,0,0,0,0,7,0,37.359607068,127.1607993587
경기도교육청,광주하남교육지원청,광주도평초등학교병설유치원,공립(병설),김용우,김용우,20040212,20040415,경기도 광주시 초월읍 현산로 89-16,031-765-1694,031-765-1790,https://gjdp-e.goegh.kr,1300시1300분~1830시1830분,0,0,0,1,0,18,0,0,0,18,0,0,0,0,5,0,37.3964245797,127.2893903099
경기도교육청,광주하남교육지원청,광주송정초등학교병설유치원,공립(병설),김나경,김나경,20210301,20210301,경기도 광주시 송정4길 21,031-776-8670,031-776-8699,https://www.goegh.kr/gjsongjeong-e/main.do,1300시1300분~1900시1900분,0,0,1,1,1,48,0,0,24,20,4,0,0,15,13,4,37.4228249063,127.255299332
경기도교육청,광주하남교육지원청,광주유치원,공립(단설),김영순,김영순,20200302,20200406,경기도 광주시 담안길 84-8,031-798-0560,031-798-9080,https://gwangju-k.goegh.kr,0800시0800분~1900시1900분,4,3,2,0,2,164,53,58,45,0,8,51,44,43,0,5,37.3841417789,127.2374221583
경기도교육청,광주하남교육지원청,광주초등학교병설유치원,공립(병설),가정애,가정애,19810301,19810301,경기도 광주시 중앙로123번길 22,031-799-1998,031-799-1916, ,1300시1300분~1900시1900분,0,0,0,1,0,18,0,0,0,18,0,0,0,0,14,0,37.4103803875,127.2546646245
경기도교육청,광주하남교육지원청,광주푸른초등학교병설유치원,공립(병설),이명재,이명재,20200401,20200401,경기도 광주시 경충대로1461번길 31,031-767-5815,070-4338-9398,http://www.gjpureun.es.kr,0900시0900분~1900시1900분,1,1,1,0,0,58,14,20,24,0,0,8,7,17,0,0,37.3992457707,127.2711875906
경기도교육청,광주하남교육지원청,광지원초등학교병설유치원,공립(병설),김희란,김희란,19820113,19820310,경기도 광주시 중부면 회안대로 1386,031-761-5427,031-763-8890,http://www.kwangjiwon.es.kr,1300시1300분~1900시1900분,0,0,0,1,0,18,0,0,0,18,0,0,0,0,5,0,37.4643549097,127.2509029148
경기도교육청,광주하남교육지원청,구산유치원,공립(단설),김성근,김성근,20150309,20150309,경기도 하남시 미사강변대로226번길 33,031-796-7390,031-796-7396,https://gs-k.goegh.kr,0830시0830분~1900시1900분,3,3,3,0,1,178,42,60,72,0,4,41,57,63,0,3,37.5701587795031,127.185989021913
경기도교육청,광주하남교육지원청,금강유치원,사립(사인),이금자,이금자,20041220,20041220,경기도 하남시 대청로59번길 33,031-796-6900, , ,0900시0900분~1800시1800분,5,5,4,0,0,340,90,110,104,0,0,90,110,104,0,0,37.5421132198931,127.218934806753
경기도교육청,광주하남교육지원청,나룰초등학교병설유치원,공립(병설),이강은,이강은,20100301,20100301,경기도 하남시 덕풍북로 260,031-796-7343, ,https://narul-e.goegh.kr/narul-e/main.do,0900시0900분~1900시1900분,0,0,1,1,0,38,0,0,24,14,0,0,0,7,13,0,37.5485586668,127.2091925044
경기도교육청,광주하남교육지원청,남한산초등학교병설유치원,공립(병설),강은경,강은경,19860310,19860310,경기도 광주시 남한산성로 770,031-746-9399,031-741-5907, ,0900시0900분~1900시1900분,0,0,0,1,0,18,0,0,0,18,0,0,0,0,9,0,37.4790864333,127.1853504333
경기도교육청,광주하남교육지원청,누리유치원,사립(사인),김희정,김희정,19960321,19960321,경기도 광주시 벌원길 82,031-763-9085,031-769-7643, ,0900시0900분~1900시1900분,2,1,0,1,0,84,28,22,0,22,0,24,22,0,22,0,37.4158110453349,127.249864533139
경기도교육청,광주하남교육지원청,능평초등학교병설유치원,공립(병설),박영곤,박영곤,20230308,20230308,경기도 광주시 창뜰아랫길 14-3,031-8026-3692, ,https://neungpyeong-e.goegh.kr/neungpyeong-e/main.do,0900시0900분~1700시1700분,0,0,1,1,1,38,0,0,24,14,4,0,0,7,9,2,37.3489416560285,127.166792205993
경기도교육청,광주하남교육지원청,단가람유치원,공립(단설),왕영옥,왕영옥,20210901,20210901,경기도 하남시 감일순환로 20,02-486-0310, ,https://dangaram-k.goegh.kr,0800시0800분~1900시1900분,3,3,3,0,2,174,41,58,67,0,8,42,58,67,0,8,37.5065125967,127.1631343555
경기도교육청,광주하남교육지원청,단샘초등학교병설유치원,공립(병설),황혜정,황혜정,20210901,20210901,경기도 하남시 감일순환로 195,02-480-3590, ,https://dansaem-e.goegh.kr/dansaem-e/main.do,0900시0900분~1900시1900분,1,1,1,0,0,58,14,20,24,0,0,12,20,14,0,0,37.5071768525879,127.158743549685
경기도교육청,광주하남교육지원청,달봄유치원,공립(단설),이영미,이영미,20170901,20170901,경기도 하남시 미사강변북로30번길 56,031-796-4377,031-796-6442,https://dalbom-k.goegh.kr/,0800시0800분~1900시1900분,2,2,2,0,1,120,28,40,48,0,4,28,40,37,0,1,37.5692348409,127.1825323863
경기도교육청,광주하남교육지원청,덕풍초등학교병설유치원,공립(병설),이태영,이태영,19970901,19970901,경기도 하남시 덕풍공원로 20,031-796-3929,031-794-4026,http://duck-pung.es.kr/smain.html,0900시0900분~1900시1900분,0,0,0,1,0,18,0,0,0,18,0,0,0,0,9,0,37.5413512656,127.1976474722
경기도교육청,광주하남교육지원청,도곡초등학교병설유치원,공립(병설),양동해,양동해,19810305,19810305,경기도 광주시 경충대로 1033-13,031-767-3880, ,https://dogog-e.goegh.kr,0900시0900분~1900시1900분,0,0,1,1,1,42,0,0,24,14,4,0,0,11,13,2,37.3701233955539,127.298865380228
경기도교육청,광주하남교육지원청,도수초등학교병설유치원,공립(병설),김정순,김정순,19810301,19810301,경기도 광주시 도수길 11,031-768-1456,031-768-1458,https://www.goegh.kr/dosu-e/main.do,0900시0900분~1900시1900분,1,0,0,1,0,34,14,0,0,20,0,6,0,0,12,0,37.4721584358,127.3177798265
경기도교육청,광주하남교육지원청,도척초등학교병설유치원,공립(병설),갈향임,갈향임,19810301,19810301,경기도 광주시 노곡로 33,031-762-8755,031-763-8594,https://www.goegh.kr/docheok-e/main.do,0900시0900분~1700시1700분,0,0,0,1,0,20,0,0,0,20,0,0,0,0,2,0,37.3037641789106,127.33194923768
경기도교육청,광주하남교육지원청,동부초등학교병설유치원,공립(병설),임향자,임향자,19860310,19860310,경기도 하남시 역말로 55,031-792-6755,031-792-1589,https://dongbu-e.goegh.kr/,1300시1300분~1900시1900분,0,0,1,1,1,38,0,0,24,14,4,0,0,11,8,4,37.5374253765,127.2024273066
경기도교육청,광주하남교육지원청,만선초등학교병설유치원,공립(병설),최병진,최병진,19820301,19820301,경기도 광주시 상탑길 9,031-764-2024,031-763-8780, ,1300시1300분~1900시1900분,0,0,0,1,0,20,0,0,0,20,0,0,0,0,7,0,37.3664030849021,127.411117468095
경기도교육청,광주하남교육지원청,망월초등학교병설유치원,공립(병설),정성애,정성애,19810301,19810301,경기도 하남시 미사강변북로24번길 10,031-8026-8780,031-796-7629,http://www.mangwol.es.kr,0900시0900분~1900시1900분,1,1,1,0,1,37,10,12,11,0,4,14,20,24,0,4,37.5708474695,127.1806341105
경기도교육청,광주하남교육지원청,미담유치원,공립(단설),심미현,심미현,20170327,20170403,경기도 하남시 미사강변북로85번길 16,031-796-7836,031-796-7839,https://midam-k.goegh.kr,0800시0800분~1900시1900분,3,3,3,0,0,174,42,60,72,0,0,42,60,56,0,0,37.5729741395,127.1881607465
경기도교육청,광주하남교육지원청,미사강변초등학교병설유치원,공립(병설),조온목,조온목,20140901,20140901,경기도 하남시 미사강변북로55번길 70,031-8026-0690, ,https://msgb-e.goegh.kr/,0900시0900분~1900시1900분,1,1,1,0,0,58,14,20,24,0,0,14,16,5,0,0,37.5758256216494,127.186004864664
경기도교육청,광주하남교육지원청,미사랑유치원,공립(단설),김농화,김농화,20170901,20170901,경기도 하남시 미사강변대로54번길 108,031-793-1638,031-793-1641,https://misarang-k.goegh.kr,0820시0820분~1900시1900분,2,2,2,0,2,124,28,40,48,0,8,27,36,39,0,5,37.5576371836,127.1894259679
경기도교육청,광주하남교육지원청,미사중앙초등학교병설유치원,공립(병설),안형태,안형태,20141231,20150301,경기도 하남시 미사강변한강로334번길 46,031-8026-8681,031-793-6034,http://www.misajungang.es.kr,1300시1300분~1900시1900분,1,1,1,0,0,58,14,20,24,0,0,11,14,16,0,0,37.5592246673,127.1988695268
경기도교육청,광주하남교육지원청,미사초등학교병설유치원,공립(병설),윤금현,윤금현,20140701,20140701,경기도 하남시 미사강변한강로 200,031-8026-0070,031-794-2811,https://misa-e.goegh.kr/misa-e/main.do,0900시0900분~1900시1900분,1,1,1,0,0,58,14,15,22,0,0,14,15,22,0,0,37.5717164317,127.1932321755
경기도교육청,광주하남교육지원청,번천초등학교병설유치원,공립(병설),오재선,오재선,19860310,19860310,경기도 광주시 남한산성면 해공로 82,031-762-8578, ,https://beoncheon-e.goegh.kr,1300시1300분~1900시1900분,0,0,0,1,0,18,0,0,0,18,0,0,0,0,6,0,37.4451531392483,127.266950232338
경기도교육청,광주하남교육지원청,벌원초등학교병설유치원,공립(병설),박광실,박광실,20110901,20110901,경기도 광주시 회안대로 621-36,031-798-9163,031-798-9166,http://www.beolwon.es.kr,0900시0900분~1900시1900분,0,0,1,1,0,38,0,0,24,14,0,0,0,2,11,0,37.4093810531,127.2367794827
경기도교육청,광주하남교육지원청,분원초등학교병설유치원,공립(병설),황광일,황광일,19820301,19820301,경기도 광주시 산수로 1642-1,031-768-8005, , ,0900시0900분~1900시1900분,0,0,0,1,0,20,0,0,0,20,0,0,0,0,6,0,37.4962587715,127.3034493744
경기도교육청,광주하남교육지원청,삼리초등학교병설유치원,공립(병설),전종구,전종구,20020301,20030301,경기도 광주시 곤지암읍 평촌길 30-28,031-764-8341,031-764-4098,https://samri-e.goegh.kr,1300시1300분~1900시1900분,0,0,1,1,1,42,0,0,26,16,4,0,0,5,5,1,37.3578212692,127.3243258668
경기도교육청,광주하남교육지원청,새싹유치원,사립(사인),주경진,주경진,19950301,19950301,경기도 하남시 대청로 119-3,031-792-1541,031-792-1524, ,0800시0800분~1800시1800분,1,2,1,0,0,180,16,44,25,0,0,13,28,18,0,0,37.5405300638153,127.224514281473
경기도교육청,광주하남교육지원청,서부초등학교병설유치원,공립(병설),신정숙,신정숙,19830312,19830312,경기도 하남시 서하남로 161,02-485-0095,02-487-9788,https://sb-e.goegh.kr/sb-e/main.do,0900시0900분~1900시1900분,0,0,0,1,0,18,0,0,0,18,0,0,0,0,11,0,37.5158132186,127.1618051278
경기도교육청,광주하남교육지원청,선동초등학교병설유치원,공립(병설),최광호,최광호,19830120,19830301,경기도 광주시 동막골길 5,031-763-7621,031-765-6995,http://sundong-e.goegh.kr,0900시0900분~1700시1700분,0,0,0,1,0,18,0,0,0,18,0,0,0,0,6,0,37.3780734482,127.3182576576
경기도교육청,광주하남교육지원청,성모유치원,사립(법인),이혜란,이혜란,19801124,19801124,경기도 광주시 경안안길 44,031-761-1955,031-761-1958,http://cafe.naver.com/sungmo1980,0830시0830분~1830시1830분,1,0,0,3,0,145,18,0,0,66,0,18,0,0,53,0,37.4119385651139,127.254083910565
경기도교육청,광주하남교육지원청,세화몬테소리유치원,사립(사인),최은경,최은경,20041207,20041207,경기도 광주시 중앙로 352-6,031-763-3479,031-763-4547,http://www.esehwa.com,0800시0800분~1800시1800분,3,3,3,0,0,195,54,66,75,0,0,54,66,70,0,0,37.4303249654008,127.260731409602
경기도교육청,광주하남교육지원청,소화유치원,사립(법인),민영미,민영미,20040309,20040409,경기도 하남시 신평로73번길 38,031-794-7949,031-794-7875,https://cafe.naver.com/sohwakids,0900시0900분~1700시1700분,2,2,2,0,0,132,36,44,52,0,0,36,44,52,0,0,37.5411414418719,127.204849095522
경기도교육청,광주하남교육지원청,신우초등학교병설유치원,공립(병설),유주현,유주현,20210901,20210901,경기도 하남시 감일순환로 145,02-460-8080, ,http://shinwoo-e.goegh.kr,1300시1300분~1900시1900분,2,2,2,0,1,120,28,40,48,0,4,28,40,32,0,1,37.510995208,127.1610793593
경기도교육청,광주하남교육지원청,신장초등학교병설유치원,공립(병설),최진성,최진성,19860301,19860301,경기도 하남시 신평로 100,031-790-9770,031-793-1725, ,0900시0900분~1900시1900분,1,1,1,0,0,58,14,20,24,0,0,6,9,10,0,0,37.5426716795825,127.208004822649
경기도교육청,광주하남교육지원청,신평초등학교병설유치원,공립(병설),이신영,이신영,20050901,20060301,경기도 하남시 신장동로 67,031-792-7316,031-792-3332,https://sp-e.goegh.kr,0800시0800분~1900시1900분,0,0,1,1,0,38,0,0,24,14,0,0,0,12,5,0,37.5437901805932,127.219952098826
경기도교육청,광주하남교육지원청,신현초등학교병설유치원,공립(병설),이현옥,이현옥,20210302,20210302,경기도 광주시 신현로12번길 20-10,031-776-8370,031-718-8370,http://sinhyeon-e.goegh.kr/sinhyeon-e/main.do,0900시0900분~1900시1900분,1,1,1,0,0,58,14,20,24,0,0,5,13,12,0,0,37.3568759776,127.1475619637
경기도교육청,광주하남교육지원청,쌍동초등학교병설유치원,공립(병설),이성근,이성근,20230901,20240301,경기도 광주시 초월읍 경충대로1127번길 56,031-8026-3980, ,https://ssangdong-e.goegh.kr/ssangdong-e/cm/cntnts/cntntsView.do?mi=10129&cntntsId=1774,0900시0900분~1900시1900분,1,1,1,0,0,58,14,20,24,0,0,8,16,19,0,0,37.3774828034,127.289466897
경기도교육청,광주하남교육지원청,쌍령초등학교병설유치원,공립(병설),방미경,방미경 ,20020301,20020301,경기도 광주시 경충대로1422번길 71,031-797-5579,031-797-5539,http://ssangnyeong.es.kr,1300시1300분~1700시1700분,0,0,0,1,1,14,0,0,0,14,4,0,0,0,1,2,37.3989225427,127.2810840739
경기도교육청,광주하남교육지원청,써니힐유치원,사립(법인),방성일,경은희,19700907,19800522,경기도 하남시 덕풍동로 51,031-793-7979,031-795-7644,http://www.sunnyhillkids.co.kr,0800시0800분~1900시1900분,4,4,3,0,0,261,72,88,78,0,0,61,76,78,0,0,37.5470305625497,127.20459827197
경기도교육청,광주하남교육지원청,양벌초등학교병설유치원,공립(병설),최병희,최병희,20040301,20040301,경기도 광주시 양벌로 195-15,031-798-4909,031-798-4830,https://yangbul-e.goegh.kr,0900시0900분~1900시1900분,0,0,1,1,1,58,0,0,14,8,4,0,0,14,8,4,37.3792093112959,127.256197877674
경기도교육청,광주하남교육지원청,양벌한솔유치원,사립(사인),조희수,최유미,20080305,20080305,경기도 광주시 양벌로 145-10,031-763-7005,031-798-8124,http://www.hansol.kg.kr,0900시0900분~1800시1800분,2,3,2,0,0,149,36,65,48,0,0,36,63,47,0,0,37.384021527586,127.255196721091
경기도교육청,광주하남교육지원청,양실유치원,사립(법인),김득환,권은자,20050131,20050131,경기도 광주시 대석동길61번길 47-17,031-762-6200,031-762-6215, ,0800시0800분~1830시1830분,2,2,2,1,0,175,36,44,52,20,0,36,44,52,20,0,37.3523861772058,127.34865431584
경기도교육청,광주하남교육지원청,역동초등학교병설유치원,공립(병설),김미영,김미영,20161101,20161107,경기도 광주시 순암로36번길 45,031-767-4692, ,http://yeokdong.es.kr,0900시0900분~1900시1900분,1,1,1,0,1,62,14,20,24,0,4,14,18,13,0,2,37.3983581726,127.2473131362
경기도교육청,광주하남교육지원청,오포초등학교병설유치원,공립(병설),노상규,노상규,19830301,19830301,경기도 광주시 추자길 28-7,031-8026-8380,031-8026-8398,https://opo-e.goegh.kr/opo-e/main.do,0900시0900분~1900시1900분,0,0,0,1,0,20,0,0,0,20,0,0,0,0,12,0,37.3612870017794,127.215400600029
경기도교육청,광주하남교육지원청,위례송하유치원,공립(단설),박미옥,박미옥,20210901,20210901,경기도 하남시 위례대로6길 51,02-431-8101,02-431-9770,https://wiryesongha-k.goegh.kr/wiryesongha-k/main.do,0800시0800분~1900시1900분,4,4,3,0,1,212,56,80,72,0,4,50,74,70,0,1,37.4847085982,127.1569615595
경기도교육청,광주하남교육지원청,위례숲초등학교병설유치원,공립(병설),조영미,조영미,20180913,20210301,경기도 하남시 위례대로6길 65(학암동),02-405-3672,02-405-3699,https://www.goegh.kr/wiryef-e/cm/cntnts/cntntsView.do?mi=693&cntntsId=217,0800시0800분~1900시1900분,0,0,1,1,0,38,0,0,24,14,0,0,0,10,7,0,37.4851686444,127.1581164853
경기도교육청,광주하남교육지원청,위례유치원,공립(단설),임경희,임경희,20160328,20160328,경기도 하남시 위례순환로 314,02-2251-5300,02-400-5399,https://weerye-k.goegh.kr/,0800시0800분~1900시1900분,3,3,3,0,1,174,42,60,72,0,4,37,57,55,0,2,37.4772498162,127.1519734504
경기도교육청,광주하남교육지원청,위례초등학교병설유치원,공립(병설),엄정화,엄정화,20151109,20151109,경기도 하남시 위례순환로 333,02-2223-5580,02-2223-5585,https://weerye-e.goegh.kr,0830시0830분~1900시1900분,1,1,1,0,0,58,14,20,24,0,0,11,5,10,0,0,37.4771218937111,127.149413851449
경기도교육청,광주하남교육지원청,윤슬초등학교병설유치원,공립(병설),이명진,이명진,20160428,20160502,경기도 하남시 미사강변서로 151,031-8027-3280, ,https://yunseul-e.goegh.kr/yunseul-e/na/ntt/selectNttList.do?mi=1360&bbsId=739,0900시0900분~1900시1900분,1,1,1,0,0,58,14,20,24,0,0,8,12,15,0,0,37.5636775331,127.182514299
경기도교육청,광주하남교육지원청,좋은친구들유치원,사립(사인),이재철 김례사,박화자,20190109,20190301,경기도 광주시 경충대로1461번길 33,031-763-3020,031-763-3021, ,0730시0730분~1900시1900분,3,2,2,0,0,150,54,44,52,0,0,54,44,52,0,0,37.399186973522276,127.27042290390932
경기도교육청,광주하남교육지원청,창우초등학교병설유치원,공립(병설),이희경,이희경,19950306,19950306,경기도 하남시 대청로 99,031-796-0031,031-793-5497,http://www.changwoo.es.kr,0840시0840분~1900시1900분,1,1,1,0,0,58,14,20,24,0,0,9,11,11,0,0,37.5406580849102,127.223754718484
경기도교육청,광주하남교육지원청,초월한솔유치원,사립(사인),조희수,김희란,20110301,20110301,경기도 광주시 현산로 96,031-763-7003,031-766-8844, ,0800시0800분~1830시1830분,3,2,2,0,0,157,51,44,50,0,0,34,42,42,0,0,37.3959107188728,127.29189421118
경기도교육청,광주하남교육지원청,탄벌초등학교병설유치원,공립(병설),전혜경,전혜경,20030301,20030301,경기도 광주시 이배재로 20-12,031-768-0036,031-768-8785, ,0900시0900분~1900시1900분,0,0,1,1,0,38,0,0,24,14,0,0,0,11,14,0,37.420183568,127.2485629822
경기도교육청,광주하남교육지원청,태성초등학교병설유치원,공립(병설),태정원,태정원,20171023,20171023,경기도 광주시 태성로 37,031-5182-6400, ,taesung2017-e.goegh.kr,0900시0900분~1900시1900분,1,1,1,0,1,62,14,20,24,0,4,14,12,20,0,2,37.3849952264,127.2289225813
경기도교육청,광주하남교육지원청,태전초등학교병설유치원,공립(병설),방영근,방영근,20001002,20001002,경기도 광주시 태봉로 56,031-764-4095,031-764-4295,https://taejeon-e.goegh.kr,1300시1300분~1900시1900분,0,0,0,1,0,20,0,0,0,20,0,0,0,0,14,0,37.3891529928,127.2267558728
경기도교육청,광주하남교육지원청,태전한솔유치원,사립(사인),조희수,김정아,20030301,20030301,경기도 광주시 태성로 196,031-797-9001,031-767-9004,http://WWW.hansol.kg.kr,0900시0900분~1800시1800분,3,5,4,0,0,249,49,101,99,0,0,49,101,99,0,0,37.3734243681,127.2244171745
경기도교육청,광주하남교육지원청,하남유치원,사립(사인),백나영,백나영,19970627,19970627,경기도 하남시 신장동로 128,031-793-6700,031-794-6701, ,0800시0800분~1800시1800분,4,3,3,0,0,246,72,66,78,0,0,72,66,70,0,0,37.5433651087816,127.221572807908
경기도교육청,광주하남교육지원청,하남천현초등학교병설유치원,공립(병설),이동진,이동진,19940301,19940301,경기도 하남시 천현로 45,031-790-7071,031-793-9587,https://chhn-e.goegh.kr/chhn-e/main.do,0900시0900분~1900시1900분,0,0,0,1,0,58,0,0,0,18,0,0,0,0,7,0,37.5380864285,127.2161187626
경기도교육청,광주하남교육지원청,하남초등학교병설유치원,공립(병설),김경희 ,김경희 ,19950309,19950309,경기도 하남시 천현로 109,031-793-8035,031-793-8036,https://hanam-e.goegh.kr/hanam-e/cm/cntnts/cntntsView.do?mi=1130&cntntsId=278,0900시0900분~1900시1900분,0,0,1,1,0,38,0,0,24,14,0,0,0,8,10,0,37.5374265957143,127.222166344766
경기도교육청,광주하남교육지원청,하남풍산초등학교병설유치원,공립(병설),손금옥,손금옥,20080303,20080303,경기도 하남시 덕풍북로 100,031-795-4746,031-795-4788, ,0900시0900분~1800시1800분,0,0,0,1,0,18,0,0,0,18,0,0,0,0,7,0,37.5543853901493,127.201391880311
경기도교육청,광주하남교육지원청,하은유치원,사립(사인),염명순,하은,20020528,20020930,경기도 광주시 행정타운로138번길 1-19,031-767-1767,031-769-3691, ,0800시0800분~1830시1830분,0,0,1,4,0,150,0,0,26,80,0,0,0,26,76,0,37.4278081548646,127.242628380167
경기도교육청,광주하남교육지원청,한솔유치원,사립(사인),조희수,이영주,19980113,19980113,경기도 광주시 경안안길40번길 19-13,031-763-7001,031-763-6165, ,0900시0900분~1830시1830분,4,2,3,0,0,217,72,44,78,0,0,72,44,69,0,0,37.4109521806473,127.252654853134
경기도교육청,광주하남교육지원청,한아람초등학교병설유치원,공립(병설),이호순,이호순,20190901,20190909,경기도 광주시 태봉로 152,0312203870, ,https://hanaram-e.goegh.kr/hanaram-e/na/ntt/selectNttList.do?mi=2534&bbsId=1463,0900시0900분~1900시1900분,1,1,1,0,1,62,14,20,24,0,4,13,20,23,0,2,37.3801353787713,127.230085563591
경기도교육청,광주하남교육지원청,한홀초등학교병설유치원,공립(병설),최종우,최종우,20160502,20160502,경기도 하남시 미사강변서로 68,031-8026-2070,031-8026-2070,https://hanhol-e.goegh.kr/,0900시0900분~1900시1900분,1,1,1,0,0,58,14,20,24,0,0,8,9,15,0,0,37.5603826155,127.1856174608
경기도교육청,광주하남교육지원청,향기로운유치원,사립(사인),이재원,박소원,20180625,20180625,경기도 하남시 조정대로 84,031-795-9775,031-795-9778,https://cafe.naver.com/fragrantkg,0800시0800분~1900시1900분,3,3,3,0,0,220,54,66,78,0,0,54,66,72,0,0,37.5505781844,127.1886702603
경기도교육청,구리남양주교육지원청,가운초등학교병설유치원,공립(병설),윤병기,윤병기,20090301,20090301,경기도 남양주시 가운로2길 54,031-558-3803,031-558-3805,https://gaun-e.goegn.kr/gaun-e/cm/cntnts/cntntsView.do?mi=10762&cntntsId=3487,0900시0900분~1900시1900분,0,1,1,0,0,44,0,20,24,0,0,0,6,9,0,0,37.6005700065,127.1558106451
경기도교육청,구리남양주교육지원청,갈매유치원,공립(단설),김희숙,김희숙,20160901,20160901,경기도 구리시 산마루로 72,031-523-8750,031-523-8761,http://galmae-k.goegn.kr,0800시0800분~1900시1900분,5,4,3,0,1,232,70,80,72,0,4,69,75,64,0,0,37.6293162375,127.1210611535
경기도교육청,구리남양주교육지원청,갈매초등학교병설유치원,공립(병설),최순자,최순자,20170826,20170901,경기도 구리시 갈매중앙로 40,031-522-2871,031-571-1597, ,0800시0800분~1900시1900분,0,0,1,1,1,38,0,0,24,14,4,0,0,12,5,2,37.6284276707364,127.116054038144
경기도교육청,구리남양주교육지원청,강산유치원,사립(사인),김홍표,육심경,20100401,20100401,경기도 남양주시 진벌로 29,031-528-8353,031-528-8354, ,0730시0730분~1930시1930분,1,1,1,0,0,130,34,44,52,0,0,9,15,16,0,0,37.7460929691043,127.208820629105
경기도교육청,구리남양주교육지원청,건영유치원,사립(사인),박신숙,정민수(직무대리),20000807,20000807,경기도 구리시 동구릉로 151,031-557-1552,031-553-0020, ,0800시0800분~1900시1900분,2,1,1,0,0,90,36,22,25,0,0,8,15,6,0,0,37.6122840412651,127.13603040362
경기도교육청,구리남양주교육지원청,교문유치원,사립(사인),안청길,고순희,20090326,20090326,경기도 구리시 이문안로 49,031-569-3186,031-624-3186,http://교문유치원.kr,0800시0800분~1800시1800분,3,2,1,0,0,152,54,44,26,0,0,54,44,26,0,0,37.5924262834524,127.136844274439
경기도교육청,구리남양주교육지원청,교문초등학교병설유치원,공립(병설),전귀남,전귀남,19900306,19900306,경기도 구리시 안골로19번길 16,031-563-1105,031-556-1654,https://gyomun-e.goegn.kr/gyomun-e/main.do,1300시1300분~1900시1900분,0,0,1,1,1,42,0,0,14,24,4,0,0,5,5,1,37.5986481378,127.1332987363
경기도교육청,구리남양주교육지원청,구룡초등학교병설유치원,공립(병설),김선림,김선림,20090303,20090303,경기도 남양주시 늘을3로 120,031-559-0495,031-559-0497,https://guryong-e.goegn.kr,0830시0830분~1900시1900분,1,1,1,0,0,58,14,20,24,0,0,9,6,13,0,0,37.657920649,127.2524875899
경기도교육청,구리남양주교육지원청,구리초등학교병설유치원,공립(병설),이경미,이경미,19850301,19850301,경기도 구리시 경춘로276번길 51,031-555-7374,031-569-9704,https://guri-e.goegn.kr/guri-e/main.do,0900시0900분~1900시1900분,0,0,0,1,0,20,0,0,0,20,0,0,0,0,10,0,37.6015361185217,127.148124480635
경기도교육청,구리남양주교육지원청,구지초등학교병설유치원,공립(병설),한명아,한명아,19970301,19970301,경기도 구리시 건원대로76번길 40,031-551-8886, ,https://kuji-e.goegn.kr/kuji-e/main.do,1300시1300분~1700시1700분,1,1,1,0,2,58,14,20,24,0,8,10,18,19,0,5,37.6072618549378,127.142256390815
경기도교육청,구리남양주교육지원청,국제유치원,사립(사인),김춘태 이정철,김향순,20141220,20150301,경기도 남양주시 별내3로 240,0315275955,031-527-4803,http://kjip.or.kr,0800시0800분~1900시1900분,8,7,5,0,0,570,144,154,130,0,0,133,150,130,0,0,37.6595957157175,127.12151133899
경기도교육청,구리남양주교육지원청,금남초등학교병설유치원,공립(병설),문길수,문길수,19850302,19850302,경기도 남양주시 북한강로 1506,031-592-0587,031-592-8237,http://www.geumnam.es.kr,0900시0900분~1900시1900분,0,0,0,1,0,18,0,0,0,18,0,0,0,0,4,0,37.6443196364,127.3625732079
경기도교육청,구리남양주교육지원청,남양주금곡초등학교병설유치원,공립(병설),송현숙,송현숙,19810302,19810302,경기도 남양주시 금곡로 65-6,031-592-9320,031-592-9318, ,0900시0900분~1900시1900분,0,0,0,1,0,18,0,0,0,18,0,0,0,0,3,0,37.6358763852597,127.211919750224
경기도교육청,구리남양주교육지원청,남양주다산유치원,공립(단설),임소형,임소형,20180112,20180423,경기도 남양주시 다산순환로 397-20,031-522-2101,031-522-5817,http://nyjdasan-k.goegn.kr,0800시0800분~1900시1900분,5,5,4,0,1,266,69,98,95,0,4,66,90,72,0,3,37.6219810002,127.158579218
경기도교육청,구리남양주교육지원청,남양주다산초등학교병설유치원,공립(병설),한강수,한강수,20180301,20180305,경기도 남양주시 다산중앙로146번길 55,031-522-3272, ,https://blog.naver.com/susuu_0,1330시1330분~1900시1900분,1,1,1,0,1,62,14,20,24,0,4,7,13,12,0,2,37.6267236562,127.1586799183
경기도교육청,구리남양주교육지원청,남양주덕송초등학교병설유치원,공립(병설),권오실,권오실,20120301,20120301,경기도 남양주시 별내3로 356,031-528-0766,031-527-6642,http://www.nyjdeoksong.es.kr/,1330시1330분~1900시1900분,1,1,1,0,1,82,14,20,24,0,4,8,14,17,0,2,37.6692733709,127.1159364402
경기도교육청,구리남양주교육지원청,남양주도곡초등학교병설유치원,공립(병설),장미정,장미정,19990302,19990302,경기도 남양주시 덕소로 179,031-521-5305,031-521-5301, ,1300시1300분~1900시1900분,0,0,1,1,1,38,0,0,24,14,4,0,0,6,12,1,37.5796488629708,127.217271960666
경기도교육청,구리남양주교육지원청,남양주도담유치원,공립(단설),김현숙,김현숙,20100301,20100301,경기도 남양주시 해밀예당2로 112,031-574-7521,031-574-7525,http://nyjdodam-k.goegn.kr,1330시1330분~1900시1900분,2,2,2,0,1,120,28,40,48,0,4,24,32,42,0,4,37.7175817432,127.2007372776
경기도교육청,구리남양주교육지원청,남양주동곡초등학교병설유치원,공립(병설),김항호,김항호,19960930,19960930,경기도 남양주시 홍유릉로248번길 56,031-595-8220,031-595-8205,http://www.donggog.es.kr,0900시0900분~1900시1900분,0,0,0,1,0,20,0,0,0,20,0,0,0,0,8,0,37.6288882965,127.2039201575
경기도교육청,구리남양주교육지원청,남양주미금초등학교병설유치원,공립(병설),이현석,이현석,19860301,19860301,경기도 남양주시 미금로56번길 32-13,031-551-1464, , ,0900시0900분~1900시1900분,0,0,0,1,0,20,0,0,0,20,0,0,0,0,8,0,37.6089361894699,127.155153821832
경기도교육청,구리남양주교육지원청,남양주백봉초등학교병설유치원,공립(병설),이경희,이경희,20060301,20060301,경기도 남양주시 의안로 158,031-595-1602,031-595-1643, ,0930시0930분~1800시1800분,0,0,0,1,0,58,0,0,0,18,0,0,0,0,7,0,37.6434018597027,127.242391472222
경기도교육청,구리남양주교육지원청,남양주별빛유치원,공립(단설),김혜영,김혜영,20140301,20140301,경기도 남양주시 별내5로 46,031-575-1994,031-575-7682,http://nyjbyeolbit-k.goegn.kr,0800시0800분~1900시1900분,3,3,3,0,1,174,40,60,70,0,4,40,60,68,0,4,37.6526426822,127.1170077079
경기도교육청,구리남양주교육지원청,남양주샛별초등학교병설유치원,공립(병설),장순영,장순영,20140901,20140901,경기도 남양주시 송산로307번길 50,031-570-5411,031-570-5413,http://nysb.es.kr/board.list?mcode=1112&cate=1112,0830시0830분~1900시1900분,1,1,1,0,0,64,14,20,24,0,0,8,10,20,0,0,37.6660524833005,127.129329728445
경기도교육청,구리남양주교육지원청,남양주송라초등학교병설유치원,공립(병설),홍정표,홍정표,20030301,20030301,경기도 남양주시 마석로45번길 33,031-595-9284,031-595-9228,http://www.nyjsongla.es.kr,0900시0900분~1800시1800분,0,0,0,1,1,18,0,0,0,14,4,0,0,0,5,1,37.6544604915,127.3016620455
경기도교육청,구리남양주교육지원청,남양주신촌초등학교병설유치원,공립(병설),이순희,이순희,20050301,20050301,경기도 남양주시 평내로 122,031-511-6317,031-511-6316,http://nsc.es.kr/,0830시0830분~1900시1900분,2,1,1,0,1,76,28,20,24,0,4,18,11,16,0,1,37.6455045896,127.2398805407
경기도교육청,구리남양주교육지원청,남양주양정초등학교병설유치원,공립(병설),김용관,김용관,19820302,19820302,경기도 남양주시 경춘로 468-33,031-567-7756, ,https://blog.naver.com/yj5677756,1300시1300분~1900시1900분,1,0,0,2,0,54,14,0,0,40,0,14,0,0,23,0,37.6086566077,127.1657478651
경기도교육청,구리남양주교육지원청,남양주양지초등학교병설유치원,공립(병설),김옥형,김옥형,19981015,19981015,경기도 남양주시 진건오남로808번길 20-37,031-574-0843,031-574-0834, ,0900시0900분~1900시1900분,0,0,0,1,0,58,0,0,0,18,0,0,0,0,4,0,37.6990873641477,127.206492756673
경기도교육청,구리남양주교육지원청,남양주월산초등학교병설유치원,공립(병설),이동준,이동준,20150901,20150901,경기도 남양주시 경춘로2290번길 50,031-591-0227,031-591-0583, ,0900시0900분~1900시1900분,1,1,1,0,1,62,14,20,24,0,4,8,7,16,0,2,37.6540010081,127.3404132337
경기도교육청,구리남양주교육지원청,노엘유치원,사립(사인),이금희,이금희,20110801,20110808,경기도 남양주시 금강로1633번길 40-6,031-572-2893,031-572-2888,https://cafe.naver.com/noelll?iframe_url=/ArticleList.nhn%3Fsearch.clubid=31148351%26search.boardType=L,0810시0810분~1900시1900분,5,4,4,0,0,285,90,88,104,0,0,89,88,104,0,0,37.7364290261407,127.19080249423
경기도교육청,구리남양주교육지원청,다산가람초등학교병설유치원,공립(병설),이재광,이재광,20180903,20180903,경기도 남양주시 다산중앙로81번길 51,031-522-8891, ,https://dasangaram-e.goegn.kr/dasangaram-e/main.do,0840시0840분~1900시1900분,1,1,1,0,1,58,14,20,24,0,4,8,12,8,0,1,37.61962918,127.1490912189
경기도교육청,구리남양주교육지원청,다산꽃다비유치원,공립(단설),김정미,김정미,20210901,20210901,경기도 남양주시 다산중앙로82번길 72-16,031-830-4100,031-551-1090,https://kkotdabi-k.goegn.kr,0800시0800분~1900시1900분,4,4,4,0,1,232,55,79,94,0,4,54,78,87,0,4,37.6191502376,127.1627789107
경기도교육청,구리남양주교육지원청,다산별빛초등학교병설유치원,공립(병설),민현미,민현미,20210901,20210901,경기도 남양주시 다산중앙로82번안길 40,031-540-7571,031-567-4511,http://dasanbyeolbit.es.kr/main,0800시0800분~1900시1900분,1,2,2,0,1,106,14,40,48,0,4,9,23,40,0,2,37.6172104732578,127.165584491017
경기도교육청,구리남양주교육지원청,다산새봄유치원,공립(단설),구경희,구경희,20210401,20210401,경기도 남양주시 다산중앙로20번길 10-19,031-900-2100, ,https://dasansaebom-k.goegn.kr,0800시0800분~1900시1900분,4,4,4,0,1,232,56,80,96,0,4,52,78,83,0,3,37.61551656511385,127.15746002991222
경기도교육청,구리남양주교육지원청,다산새봄초등학교병설유치원,공립(병설),이현재,이현재,20190304,20190308,경기도 남양주시 다산순환로 417,031-522-7191,031-522-7199,http://www.dasansaebom.es.kr/,0830시0830분~1900시1900분,0,0,1,1,1,64,0,0,24,14,4,0,0,14,6,3,37.6199367079,127.1592137239
경기도교육청,구리남양주교육지원청,다산하늘빛유치원,공립(단설),공선미,공선미,20200301,20200301,경기도 남양주시 다산중앙로146번길 59,031-522-3400,031-522-3419,http://dasanhaneulbit-k.goegn.kr,1330시1330분~1900시1900분,4,4,4,0,1,232,56,80,96,0,4,49,80,77,0,4,37.6268064229,127.1595735443
경기도교육청,구리남양주교육지원청,다산하늘초등학교병설유치원,공립(병설),김솔,김솔,20210301,20210301,경기도 남양주시 다산순환로 199,031-8071-8400,031-554-1880,https://dasansky-e.goegn.kr/dasansky-e/main.do,1300시1300분~1900시1900분,2,2,2,0,1,116,26,39,47,0,4,19,39,46,0,3,37.62800010721975,127.14668481099068
경기도교육청,구리남양주교육지원청,다산한강유치원,공립(단설),구자숙,구자숙,20210301,20210301,경기도 남양주시 다산지금로146번길 8-11,031-570-8300,031-554-1669,https://www.goegn.kr/dshangang-k/main.do,1330시1330분~1900시1900분,4,4,4,0,2,234,55,78,93,0,8,54,78,86,0,6,37.6005037203275,127.172376256293
경기도교육청,구리남양주교육지원청,다산한강초등학교병설유치원,공립(병설),정욱교,정욱교,20190301,20190301,경기도 남양주시 다산지금로146번길 11,031-523-7581, ,https://dasanhangang-e.goegn.kr/dasanhangang-e/main.do,0800시0800분~1900시1900분,1,2,1,0,1,78,14,39,24,0,1,13,27,24,0,1,37.5994295558,127.1723793268
경기도교육청,구리남양주교육지원청,답내초등학교병설유치원,공립(병설),김서연,김서연,19830301,19830301,경기도 남양주시 경춘로2347번길 44-7,031-593-0775,031-593-0569,http://www.da.es.kr/,1300시1300분~1900시1900분,0,0,0,1,0,18,0,0,0,18,0,0,0,0,2,0,37.6623889957,127.3473001668
경기도교육청,구리남양주교육지원청,대우유치원,사립(사인),박상용,박수일,19941208,19941208,경기도 구리시 장자대로37번길 22,031-555-8138,031-555-8139, ,0730시0730분~1830시1830분,2,2,2,0,0,140,44,46,50,0,0,14,16,22,0,0,37.5889161671299,127.135296069006
경기도교육청,구리남양주교육지원청,덕소초등학교병설유치원,공립(병설),김주진,김주진,19810204,19810204,경기도 남양주시 수레로 17,031-577-5514,031-577-0684,http://duckso.es.kr,0900시0900분~1900시1900분,0,0,0,1,0,18,0,0,0,18,0,0,0,0,5,0,37.5873632557003,127.214910851382
경기도교육청,구리남양주교육지원청,덕현유치원,사립(사인),정은경,정은경,19940302,19940302,경기도 구리시 장자대로37번길 59,031-552-5505,031-552-5540,https://cafe.naver.com/duckhyunkindergarten,0800시0800분~1900시1900분,2,2,2,0,0,132,36,44,56,0,0,34,42,34,0,0,37.5906796198737,127.133103478213
경기도교육청,구리남양주교육지원청,도농초등학교병설유치원,공립(병설),나영채,나영채,20030301,20030301,경기도 남양주시 도농로 72,031-558-0556,031-558-0255, ,1300시1300분~1900시1900분,1,1,1,0,0,58,14,20,24,0,0,11,14,9,0,0,37.6123861526751,127.157496775827
경기도교육청,구리남양주교육지원청,도심초등학교병설유치원,공립(병설),이상호,이상호,20040301,20040301,경기도 남양주시 석실로 45,031-521-9820,031-521-9825, ,0900시0900분~1900시1900분,0,0,0,1,0,84,0,0,0,20,0,0,0,0,4,0,37.580402859236,127.227824576277
경기도교육청,구리남양주교육지원청,동구초등학교병설유치원,공립(병설),손형권,손형권,19970301,19970301,경기도 구리시 건원대로76번길 45,031-554-2061, ,https://donggu-e.goegn.kr,1300시1300분~1900시1900분,0,0,0,1,0,20,0,0,0,20,0,0,0,0,5,0,37.609314759,127.1418401521
경기도교육청,구리남양주교육지원청,동인초등학교병설유치원,공립(병설),이치원,이치원,20010301,20010301,경기도 구리시 동구릉로103번길 37,031-564-4041,031-564-4039,http://www.dong-in.es.kr,0900시0900분~1900시1900분,0,0,0,1,0,20,0,0,0,20,0,0,0,0,5,0,37.610579117,127.1341259553
경기도교육청,구리남양주교육지원청,동화나라유치원,사립(사인),이상금,이경훈,19980324,19980324,경기도 남양주시 덕소로 270,031-576-7447,031-576-7068,https://cafe.naver.com/donghwanarakinder,0740시0740분~1900시1900분,3,3,2,0,0,181,54,66,52,0,0,50,64,52,0,0,37.5780067833352,127.221520153217
경기도교육청,구리남양주교육지원청,마석초등학교병설유치원,공립(병설),이화숙,이화숙,19850304,19850304,경기도 남양주시 수레로 1234-52,031-593-6390, ,http://maseog.es.kr,0830시0830분~1800시1800분,0,0,0,1,0,38,0,0,0,18,0,0,0,0,6,0,37.6490822225,127.3054747181
경기도교육청,구리남양주교육지원청,메이플유치원,사립(사인),강명례,강명례,20110325,20110325,경기도 남양주시 가운로3길 1,031-551-0873,031-551-0875, ,0900시0900분~1800시1800분,4,5,3,0,0,312,72,108,78,0,0,71,107,78,0,0,37.5976469801833,127.158618551298
경기도교육청,구리남양주교육지원청,무궁화유치원,사립(사인),신혜경,신혜경,20141230,20150301,경기도 남양주시 가운로2길 69,031-568-0587,031-566-1443, ,0800시0800분~1900시1900분,3,3,3,0,0,216,54,66,78,0,0,54,64,70,0,0,37.5996098273056,127.157585826368
경기도교육청,구리남양주교육지원청,무지개유치원,사립(사인),최향자,최란희(직무대리),20010326,20010326,경기도 남양주시 석실로317번길 70,031-521-7744,070-4369-1717, ,0730시0730분~1930시1930분,3,2,2,0,0,161,48,44,48,0,0,34,39,39,0,0,37.5934530874458,127.214666733482
경기도교육청,구리남양주교육지원청,묵향유치원,사립(사인),홍현석,조자현,19961205,19970107,경기도 남양주시 비룡로141번길 30,031-594-8053,031-594-8918, ,0730시0730분~1930시1930분,3,3,2,0,0,208,54,66,52,0,0,51,53,48,0,0,37.6638373035261,127.298039346139
경기도교육청,구리남양주교육지원청,백문초등학교병설유치원,공립(병설),유성아,유성아,19950301,19950301,경기도 구리시 장자대로13번길 12,031-551-6561,031-551-6562,https://baekmun-e.goegn.kr/baekmun-e/main.do,0900시0900분~1900시1900분,0,1,1,0,0,44,0,20,24,0,0,0,15,14,0,0,37.588731899,127.132843347
경기도교육청,구리남양주교육지원청,별가람유치원,공립(단설),최윤미,최윤미,20150301,20150301,경기도 남양주시 별내3로 310,031-522-2700,031-522-6581,https://byeolgaram-k.goegn.kr/byeolgaram-k/main.do,0800시0800분~1900시1900분,2,2,2,0,1,116,28,38,47,0,3,28,38,39,0,3,37.6653107311,127.1183224034
경기도교육청,구리남양주교육지원청,별가람초등학교병설유치원,공립(병설),최정자,최정자,20150301,20150301,경기도 남양주시 별내3로 173,031-522-2577,031-522-5908,http://byeolgaram.es.kr,0900시0900분~1900시1900분,0,0,1,1,1,44,0,0,24,16,4,0,0,6,15,0,37.6541801456874,127.124226325059
경기도교육청,구리남양주교육지원청,별내초등학교병설유치원,공립(병설),안영우,안영우,20090901,20090901,경기도 남양주시 청학로92번길 38,031-841-0366,031-841-4405,https://byulnae-e.goegn.kr/byulnae-e/main.do,1300시1300분~1900시1900분,0,0,1,1,0,64,0,0,24,14,0,0,0,8,12,0,37.7114077486,127.1183710863
경기도교육청,구리남양주교육지원청,부양초등학교병설유치원,공립(병설),김정자,김정자,19850302,19850302,경기도 구리시 장자대로 89-2,031-564-5571,031-551-9659,https://buyang-e.goegn.kr/buyang-e/main.do,1300시1300분~1900시1900분,0,0,0,1,0,18,0,0,0,18,0,0,0,0,4,0,37.590444482,127.1416487813
경기도교육청,구리남양주교육지원청,부영예술유치원,사립(사인),이기수,김유진,20020404,20020404,경기도 남양주시 미금로 194-2,031-556-9892,031-567-9892,www.bykinder.com,0800시0800분~1800시1800분,2,3,3,0,0,197,36,66,78,0,0,36,50,71,0,0,37.6135422992865,127.161460701017
경기도교육청,구리남양주교육지원청,부평초등학교병설유치원,공립(병설),박승균,박승균,20100324,20100324,경기도 남양주시 부평로48번길 27,031-575-4630,031-575-5611, ,0830시0830분~1900시1900분,0,0,1,1,1,42,0,0,24,14,4,0,0,19,10,2,37.7377509233,127.2015066399
경기도교육청,구리남양주교육지원청,사능푸른유치원,사립(사인),장현식,김주연,20020306,20020306,경기도 남양주시 진건오남로 12-88,031-573-5199,031-574-5704,http://joo573.kidsnote.ac,0730시0730분~1930시1930분,3,3,3,0,0,201,54,66,78,0,0,54,66,73,0,0,37.650911402761,127.184004875385
경기도교육청,구리남양주교육지원청,사랑유치원,사립(사인),임충식,정선희,19980304,19980304,경기도 남양주시 경춘로창벌1길 6,031-595-8605,031-595-4323, ,0900시0900분~1900시1900분,3,1,1,0,0,224,64,88,104,0,0,34,20,9,0,0,37.6509759389,127.3027582408
경기도교육청,구리남양주교육지원청,산마루초등학교병설유치원,공립(병설),황순주,황순주,20160601,20160601,경기도 구리시 갈매순환로 133,031-570-2871, ,https://sanmaru-e.goegn.kr,0900시0900분~1900시1900분,1,1,1,0,1,62,14,20,24,0,4,8,8,10,0,4,37.6316236741,127.1201676499
경기도교육청,구리남양주교육지원청,삼성유치원,사립(사인),선진영,선진영,20121228,20121228,경기도 남양주시 금강로1633번길 30,031-527-8765,031-527-5976,https://search.naver.com/search.naver?where=nexearch&sm=top_sly.hst&fbm=0&acr=1&ie=utf8&query=%EB%82%A8%EC%96%91%EC%A3%BC%EC%82%BC%EC%84%B1%EC%9C%A0%EC%B9%98%EC%9B%90,0800시0800분~1900시1900분,4,4,3,0,0,198,52,80,66,0,0,45,74,61,0,0,37.7362919946739,127.191823707213
경기도교육청,구리남양주교육지원청,샛별유치원,사립(사인),이매화,이매화,20060306,20060306,경기도 남양주시 천마산로14번안길 8,031-591-0651,031-591-0671, ,0750시0750분~1930시1930분,3,2,3,0,0,295,48,40,72,0,0,40,35,70,0,0,37.6644994672589,127.248622715785
경기도교육청,구리남양주교육지원청,서원유치원,사립(사인),서유미,최순,20140301,20140303,경기도 남양주시 해밀예당2로 108,031-523-2145,031-529-2145, ,0800시0800분~1900시1900분,1,2,2,1,0,163,15,40,40,15,0,12,30,36,12,0,37.7172658558712,127.200571188741
경기도교육청,구리남양주교육지원청,서일유치원,사립(법인),이문연,신미선,19980301,19980301,경기도 남양주시 진건오남로 899-8,031-574-4075, , ,0730시0730분~1900시1900분,4,3,3,0,0,310,72,66,78,0,0,72,66,78,0,0,37.7037485429784,127.195275354332
경기도교육청,구리남양주교육지원청,수동초등학교병설유치원,공립(병설),박미영,박미영,19850301,19850302,경기도 남양주시 수동면 비룡로 832,031-593-3936,031-593-3397,https://soodong-e.goegn.kr/soodong-e,0900시0900분~1900시1900분,0,0,0,1,0,18,0,0,0,18,0,0,0,0,4,0,37.7118787186,127.3234182666
경기도교육청,구리남양주교육지원청,수택초등학교병설유치원,공립(병설),가은용,가은용,20210306,20010306,경기도 구리시 검배로136번길 41,031-564-4163,031-554-2145,www.sootaek.es.kr,0900시0900분~1900시1900분,0,0,0,1,0,18,0,0,0,18,0,0,0,0,7,0,37.5921045676,127.1524336434
경기도교육청,구리남양주교육지원청,숲속보람유치원,사립(사인),김주희,김주희,19880303,19880303,경기도 남양주시 천마산로14번길 10-72,031-591-3010,031-591-3014,http://boram.kidswon.com,0800시0800분~1930시1930분,4,4,3,0,0,270,72,88,78,0,0,72,72,77,0,0,37.665492623263,127.251544027171
경기도교육청,구리남양주교육지원청,양오초등학교병설유치원,공립(병설),정창우,정창우,20060301,20060308,경기도 남양주시 오남읍 양지로 261-35,031-528-6339,031-528-6300,http://yangoh.es.kr,0830시0830분~1900시1900분,0,0,0,1,0,18,0,0,0,18,0,0,0,0,8,0,37.6975947461,127.1923449059
경기도교육청,구리남양주교육지원청,어람초등학교병설유치원,공립(병설),심영미,심영미,20060301,20060301,경기도 남양주시 오남읍 진건오남로550번길 25,031-575-1794,031-575-1798,www.eoram.es.kr,0900시0900분~1800시1800분,0,0,0,1,0,22,0,0,0,22,0,0,0,0,6,0,37.6824902325,127.2131026643
경기도교육청,구리남양주교육지원청,에덴유치원,사립(사인),이종애,이종애,19830209,19830209,경기도 구리시 장자대로37번길 76,031-565-3409,031-562-1697, ,0800시0800분~1800시1800분,1,2,2,0,0,110,18,44,48,0,0,12,31,34,0,0,37.5912382161439,127.134770029082
경기도교육청,구리남양주교육지원청,연꽃유치원,사립(사인),김동혁,김동혁,19920229,19930302,경기도 남양주시 광릉수목원로186번길 16-1,031-527-1950,031-527-0792, ,0900시0900분~1800시1800분,1,1,1,0,0,150,18,22,24,0,0,13,16,18,0,0,37.7486143868982,127.188191313984
경기도교육청,구리남양주교육지원청,영신유치원,사립(사인),김희선,김희선,19970115,19970115,경기도 남양주시 덕소로97번길 32,031-576-4575, , ,0750시0750분~1930시1930분,2,3,2,0,0,175,36,54,44,0,0,19,42,38,0,0,37.5864561927961,127.215906174484
경기도교육청,구리남양주교육지원청,예닮유치원,사립(사인),정은희,정은희,20150127,20150302,경기도 남양주시 송산로 663-43,031-575-1193,031-575-1183,http://yedam2015.com,0800시0800분~1830시1830분,1,1,0,0,0,147,18,22,0,0,0,3,3,0,0,0,37.6978404071915,127.122973133681
경기도교육청,구리남양주교육지원청,예봉초등학교병설유치원,공립(병설),이민경,이민경,20080301,20080301,경기도 남양주시 와부읍 수레로 108,031-521-6302,031-521-6316,http://www.yebong.kr,0830시0830분~1900시1900분,0,0,0,1,1,38,0,0,0,18,4,0,0,0,5,2,37.5924483679,127.2211980023
경기도교육청,구리남양주교육지원청,예은유치원,사립(사인),전중구,김용우,20050115,20050115,경기도 남양주시 호평로67번길 9-38,031-559-5353,031-559-1413,https://blog.naver.com/yekid2004,0800시0800분~1900시1900분,2,3,3,0,0,310,36,66,78,0,0,30,46,54,0,0,37.6569301567,127.2461633438
경기도교육청,구리남양주교육지원청,예향유치원,사립(법인),김종현,김민아,19970227,19970227,경기도 구리시 건원대로76번길 33,031-556-3001,050-5041-5501,http://cafe.naver.com/yehyang3001,0800시0800분~1830시1830분,2,1,1,1,0,110,36,22,26,22,0,35,22,26,22,0,37.6084149291421,127.140855939223
경기도교육청,구리남양주교육지원청,오남초등학교병설유치원,공립(병설),이은기,이은기,19850308,19850308,경기도 남양주시 진건오남로 696,031-574-5804,031-575-2230,https://onam-e.goegn.kr,0900시0900분~1800시1800분,0,0,0,1,1,22,0,0,0,18,4,0,0,0,5,1,37.6952747353,127.214575535
경기도교육청,구리남양주교육지원청,오렌지유치원,사립(사인),이경희,황은지(직무대리),20030103,20030103,경기도 남양주시 진건오남로550번길 6,031-575-3377,031-575-3417, ,0750시0750분~1800시1800분,2,2,2,0,0,121,36,35,50,0,0,19,24,35,0,0,37.6823279176325,127.210857754738
경기도교육청,구리남양주교육지원청,와부초등학교병설유치원,공립(병설),이성용,이성용,20020301,20020301,경기도 남양주시 와부읍 월문천로 63,031-576-4215,031-576-1481,http://wabu-e.goegn.kr,0800시0800분~1900시1900분,0,0,0,1,0,18,0,0,0,18,0,0,0,0,8,0,37.5870474812196,127.218926044148
경기도교육청,구리남양주교육지원청,윤희유치원,사립(사인),채희석,전연수,19920111,19920111,경기도 구리시 안골로20번길 27,031-553-0036,031-553-3235,http://cafe.naver.com./younhee55555,0900시0900분~1800시1800분,0,2,2,0,0,96,0,44,52,0,0,0,44,52,0,0,37.5959181267295,127.133353140927
경기도교육청,구리남양주교육지원청,이삼유치원,사립(사인),김재영,손정옥,20131209,20140301,경기도 남양주시 비룡로55번길 27,031-554-0023,02-6499-2276, ,0800시0800분~1800시1800분,3,2,1,0,0,162,54,44,26,0,0,45,44,25,0,0,37.6561198803891,127.299540425166
경기도교육청,구리남양주교육지원청,인창유치원,공립(단설),이규순,이규순,20090301,20090301,경기도 구리시 동구릉로 37-13,031-551-0359,031-554-0399,https://inchang-k.goegn.kr/,0800시0800분~1900시1900분,2,2,1,0,1,96,28,40,24,0,4,23,17,24,0,1,37.6052402631,127.131459347
경기도교육청,구리남양주교육지원청,자닮유치원,사립(사인),김순옥,김순옥,20151116,20160229,경기도 구리시 동구릉로53번길 144,031-564-5660,031-565-5660, ,0800시0800분~1900시1900분,2,2,3,0,0,154,36,44,74,0,0,36,44,68,0,0,37.6101275710963,127.130662633234
경기도교육청,구리남양주교육지원청,장내초등학교병설유치원,공립(병설),조은숙,조은숙,20050301,20050301,경기도 남양주시 평내로 64,031-559-4165,031-559-4167,https://blog.naver.com/jangnaeyou,0900시0900분~1900시1900분,2,1,1,0,0,72,28,20,24,0,0,13,16,10,0,0,37.6408775618,127.2344248065
경기도교육청,구리남양주교육지원청,장승초등학교병설유치원,공립(병설),한경석,한경석,20020301,20020301,경기도 남양주시 금강로1576번길 12,031-574-4188,031-574-4188,http://www.jsschool.net/,0830시0830분~1900시1900분,0,0,0,1,0,38,0,0,0,18,0,0,0,0,7,0,37.7303570641,127.1954117025
경기도교육청,구리남양주교육지원청,장자초등학교병설유치원,공립(병설),한경애,한경애,20020301,20020301,경기도 구리시 장자대로 40,031-564-1511,031-555-6386, ,1300시1300분~1900시1900분,0,0,1,0,0,24,0,0,24,0,0,0,0,6,0,0,37.586841211212,127.135279349051
경기도교육청,구리남양주교육지원청,장현유치원,사립(사인),신명순,위재훈,19930520,19930520,경기도 남양주시 묵현로 205-34,031-593-4620, , ,0830시0830분~1900시1900분,3,2,2,0,0,244,42,44,48,0,0,35,43,39,0,0,37.671667919094,127.298964292371
경기도교육청,구리남양주교육지원청,장현초등학교병설유치원,공립(병설),박수미,박수미,19810301,19810301,경기도 남양주시 장현천로 37,031-572-7760,031-571-2006,http://janghyun.es.kr/,1300시1300분~1900시1900분,0,0,1,1,0,48,0,0,22,14,0,0,0,7,5,0,37.7197232076,127.1821050834
경기도교육청,구리남양주교육지원청,제성유치원,사립(사인),최경애,최경애,19870501,19870501,경기도 남양주시 퇴계원로 49-12,031-572-9651,031-572-7201, ,0740시0740분~1900시1900분,1,1,1,0,0,70,18,24,28,0,0,6,15,18,0,0,37.6513398767477,127.1412593283
경기도교육청,구리남양주교육지원청,조안초등학교병설유치원,공립(병설),박정현,박정현,19810308,19810308,경기도 남양주시 북한강로229번길 20,031-576-2438,031-576-4471,http://www.joan.es.kr/,0900시0900분~1900시1900분,0,0,0,1,0,18,0,0,0,18,0,0,0,0,3,0,37.5464553819,127.3006177182
경기도교육청,구리남양주교육지원청,즐거운유치원,사립(사인),홍성현,피미경,19990312,20200302,경기도 남양주시 진건오남로 98,031-574-3338,031-574-3338, ,0630시0630분~2000시2000분,0,0,0,1,0,43,0,0,0,15,0,0,0,0,6,0,37.6589097767403,127.178956282682
경기도교육청,구리남양주교육지원청,진건초등학교병설유치원,공립(병설),김호연,김호연,19810204,19810204,경기도 남양주시 사릉로 408-9,031-574-5156, ,https://jingeon-e.goegn.kr/jingeon-e/main.do,0900시0900분~1900시1900분,0,0,0,1,0,18,0,0,0,18,0,0,0,0,4,0,37.6579420374,127.1790660007
경기도교육청,구리남양주교육지원청,차산초등학교병설유치원,공립(병설),조헌구,조헌구,20081115,20090301,경기도 남양주시 수레로 1105-23,031-593-0725, , ,0900시0900분~1800시1800분,0,0,1,1,0,42,0,0,24,14,0,0,0,4,6,0,37.6363219680972,127.301723757101
경기도교육청,구리남양주교육지원청,창현유치원,공립(단설),김지헌,김지헌,20200301,20200301,경기도 남양주시 수레로1233번길 37,031-523-3594,031-523-3589,http://changhyeon-k.goegn.kr/,0800시0800분~1900시1900분,4,3,3,0,1,188,56,60,68,0,4,56,60,64,0,2,37.6465376688,127.2987095345
경기도교육청,구리남양주교육지원청,첫단추유치원,사립(사인),박선정,박선정,20080302,20080302,경기도 남양주시 비룡로116번길 33-1,031-594-4300,031-594-4301, ,0800시0800분~1800시1800분,2,3,2,0,0,270,36,66,52,0,0,36,56,43,0,0,37.6644985623607,127.304806573516
경기도교육청,구리남양주교육지원청,청학유치원,사립(사인),이강실,이강실,20001213,20001213,경기도 남양주시 청학로68번길 27,031-821-7557,031-821-7558, ,0800시0800분~1900시1900분,3,3,3,0,0,211,54,66,78,0,0,51,66,72,0,0,37.7098399895838,127.119658303006
경기도교육청,구리남양주교육지원청,토평초등학교병설유치원,공립(병설),이미라,이미라,19820305,19820305,경기도 구리시 벌말로129번길 17-1,031-563-8498,031-556-9067,https://topyong-e.goegn.kr/topyong-e/main.do,0900시0900분~1900시1900분,0,0,0,1,0,18,0,0,0,20,0,0,0,0,7,0,37.5880593724,127.1469859392
경기도교육청,구리남양주교육지원청,퇴계원초등학교병설유치원,공립(병설),정금순,정금순,19810301,19810301,경기도 남양주시 퇴계원면 퇴계원로59번길 16,031-572-0368,031-571-3550,http://toegyewon.es.kr,0900시0900분~1900시1900분,0,0,0,1,0,44,0,0,0,14,0,0,0,0,9,0,37.6537018669,127.141418016
경기도교육청,구리남양주교육지원청,트라바움유치원,사립(사인),이상용이태훈,이용희,20161212,20170301,경기도 남양주시 경춘로1283번길 13,031-593-7069,031-593-7069,https://trabaum.kidsnote.ac ,0800시0800분~1900시1900분,3,3,3,0,0,260,54,66,78,0,0,49,59,59,0,0,37.6498893007,127.2346239488
경기도교육청,구리남양주교육지원청,판곡초등학교병설유치원,공립(병설),김순혁,김순혁,20050301,20050301,경기도 남양주시 늘을3로 15,031-559-3814,031-559-3815,https://blog.naver.com/edubecoming,0900시0900분~1900시1900분,1,1,1,0,0,58,14,20,24,0,0,3,7,5,0,0,37.660431578,127.2418784474
경기도교육청,구리남양주교육지원청,평내초등학교병설유치원,공립(병설),단형진,단형진,19840901,19840901,경기도 남양주시 경춘로 1292-11,031-592-9585,031-592-8464,https://blog.naver.com/pyongnae_,0900시0900분~1900시1900분,1,0,0,1,2,42,14,0,0,20,8,5,0,0,9,2,37.6492355689316,127.23718088316
경기도교육청,구리남양주교육지원청,평동초등학교병설유치원,공립(병설),안인환,안인환,20050308,20050308,경기도 남양주시 호평로68번길 16,031-515-0272, ,https://blog.naver.com/pd3842,0900시0900분~1900시1900분,1,1,1,0,0,58,14,20,24,0,0,8,8,10,0,0,37.6546214895,127.2476881907
경기도교육청,구리남양주교육지원청,풍양초등학교병설유치원,공립(병설),김경희,김경희,19810306,19810306,경기도 남양주시 진접읍 내각1로 31-1,031-573-7415,031-572-2969, ,0900시0900분~1800시1800분,0,0,0,1,0,20,0,0,0,18,0,0,0,0,5,0,37.7022218905,127.1616363479
경기도교육청,구리남양주교육지원청,하랑초등학교병설유치원,공립(병설),오승환,오승환,20210301,20210305,경기도 남양주시 백봉로 89,031-570-1700,031-570-7202,http://haranges.goegn.kr/main,0800시0800분~1900시1900분,1,2,2,0,0,102,14,40,48,0,0,14,22,43,0,0,37.649126214,127.2559650124
경기도교육청,구리남양주교육지원청,하영유치원,사립(사인),홍성대,홍성대,20000422,20000422,경기도 남양주시 수레로 88-19,031-577-0601,031-577-0605,http://hayoung.kidis.co.kr,0900시0900분~1900시1900분,4,3,2,0,0,275,64,60,40,0,0,60,58,36,0,0,37.5914239970942,127.221012884685
경기도교육청,구리남양주교육지원청,한마음유치원,사립(사인),안혜진,안혜진,19971014,19971014,경기도 구리시 건원대로76번길 41,031-553-7171,031-553-7173, ,0750시0750분~1850시1850분,1,1,0,2,0,80,18,22,0,40,0,18,22,0,25,0,37.6102621514039,127.140679937502
경기도교육청,구리남양주교육지원청,한별초등학교병설유치원,공립(병설),김석범,김석범,20140301,20140301,경기도 남양주시 별내4로 40,031-570-0370,031-572-0966,http://www.hanbyeol.es.kr/,0900시0900분~1900시1900분,0,0,1,1,0,38,0,0,24,14,0,0,0,8,6,0,37.6464821549233,127.115936275395
경기도교육청,구리남양주교육지원청,해밀초등학교병설유치원,공립(병설),박만희,박만희,20150301,20150301,경기도 남양주시 진접읍 해밀예당3로 103,031-570-3630,031-529-7402,https://haemil-e.goegn.kr/,0900시0900분~1900시1900분,0,0,1,1,1,42,0,0,24,14,4,0,0,4,3,3,37.7188193147,127.196173786
경기도교육청,구리남양주교육지원청,호만브레인유치원,사립(사인),정찬연,정찬연,20120229,20120228,경기도 남양주시 천마산로12번길 9,031-593-9777,031-593-9952,https://blog.naver.com/thehomanbrain,0800시0800분~1930시1930분,4,3,3,0,0,198,72,60,66,0,0,72,60,66,0,0,37.6625451897,127.2493882773
경기도교육청,구리남양주교육지원청,호평유치원,공립(단설),이정열,이정열,20110301,20110301,경기도 남양주시 천마산로 63,031-559-0924,031-559-0290,https://hopyeong-k.goegn.kr/hopyeong-k/main.do,0800시0800분~1900시1900분,2,2,1,0,1,96,28,40,24,0,4,24,16,18,0,3,37.6670708754,127.2464646661
경기도교육청,구리남양주교육지원청,화도은솔유치원,공립(단설),최정옥,최정옥,20210301,20210301,경기도 남양주시 경춘보학2길 35,031-550-9915,031-595-5199,https://hwadoeunsol-k.goegn.kr/,0800시0800분~1900시1900분,2,2,2,0,4,114,26,28,36,0,24,26,28,29,0,12,37.6508180743,127.2920046817
경기도교육청,구리남양주교육지원청,화도초등학교병설유치원,공립(병설),최관열,최관열,20110301,20110301,경기도 남양주시 비룡로116번길 24-42,031-594-6481,031-511-0219, ,1300시1300분~1900시1900분,0,0,1,1,0,38,0,0,24,14,0,0,0,7,6,0,37.6632374312357,127.308006567762
경기도교육청,구리남양주교육지원청,화봉초등학교병설유치원,공립(병설),서동연,서동연,20100302,20100302,경기도 남양주시 해밀예당2로 21,031-573-2046,031-573-2045,http://hwabong.es.kr/,1300시1300분~1900시1900분,1,1,1,0,0,60,14,20,24,0,0,3,6,14,0,0,37.7158671070169,127.191870772416
경기도교육청,구리남양주교육지원청,화접초등학교병설유치원,공립(병설),김미경,김미경,19810301,19810301,경기도 남양주시 별내중앙로 148,031-528-4909,031-528-6855,https://www.goegn.kr/hwajeop-e/na/ntt/selectNttList.do?mi=6998&bbsId=4652,0830시0830분~1900시1900분,0,0,0,1,0,18,0,0,0,18,0,0,0,0,13,0,37.6532695509245,127.115756778224
경기도교육청,군포의왕교육지원청,갈뫼유치원,사립(사인),정진철,김영희,20030305,20030305,경기도 의왕시 오리나무1길 11,031-429-6723,031-454-9148,https://galmoi.kidsnote.ac,0800시0800분~1900시1900분,2,2,1,0,0,170,30,30,20,0,0,25,24,19,0,0,37.3755466836295,126.969068157874
경기도교육청,군포의왕교육지원청,갈뫼초등학교병설유치원,공립(병설),송미영,송미영,20020901,20020901,경기도 의왕시 갈미로 27,031-426-6706,031-426-6705,https://galmoecho.goegu.kr/galmoecho/main.do,1300시1300분~1900시1900분,1,0,0,1,0,34,14,0,0,20,0,11,0,0,14,0,37.3767939443,126.9722360362
경기도교육청,군포의왕교육지원청,고천초등학교병설유치원,공립(병설),이용길,이용길,19810301,19810301,경기도 의왕시 효행로 10,031-340-3770,031-452-9762, ,0900시0900분~1700시1700분,0,0,0,1,0,20,0,0,0,20,0,0,0,0,3,0,37.3482389271269,126.974806317065
경기도교육청,군포의왕교육지원청,광정초등학교병설유치원,공립(병설),한현나,한현나,19970310,19970310,경기도 군포시 산본로386번길 5-20,070-5004-7580, ,https://gwangjeongcho.goegu.kr,0900시0900분~1900시1900분,0,0,1,1,0,38,0,0,24,14,0,0,0,6,7,0,37.3659357385729,126.930597878494
경기도교육청,군포의왕교육지원청,군포대야초등학교병설유치원,공립(병설),김용운,김용운,20090301,20090301,경기도 군포시 대야2로 148,031-501-4066,031-501-3796,https://gunpodaeyacho.goegu.kr/,0900시0900분~1900시1900분,0,0,0,1,0,20,0,0,0,20,0,0,0,0,8,0,37.3293792819,126.9152248375
경기도교육청,군포의왕교육지원청,군포신기초등학교병설유치원,공립(병설),정기락,정기락,20120901,20120905,경기도 군포시 삼성로28번길 3,031-348-8616,031-348-8509,https://gunposingicho.goegu.kr/index.do,1300시1300분~1700시1700분,0,0,0,1,0,42,0,0,0,20,0,0,0,0,11,0,37.3386453068,126.9327809147
경기도교육청,군포의왕교육지원청,군포초등학교병설유치원,공립(병설),이경옥,이경옥,19810302,19810302,경기도 군포시 군포로 463,031-393-6630,031-393-6632,https://gunpocho.goegu.kr/gunpocho/main.do,0800시0800분~1900시1900분,0,1,1,0,1,44,0,20,24,0,4,0,5,8,0,5,37.3482461597,126.9419338504
경기도교육청,군포의왕교육지원청,그린유치원,사립(사인),현춘자,조현정,19941201,19941201,경기도 군포시 산본로432번길 10,031-396-4161,031-397-4162, ,0900시0900분~1830시1830분,1,1,1,0,0,150,30,18,40,0,0,10,12,13,0,0,37.3685460698531,126.928158503947
경기도교육청,군포의왕교육지원청,그림유치원,사립(사인),이정희,노인숙,19931001,19931001,경기도 군포시 고산로539번길 18,031-391-8176,031-395-3774, ,0800시0800분~1930시1930분,2,1,1,0,0,140,36,22,26,0,0,24,15,26,0,0,37.3629805419259,126.922133719066
경기도교육청,군포의왕교육지원청,금정초등학교병설유치원,공립(병설),김정화,김정화,19850218,19850305,경기도 군포시 금정로 40,031-458-3544,031-452-9975,geumjeongcho.goegu.kr,0900시0900분~1900시1900분,0,0,1,1,0,38,0,0,24,14,0,0,0,8,4,0,37.3671119239,126.9411581053
경기도교육청,군포의왕교육지원청,꿈나무유치원,사립(사인),전명옥,홍혜아,19860327,19860327,경기도 의왕시 내손순환로 26,031-423-2330,031-422-2330, ,0800시0800분~1900시1900분,2,1,1,0,0,160,36,22,26,0,0,26,22,20,0,0,37.3861403761945,126.975495124572
경기도교육청,군포의왕교육지원청,꿈열매유치원,사립(사인),엄영란,주온순,20130301,20130301,경기도 의왕시 양지편2로 15,070-4420-1130,031-421-3508, ,0900시0900분~1900시1900분,2,2,2,0,0,142,36,44,52,0,0,36,43,47,0,0,37.3898575179934,126.996197490577
경기도교육청,군포의왕교육지원청,내손초등학교병설유치원,공립(병설),오천심,오천심,20130301,20130301,경기도 의왕시 내손순환로 175,031-425-5688, ,https://naesoncho.goegu.kr/,1300시1300분~1730시1730분,0,0,0,1,0,18,0,0,0,18,0,0,0,0,5,0,37.3888496555285,126.981981759262
경기도교육청,군포의왕교육지원청,당정초등학교병설유치원,공립(병설),김경관,김경관,20080301,20080301,경기도 군포시 고산로151번길 26-24,031-455-5659,031-455-5635,https://dangjeongcho.goegu.kr,1300시1300분~1900시1900분,0,0,0,1,0,20,0,0,0,20,0,0,0,0,8,0,37.3465690078543,126.954758594121
경기도교육청,군포의왕교육지원청,덕장초등학교병설유치원,공립(병설),이영희,이영희,19960115,19960312,경기도 의왕시 덕장로 33,031-422-9757,031-425-8823,https://deokjangcho.goegu.kr/,0900시0900분~1900시1900분,0,0,1,1,1,42,0,0,24,14,4,0,0,8,7,3,37.3922147406,126.9970748681
경기도교육청,군포의왕교육지원청,둔전초등학교병설유치원,공립(병설),박수자,박수자,19970116,19970310,경기도 군포시 고산로 542,031-398-0914, , ,1300시1300분~1900시1900분,0,0,1,0,0,24,0,0,24,0,0,0,0,14,0,0,37.3614816138787,126.92436419079
경기도교육청,군포의왕교육지원청,럭키유치원,사립(사인),김재희,김재희,20100804,20100804,경기도 군포시 용호1로16번길 26,031-399-5404,031-396-2849, ,0800시0800분~1930시1930분,1,1,1,0,0,120,18,22,26,0,0,8,14,10,0,0,37.3455585606851,126.940282802187
경기도교육청,군포의왕교육지원청,밝음유치원,사립(사인),최정자,이연희,19941201,19941201,경기도 군포시 산본로 418,031-395-8998,031-395-8997, ,0800시0800분~1900시1900분,2,1,1,0,0,90,36,22,26,0,0,26,21,22,0,0,37.3668758827218,126.928357519823
경기도교육청,군포의왕교육지원청,백운초등학교병설유치원,공립(병설),임연수,임연수,19850305,19850305,경기도 의왕시 백운초등길 4,031-423-9465, , ,1300시1300분~1900시1900분,1,1,1,0,1,58,12,20,22,0,4,4,8,5,0,4,37.3855491888,126.9747085128
경기도교육청,군포의왕교육지원청,백운호수초등학교병설유치원,공립(병설),박정환,박정환,20190301,20190301,경기도 의왕시 백운중앙로 57,031-340-0471, , ,0900시0900분~1900시1900분,1,1,1,0,0,58,14,20,24,0,0,10,11,11,0,0,37.37067770937777,127.00600150930497
경기도교육청,군포의왕교육지원청,부곡중앙초등학교병설유치원,공립(병설),곽춘수,곽춘수,20100301,20100301,경기도 군포시 송부로273번길 7,031-462-0654,031-462-0656,https://bgjacho.goegu.kr,0900시0900분~1730시1730분,0,0,0,1,0,44,0,0,0,18,0,0,0,0,15,0,37.3226904838,126.9410343944
경기도교육청,군포의왕교육지원청,사랑유치원,사립(사인),유은석,홍은미,19940301,19940301,경기도 군포시 오금로 24,031-395-2255,031-395-2254, ,0800시0800분~1900시1900분,2,2,1,0,0,99,35,39,25,0,0,33,37,25,0,0,37.3522256071744,126.931493972838
경기도교육청,군포의왕교육지원청,산본유치원,사립(사인),이충헌,김정수,19930721,19940701,경기도 군포시 고산로 646-20,031-392-5566,031-393-0286, ,0730시0730분~1900시1900분,2,1,2,0,0,90,36,18,36,0,0,34,21,35,0,0,37.3677136167441,126.932173995301
경기도교육청,군포의왕교육지원청,산본초등학교병설유치원,공립(병설),유명숙,유명숙,19860601,19860601,경기도 군포시 산본로386번길 60,031-397-5931,031-397-5933,https://sanboncho.goegu.kr/sanboncho/main.do,0800시0800분~1900시1900분,1,2,1,0,1,78,14,40,24,0,4,10,28,25,0,4,37.3687762007,126.934591289
경기도교육청,군포의왕교육지원청,성유유치원,사립(사인),윤형호,김성희,19840305,19840305,경기도 군포시 군포로471번길 28,031-393-3228,031-393-7538, ,0800시0800분~1900시1900분,3,3,3,0,0,195,54,66,78,0,0,39,66,60,0,0,37.3489082010879,126.942216070946
경기도교육청,군포의왕교육지원청,소중한아이들유치원,사립(사인),신혜경,주미숙,20061024,20070301,경기도 군포시 한세로4번길 21,031-451-1630,031-451-1628, ,0730시0730분~1930시1930분,3,3,2,0,0,192,54,66,52,0,0,54,63,37,0,0,37.34446827,126.9507482306
경기도교육청,군포의왕교육지원청,송안초등학교병설유치원,공립(병설),허진영,허진영,20190901,20190901,경기도 군포시 송부로 92,031-687-3774,031-687-3779,http://www.songan.es.kr,0900시0900분~1900시1900분,1,1,2,0,1,82,13,19,46,0,4,7,19,28,0,3,37.3179774042,126.9211819986
경기도교육청,군포의왕교육지원청,숲속해뜰유치원,공립(단설),문정명,문정명,20200301,20200301,경기도 군포시 번영로 12,031-462-0990,031-462-9219,http://supsokhaetteulyu.goegu.kr,0800시0800분~1900시1900분,3,2,2,0,1,134,42,40,48,0,4,42,40,38,0,4,37.3234163260799,126.940116497189
경기도교육청,군포의왕교육지원청,신흥초등학교병설유치원,공립(병설),이영숙,이영숙,20060902,20060902,경기도 군포시 고산로 470,031-398-0126,031-395-0125,홈페이지https://sinheungcho.goegu.kr,1300시1300분~1700시1700분,0,0,1,0,0,24,0,0,24,0,0,0,0,5,0,0,37.3565016179,126.9266132652
경기도교육청,군포의왕교육지원청,여수룬유치원,사립(사인),정종술,유정아,19940817,19941001,경기도 군포시 오금로 39,031-395-4169,031-393-4165, ,0730시0730분~1900시1900분,3,2,1,0,0,123,51,44,28,0,0,29,23,20,0,0,37.3533941317055,126.932691184343
경기도교육청,군포의왕교육지원청,용호초등학교병설유치원,공립(병설),음미경,음미경,19980310,19980310,경기도 군포시 용호2로 12,031-391-6624,031-398-4385,http://www.yongho.es.kr/main.php,0900시0900분~1900시1900분,0,0,0,1,0,18,0,0,0,18,0,0,0,0,8,0,37.3422663648,126.94077858
경기도교육청,군포의왕교육지원청,우성유치원,사립(사인),임승빈,피어라(직무대리),19960304,19960304,경기도 군포시 고산로677번길 24-22,031-395-7805,031-399-3284, ,0800시0800분~1900시1900분,3,1,1,0,0,118,54,22,22,0,0,47,22,18,0,0,37.3733565738,126.9331868004
경기도교육청,군포의왕교육지원청,의왕덕성초등학교병설유치원,공립(병설),김진이,김진이,20030301,20030301,경기도 의왕시 덕영대로 123,031-347-0588, ,https://uiwangdeokseongcho.goegu.kr,0900시0900분~1700시1700분,0,0,0,1,0,20,0,0,0,20,0,0,0,0,8,0,37.3215823102,126.958200977
경기도교육청,군포의왕교육지원청,의왕부곡초등학교병설유치원,공립(병설),최미선,최미선,19810305,19810305,경기도 의왕시 철도박물관로 143,031-8084-6970,031-462-4722,http://www.uwbugok.es.kr/index.php,1300시1300분~1900시1900분,1,0,0,1,1,34,12,0,0,18,4,6,0,0,6,2,37.3164110851,126.9499973344
경기도교육청,군포의왕교육지원청,의왕초등학교병설유치원,공립(병설),장지원,장지원,20020301,20020301,경기도 의왕시 모락로 56,031-457-5743,031-457-5742,www.uiwang.es.kr,0900시0900분~1900시1900분,0,0,0,1,0,18,0,0,0,18,0,0,0,0,9,0,37.363417514,126.9682099992
경기도교육청,군포의왕교육지원청,의왕푸른초등학교병설유치원,공립(병설),이혜정,이혜정,20260301,20260301,경기도 의왕시 시청1로 7,031-360-2919,031-360-2913,https://uiwangpureuncho.goegu.kr,0900시0900분~1900시1900분,1,2,1,0,0,78,14,40,24,0,0,14,25,16,0,0, , 
경기도교육청,군포의왕교육지원청,창의마을유치원,사립(사인),김옥경,김은실,20120620,20120620,경기도 군포시 용호1로2번안길 2,031-395-0020,031-395-0025, ,0900시0900분~1900시1900분,5,5,2,1,0,252,85,105,50,21,0,78,105,48,21,0,37.3437463215635,126.939042288767
경기도교육청,군포의왕교육지원청,천사유치원,사립(사인),박윤자,오정미,19941004,19941004,경기도 군포시 수리산로 216,031-393-3004,031-393-7191, ,0820시0820분~1830시1830분,2,3,2,0,0,162,36,66,52,0,0,36,58,49,0,0,37.3658385889956,126.923013108095
경기도교육청,군포의왕교육지원청,청운유치원,사립(법인),재단법인고신총회유지재단,박혜성,19920919,19920919,경기도 군포시 산본천로 119-13,031-391-2001,031-399-0671, ,0900시0900분~1930시1930분,1,1,1,0,0,66,18,22,26,0,0,11,6,8,0,0,37.3655655371662,126.933468452096
경기도교육청,군포의왕교육지원청,포일사과나무유치원,공립(단설),양인숙,양인숙,20200301,20200301,경기도 의왕시 이미로 16,031-422-0051,031-422-0981,https://poilappletreeyu.goegu.kr,0800시0800분~1900시1900분,3,2,2,0,2,138,42,40,48,0,8,40,33,36,0,5,37.400397055,126.9878894678
경기도교육청,군포의왕교육지원청,포일성모유치원,사립(법인),이용훈,김영남,19940107,19940107,경기도 의왕시 정우2길 8,031-424-0123,031-421-9396,http://cafe.naver.com/poilsungmo,0900시0900분~1730시1730분,2,2,1,0,0,150,36,44,25,0,0,36,44,25,0,0,37.3833564452674,126.984609794639
경기도교육청,군포의왕교육지원청,포일초등학교병설유치원,공립(병설),박신정,박신정,20120301,20120301,경기도 의왕시 포일세거리로 51,031-422-2481,031-422-0295,http://www.poil.es.kr,0900시0900분~1700시1700분,0,0,0,1,1,18,0,0,0,14,4,0,0,0,5,2,37.3995820375,126.985636996
경기도교육청,군포의왕교육지원청,프라임자연유치원,사립(사인),이상혁,박초연,20040107,20040107,경기도 의왕시 위인로 25,031-477-8820,031-477-3224,https://naturekindergarten.kidsnote.ac,0800시0800분~1900시1900분,4,4,2,0,0,236,72,88,52,0,0,69,73,50,0,0,37.3438130924,126.9788696647
경기도교육청,군포의왕교육지원청,현대유치원,사립(사인),이주영,임지희,20030225,20030225,경기도 의왕시 원골로 43,031-453-7942,031-451-7942, ,0800시0800분~1900시1900분,2,0,1,2,0,150,36,0,26,44,0,27,0,25,44,0,37.3626848281575,126.9702485353
경기도교육청,군포의왕교육지원청,홍하유치원,사립(사인),정미애,박수연,19930907,19930907,경기도 군포시 번영로550번길 15,031-391-8110, , ,0800시0800분~1900시1900분,3,3,2,0,0,177,54,66,52,0,0,55,62,51,0,0,37.3591124469,126.938543329
경기도교육청,김포교육지원청,가현도담유치원,사립(사인),설미화,설미화,20151112,20160301,경기도 김포시 김포한강8로194번길 20-8,031-985-0373,031-985-0374,http://ghdodam.kidswon.com,0730시0730분~1830시1830분,5,4,4,0,0,284,90,88,96,0,0,88,80,94,0,0,37.6388596500003,126.645109057962
경기도교육청,김포교육지원청,가현초등학교병설유치원,공립(병설),박계원,박계원,20110901,20110901,경기도 김포시 김포한강2로 83,031-996-1870,031-996-1867,https://gahyeon-e.gpoe.kr/gahyeon-e/main.do,0830시0830분~1900시1900분,1,1,1,0,0,58,14,20,24,0,0,12,11,20,0,0,37.6380758333,126.6740022574
경기도교육청,김포교육지원청,감정초등학교병설유치원,공립(병설),이재환,이재환,19991122,20000301,경기도 김포시 중봉로 11,031-982-0609, ,https://kamjung-e.gpoe.kr,0900시0900분~1900시1900분,0,0,0,1,0,18,0,0,0,18,0,0,0,0,11,0,37.6234829926,126.6953317134
경기도교육청,김포교육지원청,개곡초등학교병설유치원,공립(병설),위재옥,위재옥,19810307,19810307,경기도 김포시 애기봉로 445,031-987-6356,031-981-6555,https://gaegok-e.gpoe.kr,0900시0900분~1900시1900분,0,0,0,1,0,20,0,0,0,20,0,0,0,0,10,0,37.7318721735137,126.593798856428
경기도교육청,김포교육지원청,걸포초등학교병설유치원,공립(병설),박성진,박성진,20110301,20110301,경기도 김포시 걸포로 22,031-987-4897,031-987-4894,https://geolpo-e.gpoe.kr/geolpo-e/main.do,0800시0800분~1900시1900분,1,1,1,0,0,58,14,20,24,0,0,12,13,15,0,0,37.6335902433979,126.707553501107
경기도교육청,김포교육지원청,경희유치원,사립(사인),박경애,박경애,20130215,20130301,경기도 김포시 김포대로1127번길 128,031-996-6820,031-983-4552, ,0800시0800분~1900시1900분,3,3,2,0,0,200,54,60,40,0,0,50,50,35,0,0,37.6292314767198,126.699547855097
경기도교육청,김포교육지원청,고창초등학교병설유치원,공립(병설),이철희,이철희,19810309,19810309,경기도 김포시 김포한강1로98번길 35,031-985-0570, , ,0900시0900분~1900시1900분,0,0,0,1,1,18,0,0,0,18,4,0,0,0,5,4,37.6459545782,126.6725016151
경기도교육청,김포교육지원청,고촌초등학교병설유치원,공립(병설),강준희,강준희,19800301,19800301,경기도 김포시 신곡로29번길 30,070-4890-7009,031-985-1805,https://gochon-e.gpoe.kr/,0830시0830분~1900시1900분,0,0,1,1,0,38,0,0,24,14,0,0,0,7,14,0,37.6057618696507,126.772945902907
경기도교육청,김포교육지원청,글로벌리더유치원,사립(사인),이승희,이승희,20090917,20090917,경기도 김포시 조강로56번길 116-19,031-984-4800, ,https://glesk.kidsnote.ac,0800시0800분~1930시1930분,2,3,4,0,0,180,46,60,74,0,0,25,41,74,0,0,37.6949129886,126.6045006382
경기도교육청,김포교육지원청,금란초등학교병설유치원,공립(병설),김홍섭,김홍섭,19810301,19810307,경기도 김포시 고촌읍 장곡로 42,031-990-5847,031-985-7657,https://kumran-e.gpoe.kr/,0900시0900분~1900시1900분,0,0,0,1,0,18,0,0,0,18,0,0,0,0,10,0,37.6077381045,126.7511201269
경기도교육청,김포교육지원청,금성초등학교병설유치원,공립(병설),정현학,정현학,19810301,19810301,경기도 김포시 하성로795번길 26,031-987-1242,031-988-4438,https://gks-e.gpoe.kr/gks-e/main.do,0900시0900분~1900시1900분,0,0,0,1,0,18,0,0,0,18,0,0,0,0,5,0,37.7447156213,126.6324744506
경기도교육청,김포교육지원청,금파초등학교병설유치원,공립(병설),양경말,양경말,20010226,20010226,경기도 김포시 김포대로926번길 74,031-984-4070, ,https://gp-e.gpoe.kr/,0830시0830분~1900시1900분,0,0,0,1,0,20,0,0,0,20,0,0,0,0,18,0,37.6242402161423,126.716780031961
경기도교육청,김포교육지원청,김포가온유치원,공립(단설),엄윤경,엄윤경,20210301,20210301,경기도 김포시 태장로 845,031-8049-6770,031-8049-6772,https://gaon-k.gpoe.kr,0800시0800분~1900시1900분,3,3,3,0,0,174,42,60,72,0,0,42,49,51,0,0,37.6354778805,126.6783399875
경기도교육청,김포교육지원청,김포구래초등학교병설유치원,공립(병설),김영득,김영득,20200901,20200901,경기도 김포시 김포한강9로12번길 77,031-8049-2200, ,https://gurae-e.gpoe.kr/gurae-e/main.do,0900시0900분~1900시1900분,1,1,1,0,0,58,14,20,24,0,0,14,14,20,0,0,37.6400935206,126.6284440356
경기도교육청,김포교육지원청,김포금빛초등학교병설유치원,공립(병설),김병호,김병호,20170301,20170306,경기도 김포시 태장로 821,031-999-8780,031-999-8774,https://geumbit-e.gpoe.kr,0830시0830분~1900시1900분,1,0,0,1,0,84,14,0,0,20,0,4,0,0,9,0,37.63541532,126.6793542392
경기도교육청,김포교육지원청,김포나진초등학교병설유치원,공립(병설),이순호,이순호,20200901,20200901,경기도 김포시 걸포2로 58,031-8049-2180,031-3455-1088,https://www.gpnj.es.kr/,0900시0900분~1900시1900분,0,0,0,1,0,90,0,0,0,18,0,0,0,0,5,0,37.6358186519,126.7024150064
경기도교육청,김포교육지원청,김포대명초등학교병설유치원,공립(병설),이옥규,이옥규,19810302,19810302,경기도 김포시 대곶로20번길 17,031-989-2942,031-989-1004,https://kpdm-e.gpoe.kr/kpdm-e/main.do,0900시0900분~1900시1900분,0,0,0,1,0,20,0,0,0,20,0,0,0,0,4,0,37.6476738728627,126.553197026541
경기도교육청,김포교육지원청,김포서초등학교병설유치원,공립(병설),김귀분,김귀분,20090301,20090301,경기도 김포시 봉화로 188,031-981-8515,031-984-6297,http://www.gimposeo.es.kr/gimposeo.asp,0830시0830분~1900시1900분,0,0,0,1,0,20,0,0,0,20,0,0,0,0,8,0,37.628749279,126.7015447473
경기도교육청,김포교육지원청,김포신풍초등학교병설유치원,공립(병설),강재자,강재자,20060302,20060302,경기도 김포시 풍무로208번길 14,031-996-0920,031-996-0919,https://www.gpoe.kr/gpsp-e/main.do,0830시0830분~1700시1700분,0,0,0,1,0,20,0,0,0,20,0,0,0,0,11,0,37.6130292931,126.7265857345
경기도교육청,김포교육지원청,김포유치원,공립(단설),임소용,임소용,20041101,20041101,경기도 김포시 북변중로25번길 87,031-984-9064,031-986-9064,https://gimpo-k.gpoe.kr,0800시0800분~1900시1900분,2,1,1,0,1,72,28,19,23,0,2,19,11,19,0,2,37.6243172144304,126.709135772001
경기도교육청,김포교육지원청,김포은솔유치원,공립(단설),이영숙,이영숙,20161001,20161001,경기도 김포시 김포한강8로 299,031-985-2791,031-985-2793,http://eunsol-k.gpoe.kr,0730시0730분~1900시1900분,5,5,5,0,3,290,67,97,114,0,12,67,97,99,0,13,37.644748,126.635655
경기도교육청,김포교육지원청,김포한가람유치원,공립(단설),이정희,이정희,20130111,20130301,경기도 김포시 김포한강9로115번길 57,031-996-6571,031-996-6574,https://hangaram-k.gpoe.kr/,0800시0800분~1900시1900분,3,3,3,0,1,173,40,59,70,0,4,39,59,46,0,5,37.647740093,126.6218835925
경기도교육청,김포교육지원청,김포호수초등학교병설유치원,공립(병설),최숙정,최숙정,20130301,20130301,경기도 김포시 김포한강4로420번길 87,031-996-7423,031-996-7426,https://www.gpoe.kr/gimpohosu-e/main.do,0830시0830분~1900시1900분,1,1,1,0,0,58,14,20,24,0,0,6,18,23,0,0,37.6499635948,126.6334560372
경기도교육청,김포교육지원청,꿈솔숲유치원,사립(사인),구순림,구순림,20180214,20180302,경기도 김포시 걸포로 163-32,031-997-7111,031-987-6816,https://dreamsolsup.kidsnote.ac ,0800시0800분~1900시1900분,5,3,2,1,0,240,90,66,52,22,0,85,56,47,20,0,37.6459724712309,126.699865587388
경기도교육청,김포교육지원청,나비초등학교병설유치원,공립(병설),황인복,황인복,20150301,20150301,경기도 김포시 김포한강10로134번길 70,031-8049-9060,031-990-5663,https://nabi-e.gpoe.kr/nabi-e/main.do,0800시0800분~1900시1900분,1,1,1,0,0,58,14,20,24,0,0,9,18,23,0,0,37.6402671524,126.6259944768
경기도교육청,김포교육지원청,다사랑유치원,사립(사인),지윤경,지윤경,20050516,20050516,경기도 김포시 옹주물로 220,031-986-8837,031-986-8832, ,0800시0800분~1900시1900분,6,5,4,0,0,329,108,110,104,0,0,108,110,97,0,0,37.6218903604404,126.689932355094
경기도교육청,김포교육지원청,다솜유치원,사립(사인),황혜정,전재현,19990223,19990301,경기도 김포시 풍무로 36,031-998-3355,031-998-3357,http://dasom1004.kidsnote.ac,0730시0730분~1830시1830분,2,2,1,0,0,120,36,44,26,0,0,35,35,16,0,0,37.5984631398467,126.72141165064
경기도교육청,김포교육지원청,달빛유치원,공립(단설),윤순애,윤순애,20210901,20210901,경기도 김포시 고촌읍 태리로 261-6,031-987-2730,031-987-2954,https://dalbit-k.gpoe.kr,0800시0800분~1900시1900분,4,5,5,0,3,288,56,100,120,0,12,56,92,112,0,7,37.5950195898295,126.761749126788
경기도교육청,김포교육지원청,대곶초등학교병설유치원,공립(병설),우수식,우수식,19810310,19810310,경기도 김포시 율생중앙로36번길 19,031-981-9450,031-981-2977,https://daegot-e.gpoe.kr/daegot-e/main.do,0900시0900분~1700시1700분,0,0,0,1,0,18,0,0,0,18,0,0,0,0,16,0,37.652202614785,126.584087907099
경기도교육청,김포교육지원청,드림유치원,사립(사인),김주동,장길남,20131216,20140301,경기도 김포시 김포한강11로 236,031-989-7952,031-989-7958, ,0800시0800분~1900시1900분,1,1,2,0,0,190,18,22,52,0,0,17,18,26,0,0,37.6528261326767,126.676478896594
경기도교육청,김포교육지원청,라온유치원,사립(사인),김기택,윤지현,20150202,20150301,경기도 김포시 김포대로1216번길 152-1,031-8049-3933,031-8049-3930,http://www.raonkindergarten.com,0730시0730분~1900시1900분,2,2,2,0,0,128,36,44,48,0,0,24,35,35,0,0,37.6435887020406,126.695976326627
경기도교육청,김포교육지원청,리라유치원,사립(사인),윤영환,김금옥,19990609,19990609,경기도 김포시 김포대로2344번길 109,031-981-2288, , ,0800시0800분~1900시1900분,1,2,1,0,0,135,18,30,18,0,0,15,15,10,0,0,37.6970005326953,126.59225696455
경기도교육청,김포교육지원청,마송중앙초등학교병설유치원,공립(병설),신정희,신정희,20100301,20100301,경기도 김포시 마송1로 140,031-996-0795,031-996-0797,https://msja-e.gpoe.kr,0900시0900분~1900시1900분,0,0,0,1,0,18,0,0,0,18,0,0,0,0,14,0,37.6893566290604,126.593674989556
경기도교육청,김포교육지원청,마송초등학교병설유치원,공립(병설),이호중,이호중,19810307,19810307,경기도 김포시 흥신로 315,031-989-0153,031-987-1175, ,0830시0830분~1900시1900분,0,0,0,1,0,20,0,0,0,18,0,0,0,0,6,0,37.6844426278128,126.606302867446
경기도교육청,김포교육지원청,모담유치원,공립(단설),김준희,김준희,20160901,20160901,경기도 김포시 모담공원로28번길 36,031-996-9720,031-996-9798,https://modam-k.gpoe.kr/modam-k/main.do,0800시0800분~1900시1900분,6,5,4,0,3,280,83,98,88,0,11,82,83,75,0,11,37.6514215877,126.6830480465
경기도교육청,김포교육지원청,물빛유치원,공립(단설),윤영연,윤영연,20210301,20210301,경기도 김포시 고촌읍 상미3로 17,031-8048-3100,031-8048-3120,https://mulbit-k.gpoe.kr/,0750시0750분~1900시1900분,5,4,3,0,2,222,68,76,70,0,8,65,74,70,0,6,37.6187440424,126.7500770792
경기도교육청,김포교육지원청,반디유치원,사립(사인),천범자,김영미,20140904,20140915,경기도 김포시 김포한강9로 47,0319966400,031-996-1880,http://cafe.naver.com/gpbdkg,0800시0800분~1900시1900분,5,4,4,0,0,335,90,110,135,0,0,72,85,104,0,0,37.641030574114,126.626238518537
경기도교육청,김포교육지원청,보름초등학교병설유치원,공립(병설),노희권,노희권,20200208,20200309,경기도 김포시 고촌읍 태리로 267,031-5186-1605,031-5186-1608,https://boreum-e.gpoe.kr/boreum-e/main.do,0830시0830분~1900시1900분,1,1,1,0,0,58,14,20,24,0,0,11,8,12,0,0,37.5947132034,126.7625738704
경기도교육청,김포교육지원청,샘재유치원,공립(단설),최수진,최수진,20160901,20160905,경기도 김포시 모담공원로167번길 90,031-987-3980,031-987-2935,https://sj-k.gpoe.kr,0740시0740분~1900시1900분,5,4,4,0,2,254,70,80,96,0,8,67,64,71,0,8,37.6478865567,126.6991394802
경기도교육청,김포교육지원청,서암초등학교병설유치원,공립(병설),신현철,신현철,19810301,19810301,경기도 김포시 서암로184번길 9,031-987-4290, ,https://seoam-e.gpoe.kr,0830시0830분~1900시1900분,0,0,0,1,0,18,0,0,0,18,0,0,0,0,9,0,37.7002050178395,126.603847797423
경기도교육청,김포교육지원청,석정초등학교병설유치원,공립(병설),김민정,김민정,19810302,19810302,경기도 김포시 대곶로331번길 10,031-989-3706,031-989-0295,https://sukjung-e.gpoe.kr/,0900시0900분~1900시1900분,0,0,0,1,0,20,0,0,0,20,0,0,0,0,3,0,37.6736568216513,126.5546535898
경기도교육청,김포교육지원청,솔터초등학교병설유치원,공립(병설),김정금 ,김정금,20120301,20120301,경기도 김포시 김포한강7로22번길 61,031-996-2546,031-996-2545,https://solteo-e.gpoe.kr/solteo-e/main.do,0900시0900분~1900시1900분,1,1,1,0,0,58,14,20,24,0,0,6,8,17,0,0,37.6412084655,126.6343526398
경기도교육청,김포교육지원청,수남초등학교병설유치원,공립(병설),이일현,이일현,19810301,19810302,경기도 김포시 수남로21번길 24,031-987-3691,031-987-0140,https://sunam-e.gpoe.kr/sunam-e/main.do,0900시0900분~1900시1900분,0,0,0,1,0,18,0,0,0,18,0,0,0,0,8,0,37.628590389945,126.587518251212
경기도교육청,김포교육지원청,숙명여자대학교부속풍무숙명유치원,사립(법인),김윤희,김윤희,20160901,20160901,경기도 김포시 유현로 200,031-996-5211, ,http://smkindergarten.co.kr/,0800시0800분~1800시1800분,2,2,2,0,0,180,36,44,52,0,0,36,44,48,0,0,37.609465995785825,126.73326169415004
경기도교육청,김포교육지원청,신곡초등학교병설유치원,공립(병설),강연희,강연희,20080401,20080401,경기도 김포시 고촌읍 수기로 67-30,031-986-9534,031-986-9537,https://singok-e.gpoe.kr/singok-e/main.do,0900시0900분~1900시1900분,0,0,1,1,0,38,0,0,24,14,0,0,0,8,14,0,37.5967118863,126.7664389958
경기도교육청,김포교육지원청,신안유치원,사립(사인),김정애,김영신,20010302,20010302,경기도 김포시 감정로38번길 29,031-987-9525,031-987-9525,https://m.cafe.naver.com/ca-fe/shinan2030,0730시0730분~1900시1900분,3,3,1,0,0,154,54,44,26,0,0,50,39,24,0,0,37.6192344244897,126.699347748312
경기도교육청,김포교육지원청,신양초등학교병설유치원,공립(병설),장진,장진,20100301,20100301,경기도 김포시 양곡3로 47,031-996-0384,031-998-0384,https://sinyang-e.gpoe.kr/sinyang-e/na/ntt/selectNttList.do?mi=6570&bbsId=3447,0830시0830분~1900시1900분,1,1,1,0,0,58,14,20,24,0,0,3,17,22,0,0,37.6557035986,126.633881117
경기도교육청,김포교육지원청,아리유치원,공립(단설),김경희,김경희,20210301,20210301,경기도 김포시 걸포2로 62,031-5186-1400,031-5186-1480,https://ari-k.gpoe.kr,0800시0800분~1900시1900분,4,4,4,0,1,232,55,79,94,0,4,55,67,78,0,3,37.6348681555,126.7015390744
경기도교육청,김포교육지원청,양곡숲유치원,사립(사인),박문두,김경화,20140107,20140304,경기도 김포시 양곡3로 164,031-987-5522,031-987-1221,https://www.yanggokforest.com/,0800시0800분~1930시1930분,2,2,2,0,0,180,36,44,48,0,0,28,39,39,0,0,37.6629950344356,126.631890961333
경기도교육청,김포교육지원청,양곡초등학교병설유치원,공립(병설),박유순,박유순,19810301,19810301,경기도 김포시 양곡로 556-3,031-981-7321,031-981-2786,https://yanggok-e.gpoe.kr/yanggok-e/main.do,0830시0830분~1900시1900분,0,0,1,1,1,38,0,0,21,13,4,0,0,5,6,4,37.6550557689,126.6212369579
경기도교육청,김포교육지원청,양도초등학교병설유치원,공립(병설),류인숙,류인숙,20050301,20050301,경기도 김포시 풍무로93번길 31,031-996-4915,031-996-4917,https://yangdo-e.gpoe.kr/yangdo-e/main.do,0900시0900분~1900시1900분,1,1,1,0,1,58,14,20,24,0,4,10,11,12,0,4,37.6031872956,126.7204992719
경기도교육청,김포교육지원청,에릭한유치원,사립(법인),황영옥,박인숙,20160302,20160302,경기도 김포시 김포한강2로 266,031-988-8750,031-998-8793, ,0800시0800분~1900시1900분,5,4,4,0,0,282,90,88,104,0,0,74,80,104,0,0,37.648092351749,126.663152319233
경기도교육청,김포교육지원청,예그랑유치원,사립(사인),장인자,장인자,20000314,20000314,경기도 김포시 유현로 7,031-998-2246,031-998-2242, ,0740시0740분~1930시1930분,4,3,2,1,0,190,71,66,33,20,0,71,66,33,20,0,37.5962961074,126.7230172892
경기도교육청,김포교육지원청,예그린유치원,사립(사인),김현미 지재웅,김희정,20190430,20200301,경기도 김포시 김포한강8로148번길 82-3,031-982-5271,031-982-5274,http://www.yegreen.co.kr,0800시0800분~1900시1900분,5,4,5,0,0,320,100,100,120,0,0,74,74,92,0,0,37.63436326,126.646198
경기도교육청,김포교육지원청,예원유치원,사립(사인),최영란,최영란,20060118,20060118,경기도 김포시 풍년로 22,031-983-5650,031-997-5650,https://yewon.kidsnote.ac,0740시0740분~1900시1900분,2,2,2,0,0,130,36,44,50,0,0,18,38,37,0,0,37.6230086443707,126.72450358675
경기도교육청,김포교육지원청,예은유치원,사립(사인),이영호,윤미희,20010411,20010411,경기도 김포시 김포한강2로 130,031-986-6179,031-998-7802,https://blog.naver.com/yeungood1,0730시0730분~1900시1900분,4,5,4,0,0,322,72,110,96,0,0,72,100,93,0,0,37.6405915948571,126.669661637113
경기도교육청,김포교육지원청,예일유치원,사립(사인),이규화,김지은,19920104,19920302,경기도 김포시 태리로190번길 40,031-985-7979,031-985-7971, ,0800시0800분~1930시1930분,2,2,3,0,0,157,36,44,72,0,0,36,41,59,0,0,37.6060749860958,126.745835152947
경기도교육청,김포교육지원청,운양초등학교병설유치원,공립(병설),전종근,전종근,20010101,20010101,경기도 김포시 전원로38번길 99,031-983-7613,031-986-1893,https://woonyang-e.gpoe.kr/,0900시0900분~1900시1900분,1,1,1,0,1,58,14,20,24,0,4,7,6,13,0,1,37.6459981472,126.6892908614
경기도교육청,김포교육지원청,운유초등학교병설유치원,공립(병설),이승민,이승민,20120301,20120301,경기도 김포시 김포한강2로 239,031-996-2745,031-996-2748,https://unyu-e.gpoe.kr/unyu-e/main.do,0830시0830분~1900시1900분,2,1,1,0,0,72,28,20,24,0,0,17,15,19,0,0,37.6467765949,126.6603856017
경기도교육청,김포교육지원청,월곶초등학교병설유치원,공립(병설),최태하,최태하,19080401,19810310,경기도 김포시 군하로276번길 28,031-989-4779,031-981-8042,https://wallgot-e.gpoe.kr/,0830시0830분~1900시1900분,0,0,0,1,0,20,0,0,0,20,0,0,0,0,8,0,37.7177107915,126.5521793785
경기도교육청,김포교육지원청,유현초등학교병설유치원,공립(병설),김은하,김은하,20010305,20010305,경기도 김포시 유현로33번길 50,031-987-8564,031-987-7314,https://youhyun-e.gpoe.kr/youhyun-e/main.do,0830시0830분~1900시1900분,0,0,0,1,0,20,0,0,0,20,0,0,0,0,13,0,37.5983686171,126.7269137861
경기도교육청,김포교육지원청,은여울초등학교병설유치원,공립(병설),김남훈,김남훈,20190301,20190308,경기도 김포시 김포한강8로 173-38,031-980-1070,031-980-1079,http://www.eunyeoul.es.kr/,0900시0900분~1900시1900분,1,1,1,0,0,58,14,20,24,0,0,14,20,21,0,0,37.6383491116,126.6406240298
경기도교육청,김포교육지원청,이든유치원,사립(사인),안인모 조온순 안효훈,안효훈,20180215,20180301,경기도 김포시 김포한강2로24번길 34,031-998-2015, ,http://www.edenkids.net,0800시0800분~2000시2000분,5,4,3,0,0,256,90,88,78,0,0,86,65,76,0,0,37.6440376118981,126.676743294345
경기도교육청,김포교육지원청,이화유치원,사립(사인),송태용,정진희,20120302,20120302,경기도 김포시 양도로 30,031-988-1907,031-986-1907,https://ehwak.kidsnote.ac/home/main,0740시0740분~1900시1900분,2,3,2,0,0,150,36,66,52,0,0,36,64,50,0,0,37.6063712107147,126.725766010067
경기도교육청,김포교육지원청,장기조은유치원,사립(사인),이주란,임숙영,20130228,20130301,경기도 김포시 김포한강2로 81,0319981911,031-998-2421,https://cafe.naver.com/janggichoeun,0900시0900분~1900시1900분,4,3,2,0,0,263,72,66,52,0,0,60,50,46,0,0,37.6385355246608,126.674391029922
경기도교육청,김포교육지원청,장기초등학교병설유치원,공립(병설),설진희,설진희,20080327,20080327,경기도 김포시 김포한강2로 173,031-996-9636,031-996-9634,http://www.janggee.es.kr/wah/main/,0900시0900분~1900시1900분,1,1,1,0,1,58,13,17,24,0,4,12,12,17,0,4,37.6424517987,126.6644106246
경기도교육청,김포교육지원청,중앙유치원,사립(사인),권은희,남궁상,19950305,19950305,경기도 김포시 승가로 14,031-984-4542,031-984-4430,https://joongang.kidsnote.ac,0800시0800분~1830시1830분,3,2,2,0,0,168,54,44,52,0,0,54,44,52,0,0,37.6067936924651,126.720799364818
경기도교육청,김포교육지원청,진명유치원,사립(사인),유정임,양정인,20050302,20050302,경기도 김포시 금파로 159,031-985-7500, ,http://jmkinder.kr,0730시0730분~1900시1900분,2,2,2,0,0,140,36,44,50,0,0,35,30,34,0,0,37.6260186931558,126.725818023759
경기도교육청,김포교육지원청,청수초등학교병설유치원,공립(병설),변국희,변국희,20140301,20140301,경기도 김포시 김포한강11로 256,031-997-3184,031-997-3185,http://www.cheongsu.es.kr,0900시0900분~1900시1900분,1,1,2,0,0,82,14,20,48,0,0,14,12,30,0,0,37.653897045982,126.678697524691
경기도교육청,김포교육지원청,통진초등학교병설유치원,공립(병설),장진석,장진석,20060301,20060301,경기도 김포시 조강로 116,031-983-8264,031-983-8265,https://tongjin-e.gpoe.kr/,0830시0830분~1900시1900분,0,0,0,1,0,18,0,0,0,18,0,0,0,0,6,0,37.6938896002,126.5944166256
경기도교육청,김포교육지원청,푸른솔유치원,공립(단설),심정해,심정해,20130107,20130301,경기도 김포시 김포한강2로 306,031-996-7111,031-996-7113,https://pureunsol-k.gpoe.kr,0800시0800분~1900시1900분,3,3,3,0,1,174,42,60,72,0,4,41,51,61,0,4,37.6515940946,126.665713873
경기도교육청,김포교육지원청,푸른숲유치원,사립(사인),홍종자,김명주,20110901,20110901,경기도 김포시 오니산로 169-26,031-988-1066,031-988-2533, ,0900시0900분~1900시1900분,1,2,2,0,0,257,16,44,48,0,0,11,37,34,0,0,37.66320142132,126.616232998202
경기도교육청,김포교육지원청,풍무초등학교병설유치원,공립(병설),양정모,양정모,19990301,19990301,경기도 김포시 풍무로96번길 71,031-5186-0690,031-983-9687,https://pungmu-e.gpoe.kr/,0900시0900분~1700시1700분,0,0,0,1,0,20,0,0,0,20,0,0,0,0,7,0,37.6043840156,126.7262142776
경기도교육청,김포교육지원청,프라임운양유치원,사립(사인),강성민 권분경,고성희,20160107,20160301,경기도 김포시 김포한강11로 438,031-982-7887,031-982-6887, ,0800시0800분~1900시1900분,2,3,2,0,0,320,36,66,52,0,0,19,44,29,0,0,37.6536410846889,126.697159623043
경기도교육청,김포교육지원청,프라임유치원,사립(사인),강성민,권분경,20121127,20130302,경기도 김포시 양곡2로 5-14,031-998-3388,031-998-3345, ,0800시0800분~2000시2000분,1,1,1,0,0,340,18,22,26,0,0,5,17,17,0,0,37.6518419839662,126.626496486786
경기도교육청,김포교육지원청,하늘빛유치원,사립(사인),김순영,김순영,20091111,20091111,경기도 김포시 풍무로69번길 23,031-982-7070, ,https://cafe.naver.com/skybluecolor7070,0740시0740분~1900시1900분,3,2,2,0,0,137,55,44,38,0,0,55,43,32,0,0,37.6019926221385,126.720164061655
경기도교육청,김포교육지원청,하늘빛초등학교병설유치원,공립(병설),송상훈,송상훈,20130104,20130301,경기도 김포시 김포한강11로 374,031-996-7065,031-996-7069,홈페이지https://haneulbit-e.gpoe.kr,0830시0830분~1900시1900분,1,1,1,0,0,58,14,20,24,0,0,3,12,10,0,0,37.6540307707,126.6898235277
경기도교육청,김포교육지원청,하성초등학교병설유치원,공립(병설),조영연,조영연,19790301,19790301,경기도 김포시 애기봉로 857,031-989-2467,031-981-5123,https://hasung-e.gpoe.kr/hasung-e/main.do,0830시0830분~1900시1900분,0,0,0,1,0,18,0,0,0,18,0,0,0,0,7,0,37.7208672698,126.6321307578
경기도교육청,김포교육지원청,학운초등학교병설유치원,공립(병설),조국제,조국제,19810307,19810307,경기도 김포시 양촌읍 황금로70번길 13,031-989-4155,031-988-1433,https://www.gpoe.kr/hakun-e/main.do,0830시0830분~1700시1700분,0,0,0,1,0,18,0,0,0,18,0,0,0,0,9,0,37.6202999247,126.6248608268
경기도교육청,김포교육지원청,한강유치원,사립(사인),김영목,김희준,20111027,20120301,경기도 김포시 양곡3로1번길 39,031-987-8599, , ,0800시0800분~1830시1830분,4,4,3,0,0,254,72,88,78,0,0,72,88,78,0,0,37.6538351345537,126.630568430369
경기도교육청,김포교육지원청,한울유치원,사립(사인),백명희,남은영,20130304,20130304,경기도 김포시 양곡1로31번길 35-7,031-997-2800,031-997-2809,http://blog.naver.com/hanwool997,0730시0730분~1900시1900분,1,1,1,0,0,273,13,16,24,0,0,7,8,10,0,0,37.6538740988806,126.621714998872
경기도교육청,김포교육지원청,해솔유치원,사립(사인),강선희,강선희,20170120,20170120,경기도 김포시 옹주물로 51-18,031-987-3330,031-989-3555,http://www.haesolkids.com,0800시0800분~1900시1900분,7,6,3,0,0,310,120,120,72,0,0,110,118,70,0,0,37.635515824,126.6859022144
경기도교육청,김포교육지원청,해피앨리스유치원,사립(사인),이정희,이정희,20141224,20150302,경기도 김포시 오니산로 161-45,031-989-9999,031-989-0780,https://happyalice.kidsnote.ac,0730시0730분~1900시1900분,2,2,2,0,0,180,42,48,54,0,0,22,20,25,0,0,37.6641815864732,126.613408868947
경기도교육청,김포교육지원청,효성유치원,사립(사인),장임선,장임선,20101126,20110301,경기도 김포시 장곡로 2-25,031-996-4200,031-996-4202,http://hyosung.kidsnote.ac,0740시0740분~1800시1800분,2,2,2,0,0,135,36,44,52,0,0,36,44,49,0,0,37.6064023102466,126.754961362305
경기도교육청,김포교육지원청,희소유치원,사립(사인),정정미,박경화,20120301,20120301,경기도 김포시 걸포로 24,031-985-9004,031-985-0103, ,0800시0800분~1830시1830분,2,2,1,0,0,234,36,44,26,0,0,36,26,20,0,0,37.633879009613,126.708275776853
경기도교육청,동두천양주교육지원청,가납초등학교병설유치원,공립(병설),류성현,류성현,19810225,19810225,경기도 양주시 부흥로 793,031-836-8940, ,https://ganap-e.goedy.kr/,1300시1300분~1900시1900분,1,1,1,0,0,58,14,20,24,0,0,6,6,14,0,0,37.8193889267518,126.982418054123
경기도교육청,동두천양주교육지원청,고암초등학교병설유치원,공립(병설),홍순옥,홍순옥,20000301,20000301,경기도 양주시 고암길 320,031-858-5436,031-858-5435,https://koam-e.goedy.kr/koam-e/main.do,0900시0900분~1700시1700분,0,0,1,1,0,42,0,0,24,14,0,0,0,9,10,0,37.8351793852609,127.06817497712
경기도교육청,동두천양주교육지원청,광숭초등학교병설유치원,공립(병설),김인천,김인천,20060301,20060301,경기도 양주시 삼숭로58번길 100,031-856-9677,031-856-9676,https://ksoong-e.goedy.kr/ksoong-e/main.do,0900시0900분~1900시1900분,0,0,0,1,0,18,0,0,0,18,0,0,0,0,8,0,37.80154446,127.1073905849
경기도교육청,동두천양주교육지원청,남면초등학교병설유치원,공립(병설),강경순,강경순,20090814,20090814,경기도 양주시 개나리18길 100,031-867-5337,031-862-9074,http://www.nammyen.es.kr,0900시0900분~1700시1700분,0,0,0,1,0,18,0,0,0,18,0,0,0,0,10,0,37.8947191418,126.9747379092
경기도교육청,동두천양주교육지원청,노블키즈유치원,사립(사인),김인구신상숙,신상숙,20071116,20080301,경기도 양주시 삼일로 4-16,031-837-5004,031-837-4004,http://noble5004.quv.kr,1300시1300분~1800시1800분,1,1,1,0,0,154,54,50,50,0,0,10,15,15,0,0,37.8197689203352,126.986661267171
경기도교육청,동두천양주교육지원청,덕계초등학교병설유치원,공립(병설),방성배,방성배,20040901,20040901,경기도 양주시 평화로1489번길 29,031-864-9217,031-864-9216,http://deokgye-es.e-wut.co.kr,0900시0900분~1900시1900분,0,0,1,1,1,42,0,0,24,14,4,0,0,7,7,3,37.823025045249,127.047479983273
경기도교육청,동두천양주교육지원청,덕도초등학교병설유치원,공립(병설),서경희,서경희,19810301,19810301,경기도 양주시 광적로224번길 122,031-855-2448,031-855-1069,https://deokdo-e.goedy.kr/deokdo-e/main.do,0900시0900분~1900시1900분,0,0,0,1,0,18,0,0,0,18,0,0,0,0,4,0,37.8396497455,126.9767836633
경기도교육청,동두천양주교육지원청,덕정초등학교병설유치원,공립(병설),강숙영,강숙영,19810310,19810310,경기도 양주시 덕정1길 28,031-858-9606,031-858-5727,http://www.deokjeong.es.kr,0900시0900분~1900시1900분,0,0,0,1,0,18,0,0,0,18,0,0,0,0,6,0,37.846501692,127.063793351
경기도교육청,동두천양주교육지원청,도둔초등학교병설유치원,공립(병설),유한섭,유한섭,20070901,20070901,경기도 양주시 덕계로3길 51 (덕계동. 도둔초등학교),031-861-5195,031-861-5196,http://www.dodoon.es.kr/smain.html,0900시0900분~1900시1900분,0,0,1,1,0,38,0,0,24,14,0,0,0,10,10,0,37.81355147493241,127.05737080169969
경기도교육청,동두천양주교육지원청,동두천사동유치원,공립(단설),김미아,김미아,20120308,20120308,경기도 동두천시 생연로 65,031-858-0170,031-858-0169,https://sadong-k.goedy.kr/sadong-k/main.do,0900시0900분~1900시1900분,2,2,1,0,1,92,27,39,22,0,4,27,23,21,0,4,37.8978406944,127.047524258
경기도교육청,동두천양주교육지원청,동두천송내초등학교병설유치원,공립(병설),김유진,김유진,20030908,20030908,경기도 동두천시 중앙로 52,031-858-7188,031-858-7186,https://ddcsongnae-e.goedy.kr/ddcsongnae-e/main.do,0900시0900분~1900시1900분,0,0,0,1,0,18,0,0,0,18,0,0,0,0,4,0,37.8861411383,127.0525320852
경기도교육청,동두천양주교육지원청,동두천초등학교병설유치원,공립(병설),강미희,강미희,19810301,19810301,경기도 동두천시 평화로2460번길 4,031-866-4971,031-864-3005,www.dongduchon.es.kr,0900시0900분~1900시1900분,0,0,0,1,0,20,0,0,0,20,0,0,0,0,6,0,37.9083984329,127.0601078503
경기도교육청,동두천양주교육지원청,동보초등학교병설유치원,공립(병설),최덕기,최덕기,19810301,19810301,경기도 동두천시 강변로640번길 31,031-864-2562,031-864-1765,https://dongbo-e.goedy.kr/,0900시0900분~1900시1900분,0,0,0,1,0,18,0,0,0,18,0,0,0,0,7,0,37.9242739799543,127.051068746817
경기도교육청,동두천양주교육지원청,보산초등학교병설유치원,공립(병설),김승기,김승기,19850301,19850301,경기도 동두천시 중앙로 427,031-864-2897,031-863-1336,https://bosan-e.goedy.kr/bosan-e/main.do,0900시0900분~1900시1900분,0,0,0,1,1,18,0,0,0,14,4,0,0,0,10,2,37.9148233550861,127.064111939416
경기도교육청,동두천양주교육지원청,사랑유치원,사립(사인),유재학,최현진,20090825,20090825,경기도 양주시 고암길 270,031-857-2222,031-857-2223, ,0740시0740분~1900시1900분,2,2,2,0,0,180,54,66,55,0,0,26,32,46,0,0,37.834959459895,127.070885864957
경기도교육청,동두천양주교육지원청,삼숭초등학교병설유치원,공립(병설),유경,유경,20050921,20050921,경기도 양주시 삼숭로38번길 112,031-840-7439,031-840-7443,http://www.sams.es.kr,0900시0900분~1900시1900분,0,0,1,1,0,38,0,0,24,14,0,0,0,11,8,0,37.796710661824,127.108189910878
경기도교육청,동두천양주교육지원청,상패초등학교병설유치원,공립(병설),표의창,표의창,19810301,19810301,경기도 양주시 은현로312번길 121-208,031-865-1305,031-861-1330,http://www.sangpae.es.kr,0900시0900분~1900시1900분,0,0,0,1,0,18,0,0,0,18,0,0,0,0,4,0,37.8981904475668,127.026008747021
경기도교육청,동두천양주교육지원청,소요초등학교병설유치원,공립(병설),정부택,정부택,19840615,19840615,경기도 동두천시 봉동로 64,031-865-9275,031-865-9274,https://soyo-e.goedy.kr/soyo-e/main.do,0900시0900분~1900시1900분,0,0,0,1,0,18,0,0,0,18,0,0,0,0,5,0,37.9477895195,127.0541246439
경기도교육청,동두천양주교육지원청,솔빛유치원,사립(사인),이경희,최정희,20161212,20170303,경기도 양주시 어하고개로 27-75,031-866-4319,031-867-4319, ,0730시0730분~1900시1900분,4,4,4,0,0,252,72,88,92,0,0,72,88,92,0,0,37.8024537937,127.0793209252
경기도교육청,동두천양주교육지원청,송랑유치원,공립(단설),신지영,신지영,20100111,20100301,경기도 양주시 고읍남로39번길 95,031-845-4050,031-845-4015,https://songrang-k.goedy.kr/songrang-k/main.do,0800시0800분~1900시1900분,2,2,2,0,2,116,27,37,44,0,8,26,27,20,0,6,37.7895606668,127.0804843338
경기도교육청,동두천양주교육지원청,송추초등학교병설유치원,공립(병설),이미란,이미란,19810309,19810310,경기도 양주시 호국로 499,031-826-2014,031-826-2016,http://songchu-e.goedy.kr,0900시0900분~1900시1900분,0,0,0,1,0,20,0,0,0,20,0,0,0,0,6,0,37.7162053259,126.9704432064
경기도교육청,동두천양주교육지원청,신지초등학교병설유치원,공립(병설),김수경,김수경,20060301,20060301,경기도 양주시 백석읍 양주산성로574번길 20,031-836-8126,031-836-8129,www.sinji.es.kr,0900시0900분~1900시1900분,0,0,0,1,0,18,0,0,0,18,0,0,0,0,10,0,37.7884742273,126.9907521209
경기도교육청,동두천양주교육지원청,아름솔유치원,사립(사인),민연옥,전은혜,20080301,20080301,경기도 양주시 북한산로1011번길 137,031-826-0320,031-826-0451,http://www.arsol.org,0830시0830분~1730시1730분,2,2,2,0,0,132,32,44,40,0,0,26,40,28,0,0,37.7079694655962,126.966343227907
경기도교육청,동두천양주교육지원청,아이림유치원,사립(사인),김현규,신혜란,20090303,20090303,경기도 양주시 부흥로 2067-8,031-847-0104,031-847-0214, ,0750시0750분~1910시1910분,2,3,2,0,0,146,36,66,44,0,0,36,63,44,0,0,37.8050668328383,127.084281681445
경기도교육청,동두천양주교육지원청,양주덕산초등학교병설유치원,공립(병설),이정국,이정국,19810310,19810310,경기도 양주시 평화로 1418-6,031-863-9951,031-862-0929,https://ygdeoksan-e.goedy.kr,0900시0900분~1900시1900분,0,0,1,1,1,42,0,0,24,14,4,0,0,5,10,3,37.8181913721,127.047729003
경기도교육청,동두천양주교육지원청,양주덕현초등학교병설유치원,공립(병설),홍상현,홍상현,19810310,19810310,경기도 양주시 부흥로 1989,031-847-8772, , ,0900시0900분~1900시1900분,0,0,1,1,0,38,0,0,24,14,0,0,0,13,13,0,37.7996368166,127.0808342304
경기도교육청,동두천양주교육지원청,양주유치원,공립(단설),방진숙,방진숙,20151222,20160310,경기도 양주시 옥정동로 240,031-864-9260,031-864-9263,https://yangju-k.goedy.kr,0800시0800분~1900시1900분,6,6,5,0,3,336,84,120,120,0,12,81,114,113,0,10,37.8281592599,127.0992082553
경기도교육청,동두천양주교육지원청,연푸른초등학교병설유치원,공립(병설),신길동,신길동,20230301,20230301,경기도 양주시 옥정서로1길 27,031-868-6677,031-868-8481,https://ypr-e.goedy.kr/,0900시0900분~1900시1900분,1,1,1,0,1,58,14,20,24,0,4,14,20,21,0,2,37.8147882611,127.0872456124
경기도교육청,동두천양주교육지원청,예일유치원,사립(사인),김성자,김성자,20100302,20100302,경기도 양주시 고읍로 17,031-848-5553,031-848-5558,http://www.yaleschool.moapp.kr,0800시0800분~1900시1900분,4,4,4,0,0,317,72,88,104,0,0,72,88,99,0,0,37.8010445919701,127.079042884892
경기도교육청,동두천양주교육지원청,옥빛초등학교병설유치원,공립(병설),이현권,이현권,20200301,20200301,경기도 양주시 옥정로4길 38,031-822-5270,031-862-5295,https://okbit-e.goedy.kr/okbit-e/main.do,0900시0900분~1900시1900분,1,1,1,0,0,58,14,20,24,0,0,10,22,24,0,0,37.8145831209,127.0932334573
경기도교육청,동두천양주교육지원청,옥정우리유치원,사립(사인),박현숙,박명숙,20200805,20200917,경기도 양주시 옥정동로 10,031-867-5606,031-867-5607,https://cafe.naver.com/blackxuipl,0730시0730분~1900시1900분,3,2,2,0,0,154,54,44,52,0,0,54,44,52,0,0,37.8133456605619,127.089746792464
경기도교육청,동두천양주교육지원청,옥정초등학교병설유치원,공립(병설),오권섭,오권섭,20170901,20170901,경기도 양주시 옥정로5길 42-9,031-870-8791, ,http://oj.es.kr/,0900시0900분~1900시1900분,0,0,1,1,0,38,0,0,24,14,0,0,0,10,7,0,37.823392789,127.0884162001
경기도교육청,동두천양주교육지원청,옥정호수초등학교병설유치원,공립(병설),이성민,이성민,20240901,20240902,경기도 양주시 옥정동로 188,031-869-3670, ,http://ojhs-e.goedy.kr/,0900시0900분~1900시1900분,1,1,1,0,1,62,14,20,24,0,4,13,15,22,0,1,37.8234465288,127.0997547467
경기도교육청,동두천양주교육지원청,우정유치원,사립(사인),이영철,조희순,20130115,20130115,경기도 양주시 청담로13번길 38-4,031-841-7743,031-841-7763, ,0800시0800분~1900시1900분,3,2,1,0,0,119,42,36,26,0,0,40,22,16,0,0,37.803584913236,127.07116197204
경기도교육청,동두천양주교육지원청,유니유치원,사립(사인),변주선,이주비,20040322,20040322,경기도 양주시 부흥로1907번길 115,031-856-6700,031-856-6722, ,0900시0900분~1900시1900분,0,4,4,0,0,180,0,88,92,0,0,0,88,92,0,0,37.7975441430993,127.073600609672
경기도교육청,동두천양주교육지원청,율빛초등학교병설유치원,공립(병설),하영희,하영희,20210301,20210301,경기도 양주시 옥정동로4길 67,031-894-0690, ,https://yulbit-e.goedy.kr/yulbit-e/,0900시0900분~1900시1900분,1,1,1,0,0,58,14,20,24,0,0,6,12,18,0,0,37.8141806668,127.102656183
경기도교육청,동두천양주교육지원청,율정초등학교병설유치원,공립(병설),강동훈,강동훈,20150301,20150301,경기도 양주시 옥정동로 245-41,031-859-8509,031-859-8516,http://yjes-e.goedy.kr,0900시0900분~1900시1900분,1,1,1,0,1,58,14,20,24,0,4,6,15,21,0,3,37.8280656267,127.0960617214
경기도교육청,동두천양주교육지원청,은봉초등학교병설유치원,공립(병설),최진형,최진형,19990902,19990902,경기도 양주시 꿈나무로 321,031-826-8456,031-826-8454,http://eunbong.es.kr,0900시0900분~1700시1700분,0,0,0,1,0,18,0,0,0,18,0,0,0,0,6,0,37.7813533783584,126.983192380568
경기도교육청,동두천양주교육지원청,이담초등학교병설유치원,공립(병설),정동수,정동수,20040901,20040901,경기도 동두천시 이담로 21,031-859-9763,031-859-9762,https://idam-e.goedy.kr,0900시0900분~1900시1900분,0,0,0,1,0,18,0,0,0,18,0,0,0,0,10,0,37.8896156871034,127.050884753288
경기도교육청,동두천양주교육지원청,중앙유치원,사립(사인),김기진,김기진,20111101,20111101,경기도 양주시 평화로1454번길 34,031-857-4578,031-859-4578, ,0900시0900분~1900시1900분,1,1,2,0,0,218,72,66,78,0,0,17,20,43,0,0,37.8193349425,127.0493247438
경기도교육청,동두천양주교육지원청,지엘유치원,사립(사인),유문성,류가영,20111001,20111001,경기도 양주시 청담로243번길 203-15,031-858-8355,031-858-8357, ,0800시0800분~1900시1900분,3,3,3,0,0,180,54,66,60,0,0,54,66,60,0,0,37.8192112510776,127.066315128675
경기도교육청,동두천양주교육지원청,지행초등학교병설유치원,공립(병설),장종옥,장종옥,20010901,20010901,경기도 동두천시 행선로 40,031-862-0874,031-862-0873,https://jhe-e.goedy.kr/jhe-e/main.do,0900시0900분~1900시1900분,0,0,0,1,0,26,0,0,0,18,0,0,0,0,10,0,37.8917656764,127.0617486869
경기도교육청,동두천양주교육지원청,천보초등학교병설유치원,공립(병설),최광순,최광순,19800209,19800209,경기도 양주시 옥정로7길 65,031-866-0843,031-865-8298,http://www.cheonbo-e.goedy.kr,0900시0900분~1900시1900분,1,1,2,0,0,82,14,20,48,0,0,13,14,9,0,0,37.8198427776,127.0999681044
경기도교육청,동두천양주교육지원청,칠봉초등학교병설유치원,공립(병설),김갑수,김갑수,20010301,20010301,경기도 양주시 회정로 156,031-859-2542,031-859-2547,https://chilbong-e.goedy.kr/chilbong-e/na/ntt/selectNttList.do?mi=1217&bbsId=528,0900시0900분~1900시1900분,0,0,1,1,1,42,0,0,24,14,4,0,0,5,8,2,37.8377858408,127.0698637072
경기도교육청,동두천양주교육지원청,탑동초등학교병설유치원,공립(병설),김미경,김미경,19810316,19810316,경기도 동두천시 탑신로 61,031-867-2576,031-868-5229,www.ddctopdong.es.kr,0900시0900분~1900시1900분,0,0,0,1,0,18,0,0,0,18,0,0,0,0,6,0,37.8918333066,127.1042474322
경기도교육청,동두천양주교육지원청,파랑새유치원,사립(사인),윤정순,윤정순,20100319,20100319,경기도 동두천시 행선로 47,031-866-7714,031-866-7713,https://blog.naver.com/parangu2010,0730시0730분~1930시1930분,1,2,2,0,0,211,18,44,56,0,0,15,24,27,0,0,37.8927215563328,127.060432937062
경기도교육청,동두천양주교육지원청,푸른샘유치원,공립(단설),전혜성,전혜성,20250301,20250301,경기도 양주시 회천중앙로 196,031-828-1800,031-828-1810,https://pureunsaem-k.goedy.kr,0800시0800분~1900시1900분,5,6,5,0,3,322,70,120,120,0,12,70,117,88,0,9,37.8155352696,127.0513728155
경기도교육청,동두천양주교육지원청,해바라기재능유치원,사립(사인),최광훈,최승인,19920305,19920305,경기도 동두천시 못골로134번길 22-18,031-866-8800,031-863-8300,https://sunflower8800.modoo.at,0900시0900분~1800시1800분,2,1,1,0,0,120,30,18,18,0,0,14,6,15,0,0,37.9075164822103,127.069730417241
경기도교육청,동두천양주교육지원청,홉그루유치원,사립(사인),이순화,이순화,20120302,20120302,경기도 양주시 송랑로 39-52,031-846-5593,031-846-5554, ,0800시0800분~1900시1900분,5,4,4,0,0,301,90,88,95,0,0,90,88,95,0,0,37.7902314531722,127.085893193294
경기도교육청,동두천양주교육지원청,회암초등학교병설유치원,공립(병설),한상태,한상태,20240901,20240901,경기도 양주시 옥정서로5길 27-3,031-869-3704, ,https://hoeam-e.goedy.kr/,0900시0900분~1900시1900분,1,1,1,0,1,58,14,20,24,0,4,8,14,10,0,2,37.8351637274059,127.086779876325
경기도교육청,동두천양주교육지원청,회정초등학교병설유치원,공립(병설),이정주,이정주,20200301,20010901,경기도 양주시 평화로 1567,031-859-6067,031-859-6213,www.hoijung.es.kr,1300시1300분~1900시1900분,0,0,0,1,0,18,0,0,0,18,0,0,0,0,11,0,37.8302110697,127.0521655282
경기도교육청,동두천양주교육지원청,회천초등학교병설유치원,공립(병설),김영선,김영선,20020901,20020901,경기도 양주시 고암길 73,031-859-8873, , ,0900시0900분~1700시1700분,0,0,1,1,1,42,0,0,24,14,4,0,0,9,3,4,37.8326555624153,127.069609394019
경기도교육청,동두천양주교육지원청,효성유치원,사립(법인),이소영,이소영,19620215,19620215,경기도 동두천시 동광로 64,031-864-4302,031-864-4325,http://cafe.naver.com/hs4302,0900시0900분~1800시1800분,1,1,1,0,0,110,18,22,26,0,0,13,19,21,0,0,37.9085189620496,127.055246196212
경기도교육청,부천교육지원청,계남유치원,사립(사인),정은주,정은주,19930324,19930324,경기도 부천시 원미구 조마루로 271,032-323-1353, , ,0800시0800분~1800시1800분,2,2,2,0,0,130,38,44,50,0,0,32,28,32,0,0,37.4980901709697,126.773330014349
경기도교육청,부천교육지원청,고강초등학교병설유치원,공립(병설),이미정,이미정,20100309,20100309,경기도 부천시 오정구 역곡로482번길 57,070-7099-0136,032-683-6167,http://www.gogang.es.kr/,0900시0900분~1900시1900분,0,0,0,2,0,34,0,0,0,34,0,0,0,0,21,0,37.5263007063,126.8201361478
경기도교육청,부천교육지원청,고리울초등학교병설유치원,공립(병설),강맹숙,강맹숙,20050301,20050301,경기도 부천시 오정구 고리울로 93,070-7094-0991,032-681-8707,http://wwwgoriwool.es.kr,0900시0900분~1800시1800분,0,0,0,1,1,18,0,0,0,14,4,0,0,0,3,4,37.5272754285642,126.827124962977
경기도교육청,부천교육지원청,광서유치원,사립(사인),김경숙,정현숙,20041110,20041110,경기도 부천시 원미구 호수로 10-17,032-321-7333,032-324-7333, ,0800시0800분~1900시1900분,4,4,3,0,0,400,72,88,78,0,0,70,70,59,0,0,37.5135027333277,126.752172423681
경기도교육청,부천교육지원청,글로벌샤인유치원,사립(사인),박찬웅,김희선,20180829,20180901,경기도 부천시 소사구 양지남로 69-12,0323480808, , ,0830시0830분~1700시1700분,3,4,3,0,0,218,54,88,76,0,0,54,88,76,0,0,37.4683680448,126.8142450261
경기도교육청,부천교육지원청,까치울초등학교병설유치원,공립(병설),이은희,이은희,20010506,20010506,경기도 부천시 오정구 역곡로324번길 14,070-7015-2771,032-681-8475,https://kachiwool-e.goebc.kr/kachiwool-e/main.do,0830시0830분~1900시1900분,0,0,0,1,0,20,0,0,0,20,0,0,0,0,7,0,37.5137646862,126.8141968483
경기도교육청,부천교육지원청,꿈길유치원,공립(단설),라순옥,라순옥,20210901,20210901,경기도 부천시 소사구 옥길로30번길 33,032-450-9800,032-450-9810,https://kkumgil-k.goebc.kr/,0800시0800분~1900시1900분,4,4,3,0,2,216,56,80,72,0,8,54,60,67,0,6,37.4603772286957,126.817641671759
경기도교육청,부천교육지원청,낙원유치원,사립(사인),강주현,강주현,19950707,19950707,경기도 부천시 원미구 조마루로 134-1,032-327-2381,032-327-2383,http://www.nakwonkids.co.kr/,0730시0730분~1900시1900분,3,3,2,0,0,201,54,66,52,0,0,34,50,42,0,0,37.4980354316927,126.759867457006
경기도교육청,부천교육지원청,대장유치원,사립(사인),김인선,김인선,19950729,19950729,경기도 부천시 소사구 소사로78번길 85,032-349-2400,032-342-2407, ,0900시0900분~1800시1800분,0,1,1,0,0,50,0,22,26,0,0,0,11,8,0,0,37.4680464113262,126.801130869887
경기도교육청,부천교육지원청,도담유치원,사립(사인),이미향,김현주,19950901,19950901,경기도 부천시 원미구 부흥로303번길 31-1,032-324-2164,032-324-2165, ,0900시0900분~1900시1900분,2,2,2,0,0,120,36,44,40,0,0,33,36,31,0,0,37.4962449882683,126.774336396711
경기도교육청,부천교육지원청,동곡초등학교병설유치원,공립(병설),김환웅,김환웅,19860306,19860306,경기도 부천시 원미구 안곡로 248,070-7096-7993,032-342-1733,http://dong-gok.es.kr/smain.html,1300시1300분~1900시1900분,0,0,1,1,0,38,0,0,24,14,0,0,0,8,2,0,37.4905711981,126.8170036772
경기도교육청,부천교육지원청,동산초등학교병설유치원,공립(병설),송진석,송진석,20070301,20070301,경기도 부천시 오정구 오정로251번길 50,070-7099-0327,032-684-0875,https://dongsancho-e.goebc.kr/dongsancho-e/main.do,0900시0900분~1900시1900분,0,0,0,1,0,18,0,0,0,18,0,0,0,0,6,0,37.5314527997,126.7851817854
경기도교육청,부천교육지원청,동원유치원,사립(사인),정연숙,정연숙,19970305,19970305,경기도 부천시 원미구 성곡로69번길 48,032-674-4130,032-674-4524, ,0800시0800분~1830시1830분,2,2,2,0,0,230,26,36,46,0,0,24,28,22,0,0,37.5194052543145,126.797318828411
경기도교육청,부천교육지원청,동화유치원,사립(사인),이순우,이윤희,19970129,19970129,경기도 부천시 원미구 중동로 325,032-321-2022,032-321-2023, ,0830시0830분~1830시1830분,1,0,0,1,0,160,13,0,0,13,0,4,0,0,4,0,37.5088851791601,126.769362728492
경기도교육청,부천교육지원청,룸비니유치원,사립(법인),임영담,조영희,19831108,19840302,경기도 부천시 원미구 조종로68번가길 4,032-652-0058,032-662-8881, ,0900시0900분~1900시1900분,2,2,3,0,0,158,36,44,78,0,0,27,31,54,0,0,37.4918417521669,126.792440005944
경기도교육청,부천교육지원청,멘사유치원,사립(사인),김경자,김경자,20120922,20120922,경기도 부천시 소사구 범안로96번길 39,032-341-7953,032-341-7958, ,0800시0800분~1800시1800분,3,2,3,0,0,180,54,44,78,0,0,54,44,73,0,0,37.4726169571844,126.807062368054
경기도교육청,부천교육지원청,목화유치원,사립(사인),최철,이정숙,19901231,19901231,경기도 부천시 소사구 경인로29번길 32-1,032-662-1096,032-662-1097,https://www.instagram.com/mokwha_kinder/,0730시0730분~1900시1900분,2,2,1,1,0,128,36,44,26,22,0,30,44,22,22,0,37.4843469068427,126.759907733371
경기도교육청,부천교육지원청,미래유치원,사립(사인),이재경,문혜경,19940907,19940907,경기도 부천시 원미구 옥산로 89,032-667-6167,032-667-6169,http://www.mrkinder.com,0730시0730분~1900시1900분,2,2,2,0,0,155,36,44,52,0,0,35,44,46,0,0,37.5014537813843,126.780361321482
경기도교육청,부천교육지원청,미리내유치원,사립(사인),김덕희,류진순,19950304,19950304,경기도 부천시 원미구 조마루로285번길 45,032-322-1116,032-324-1116, ,0800시0800분~1900시1900분,3,2,2,0,0,154,54,44,52,0,0,35,32,38,0,0,37.4992942469,126.7747763837
경기도교육청,부천교육지원청,민영유치원,사립(사인),강경자,유민영,19941101,19941101,경기도 부천시 원미구 부흥로 100-2,032-321-3100,032-321-5101,http://www.minyoungkids.net,0800시0800분~1830시1830분,2,2,1,0,0,170,36,44,26,0,0,26,32,9,0,0,37.4953543072327,126.753482537557
경기도교육청,부천교육지원청,반석유치원,사립(사인),서영석,이숙희,19850905,19850905,경기도 부천시 원미구 원미로143번길 6,032-665-0082,032-611-0081, ,0800시0800분~1900시1900분,1,2,1,0,0,93,18,44,26,0,0,18,32,26,0,0,37.4954962161067,126.791302551388
경기도교육청,부천교육지원청,백조유치원,사립(사인),양태호,양재준,19890904,19890904,경기도 부천시 오정구 원종로35번길 16,032-684-9696, , ,0740시0740분~1900시1900분,2,1,2,0,0,176,28,24,52,0,0,19,18,29,0,0,37.524773157577,126.804235458443
경기도교육청,부천교육지원청,복사초등학교병설유치원,공립(병설),김상현,김상현,19990308,19990308,경기도 부천시 소사구 은성로 210,032-713-8761, ,http://www.poksa.es.kr,0900시0900분~1900시1900분,1,1,1,0,1,58,14,20,24,0,4,13,20,22,0,1,37.4673654246,126.8078363142
경기도교육청,부천교육지원청,부명초등학교병설유치원,공립(병설),김종신,김종신,20000308,20000308,경기도 부천시 원미구 조마루로 200,070-4347-2017,032-323-4183,https://www.pumyong.es.kr/,1300시1300분~1900시1900분,0,0,0,1,1,20,0,0,0,16,4,0,0,0,12,4,37.497828427246,126.765258633404
경기도교육청,부천교육지원청,부원초등학교병설유치원,공립(병설),박철규,박철규,19850306,19850306,경기도 부천시 소사구 호현로447번길 14,070-7099-8845,032-349-1474, ,1300시1300분~1900시1900분,1,1,1,0,0,58,14,20,24,0,0,5,5,15,0,0,37.4781899222978,126.791392510885
경기도교육청,부천교육지원청,부일초등학교병설유치원,공립(병설),주상식,주상식,19820301,19820301,경기도 부천시 원미구 원미로182번길 31,070-4310-0660,032-611-3582,https://buil-e.goebc.kr,0810시0810분~1900시1900분,1,1,1,0,0,58,14,20,24,0,0,5,8,15,0,0,37.4985252002,126.7946911421
경기도교육청,부천교육지원청,부천남초등학교병설유치원,공립(병설),모영희,모영희,19850901,19850901,경기도 부천시 소사구 성주로270번길 16-1,032-610-1980,032-611-1712,http://www.bucheonnam.es.kr,1300시1300분~1900시1900분,0,0,1,1,0,38,0,0,24,14,0,0,0,11,7,0,37.4811983312,126.782976065
경기도교육청,부천교육지원청,부천동초등학교병설유치원,공립(병설),구순란,구순란,19811230,19811230,경기도 부천시 지봉로 51,070-5023-0866,032-342-4079,https://bcdong-e.goebc.kr/,1300시1300분~1900시1900분,0,0,1,1,0,38,0,0,24,14,0,0,0,12,5,0,37.4879482515,126.8038751646
경기도교육청,부천교육지원청,부천두리유치원,공립(단설),최현정,최현정,20030901,20030901,경기도 부천시 원미구 장말로 309,032-716-5710,032-716-5720,https://duri-k.goebc.kr/duri-k/main.do,0800시0800분~1900시1900분,1,2,2,0,2,102,14,40,48,0,8,13,36,38,0,7,37.4913621458,126.7767965915
경기도교육청,부천교육지원청,부천부안초등학교병설유치원,공립(병설),문순주,문순주,19860306,19860306,경기도 부천시 소사구 경인로484번길 75,0327106279,032-343-1851, ,0900시0900분~1900시1900분,0,0,1,1,1,42,0,0,24,14,4,0,0,4,3,2,37.4800961882758,126.81196416969
경기도교육청,부천교육지원청,부천북초등학교병설유치원,공립(병설),양덕모,양덕모,19850901,19850901,경기도 부천시 원미구 원미로131번길 35,070-7099-3971,032-652-0086,https://bucheonbuk-e.goebc.kr,0900시0900분~1900시1900분,1,1,1,0,1,58,13,19,22,0,4,8,9,14,0,3,37.4943255647,126.7893855275
경기도교육청,부천교육지원청,부천삼정초등학교병설유치원,공립(병설),박석동,박석동,19850306,19850306,경기도 부천시 오정구 중동로 436,032-722-3400,032-683-7837,http://samjung.es.kr,0900시0900분~1900시1900분,0,0,0,1,0,18,0,0,0,18,0,0,0,0,6,0,37.5188536836,126.7707133927
경기도교육청,부천교육지원청,부천서초등학교병설유치원,공립(병설),이계원,이계원,19820302,19820302,경기도 부천시 원미구 부일로330번길 30,070-7099-8947,032-667-6955,https://pcs.es.kr/,1300시1300분~1730시1730분,0,0,0,1,0,18,0,0,0,18,0,0,0,0,7,0,37.4876522428,126.7656998066
경기도교육청,부천교육지원청,부천송일초등학교병설유치원,공립(병설),김미경,김미경,20050301,20050301,경기도 부천시 소사구 경인로60번길 19,070-7010-2691,032-654-8417,http://www.song-il.es.kr/smain.html,1300시1300분~1900시1900분,1,1,1,0,0,58,14,20,24,0,0,6,4,15,0,0,37.4830189608,126.7624608722
경기도교육청,부천교육지원청,부천양지초등학교병설유치원,공립(병설),하태웅,하태웅,20060307,20060307,경기도 부천시 소사구 안곡로 130,070-7099-0616, , ,0900시0900분~1900시1900분,1,1,1,0,0,58,14,20,24,0,0,10,14,16,0,0,37.4805964041266,126.815527319401
경기도교육청,부천교육지원청,부천여월초등학교병설유치원,공립(병설),오문식,오문식,19980301,19980301,경기도 부천시 성곡로63번길 23,070-7096-7559,032-672-5668,yeowol.es.kr,0900시0900분~1900시1900분,0,0,0,1,0,18,0,0,0,18,0,0,0,0,11,0,37.5183505295,126.7968393007
경기도교육청,부천교육지원청,부천역곡초등학교병설유치원,공립(병설),박희준,박희준,20000301,20000301,경기도 부천시 원미구 역곡로65번길 12,070-7096-6448,032-647-4022,https://youkgok-e.goebc.kr/youkgok-e/main.do,0900시0900분~1900시1900분,1,1,1,0,0,58,14,20,24,0,0,6,12,13,0,0,37.4910510277284,126.80761176819
경기도교육청,부천교육지원청,부천원일초등학교병설유치원,공립(병설),조순기,조순기,20080301,20080301,경기도 부천시 오정구 소사로819번길 46,070-7096-6897,032-672-6897,http://bcwonil-e.goebc.kr,0830시0830분~1900시1900분,0,0,0,1,0,18,0,0,0,18,0,0,0,0,16,0,37.5303465014,126.8027626201
경기도교육청,부천교육지원청,부천일신초등학교병설유치원,공립(병설),신상금,신상금,20040301,20040301,경기도 부천시 소사구 범안로96번길 26,070-7099-4739, , ,0900시0900분~1900시1900분,0,0,0,1,0,20,0,0,0,20,0,0,0,0,9,0,37.4736234074,126.8070007141
경기도교육청,부천교육지원청,부천중앙초등학교병설유치원,공립(병설),손승만,손승만,19890301,19890301,경기도 부천시 원미구 옥산로 30,070-7096-6317, ,http://www.jungangi.es.kr,0900시0900분~1900시1900분,0,0,1,0,0,24,0,0,24,0,0,0,0,9,0,0,37.4964549823568,126.782003595526
경기도교육청,부천교육지원청,부천중원초등학교병설유치원,공립(병설),염기숙,염기숙,20001211,20001211,경기도 부천시 원미구 석천로 273,032-710-6017,032-326-0459,https://bcjw-e.goebc.kr/bcjw-e/main.do,0900시0900분~1900시1900분,0,0,0,1,0,18,0,0,0,18,0,0,0,0,12,0,37.512073002,126.7637619978
경기도교육청,부천교육지원청,부천초등학교병설유치원,공립(병설),이인희,이인희,20000201,20000201,경기도 부천시 원미구 평천로 670,032-713-3535,032-325-4977,https://bucheon-e.goebc.kr,1300시1300분~1900시1900분,0,0,0,1,0,20,0,0,0,20,0,0,0,0,4,0,37.5143786843,126.765216009
경기도교육청,부천교육지원청,분도유치원,사립(법인),조병윤,임부용,19940226,19940226,경기도 부천시 원미구 소사로320번길 61,032-347-6155,032-342-2705,http://sosabundo.kidis.co.kr/,0900시0900분~1800시1800분,3,3,3,0,0,220,48,60,66,0,0,45,60,63,0,0,37.4851593786,126.7968137445
경기도교육청,부천교육지원청,사랑나무유치원,사립(사인),이서운,이서운,20131115,20140301,경기도 부천시 원미구 부일로370번길 9,032-655-3100,032-656-3100, ,0900시0900분~1900시1900분,2,2,2,0,0,125,36,44,45,0,0,30,32,38,0,0,37.4871081167426,126.771278097984
경기도교육청,부천교육지원청,사랑샘유치원,사립(사인),김지연,강현수,20030114,20030301,경기도 부천시 원미구 평천로 616-1,032-328-2391,032-328-2392, ,0800시0800분~1900시1900분,3,2,2,0,0,167,54,63,50,0,0,50,42,42,0,0,37.5139425914465,126.757458635918
경기도교육청,부천교육지원청,사랑아트유치원,사립(사인),양유찬,김지현,20090406,20090406,경기도 부천시 원미구 석천로110번길 61,032-667-8226,032-662-8226, ,0730시0730분~1900시1900분,2,0,2,0,0,136,36,0,52,0,0,29,0,34,0,0,37.4967937173254,126.765087562504
경기도교육청,부천교육지원청,사랑유치원,사립(사인),이남호,김아경,19940909,19940909,경기도 부천시 원미구 부흥로 150-1,032-321-2058,032-321-2059, ,0730시0730분~2000시2000분,2,1,2,0,0,160,18,22,52,0,0,20,17,23,0,0,37.4950010877543,126.759227139279
경기도교육청,부천교육지원청,삼오유치원,사립(사인),박오규,여재현,19870301,19870301,경기도 부천시 소사구 안곡로 41,032-343-2756, , ,0830시0830분~1830시1830분,2,2,2,0,0,310,34,48,50,0,0,28,37,33,0,0,37.4796368329657,126.807393405082
경기도교육청,부천교육지원청,상동하늘유치원,사립(사인),홍선의,하정빈,20070918,20070918,경기도 부천시 원미구 부흥로 71,032-326-9567,032-327-3281,https://instagram.com/sangdong_sky,0730시0730분~1930시1930분,2,1,1,0,0,102,26,20,22,0,0,22,18,10,0,0,37.4985966312211,126.749669560578
경기도교육청,부천교육지원청,상원초등학교병설유치원,공립(병설),채기상,채기상,20030307,20030307,경기도 부천시 원미구 부흥로 93,070-7099-4317, , ,1300시1300분~1900시1900분,0,1,1,0,1,48,0,20,24,0,4,0,7,13,0,0,37.4982715774496,126.753278144927
경기도교육청,부천교육지원청,상일초등학교병설유치원,공립(병설),정광직,정광직,20020607,20020607,경기도 부천시 원미구 조마루로 57,070-7099-2480, ,https://isangil-e.goebc.kr/isangil-e/main.do,0800시0800분~1900시1900분,0,1,1,0,1,48,0,20,24,0,4,0,18,13,0,3,37.5018019529,126.7504004674
경기도교육청,부천교육지원청,상지초등학교병설유치원,공립(병설),장기형,장기형,19850901,19850901,경기도 부천시 장말로 189,070-7096-7171,032-611-3877,https://sangji-e.goebc.kr/sangji-e/main.do,0800시0800분~1900시1900분,1,1,1,0,4,62,14,20,24,0,4,5,7,10,0,3,37.4937533753,126.7633677737
경기도교육청,부천교육지원청,새싹유치원,사립(사인),윤채원,윤채원,20151230,20160301,경기도 부천시 원미구 장말로 329,032-663-2377,032-663-2378,http://www.saessak kindergartten.co.kr,0800시0800분~1830시1830분,1,1,2,0,0,88,15,22,52,0,0,8,14,26,0,0,37.4909470195,126.778529547
경기도교육청,부천교육지원청,샘솔유치원,사립(사인),박영화,김현선,20170227,20170301,경기도 부천시 소사구 은성로19번길 58,032-343-7202,032-343-7203, ,0920시0920분~1900시1900분,2,2,2,1,0,132,30,44,44,14,0,20,43,44,12,0,37.4777619517,126.7936048977
경기도교육청,부천교육지원청,샛별유치원,사립(사인),원종환,이서율(직무대리),19800301,19800301,경기도 부천시 소사구 성주로 129,032-663-1170, , ,0800시0800분~1800시1800분,0,0,1,1,0,280,0,0,10,20,0,0,0,8,14,0,37.4797679247153,126.770759109107
경기도교육청,부천교육지원청,석천초등학교병설유치원,공립(병설),박은주,박은주,20021206,20030303,경기도 부천시 원미구 계남로 29,070-7099-9681,032-328-7038, ,0900시0900분~1900시1900분,1,1,1,0,0,58,14,20,24,0,0,14,20,22,0,0,37.51058136192,126.752296956055
경기도교육청,부천교육지원청,성가정유치원,사립(사인),이음재 고한모로 고한나루,김유미,19820504,19820504,경기도 부천시 원미구 삼작로268번길 65-6,032-672-2888,032-673-2393,http://cafe.naver.com/6722888,0800시0800분~1900시1900분,2,2,2,0,0,270,36,44,52,0,0,26,37,23,0,0,37.5171118602933,126.791673924215
경기도교육청,부천교육지원청,성곡초등학교병설유치원,공립(병설),이미경,이미경,20080301,20080307,경기도 부천시 오정구 여월로 75,070-7096-7975,032-674-9302,http://www.seonggok.es.kr/,0900시0900분~1900시1900분,1,0,0,1,0,58,14,0,0,20,0,8,0,0,15,0,37.512978377597,126.805654706789
경기도교육청,부천교육지원청,성빈센트유치원,사립(사인),노인순,노인순,20120219,20120219,경기도 부천시 원미구 소향로 124,032-321-9597,032-323-7083, ,0750시0750분~1930시1930분,2,1,2,0,0,130,32,22,44,0,0,26,12,34,0,0,37.5009407914675,126.761358279189
경기도교육청,부천교육지원청,성주초등학교병설유치원,공립(병설),홍석표,홍석표,19850301,19850301,경기도 부천시 소사구 성주로 118,032-710-2765,032-662-3342,http://www.sungju.es.kr,0900시0900분~1900시1900분,1,1,1,0,0,64,8,17,11,0,0,8,17,11,0,0,37.4786059566,126.7691339544
경기도교육청,부천교육지원청,세화유치원,사립(사인),강상욱,홍양표,19940528,19940528,경기도 부천시 원미구 장말로 81,032-324-0291,032-324-0294,http://www.sehwakids.net,0800시0800분~1930시1930분,3,3,3,0,0,210,48,66,78,0,0,42,64,58,0,0,37.4943596007718,126.751121815604
경기도교육청,부천교육지원청,소새울유치원,공립(단설),이기옥,이기옥,20090301,20090301,경기도 부천시 은성로 58,070-8685-3601,032-346-2375,https://sosaeul-k.goebc.kr/sosaeul-k/main.do,0800시0800분~1900시1900분,1,2,2,0,2,110,14,40,48,0,8,13,37,32,0,5,37.4737111915,126.7965359705
경기도교육청,부천교육지원청,소안초등학교병설유치원,공립(병설),박진삼,박진삼,20070301,20070305,경기도 부천시 소사동로72번길 29,070-7099-3016,032-351-4577,https://soancho-e.goebc.kr/soancho-e/main.do,0900시0900분~1900시1900분,1,1,1,0,0,58,14,20,24,0,0,12,5,11,0,0,37.4723758315,126.8042225031
경기도교육청,부천교육지원청,솔안초등학교병설유치원,공립(병설),김윤주,김윤주,20040301,20040301,경기도 부천시 소사구 경인로1185번길 27,032-654-4597, , ,1300시1300분~1900시1900분,0,0,0,1,0,18,0,0,0,18,0,0,0,0,5,0,37.4857176153,126.7508594836
경기도교육청,부천교육지원청,송내초등학교병설유치원,공립(병설),제평섭,제평섭,19990125,19990301,경기도 부천시 원미구 석천로 27,0327173175,032-323-4653,http://www.songnae.es.kr,0900시0900분~1900시1900분,0,0,1,1,1,42,0,0,24,14,4,0,0,18,3,0,37.4907005472609,126.75876273023
경기도교육청,부천교육지원청,아리솔유치원,사립(사인),이준용,구유리(직무대리),19940823,19940823,경기도 부천시 원미구 상일로 72-1,032-321-0847,032-321-1090,https://arisol.creatorlink.net/_preview/#desktop,0730시0730분~1930시1930분,1,1,1,0,0,60,12,14,14,0,0,8,0,0,0,0,37.4901762714,126.7495318634
경기도교육청,부천교육지원청,약대초등학교병설유치원,공립(병설),임봉섭,임봉섭,19810309,19810309,경기도 부천시 수도로66번길 14,070-7094-1689,032-678-0654,https://yakdae-e.goebc.kr/yakdae-e/main.do,1300시1300분~1700시1700분,0,0,0,1,1,58,0,0,0,18,4,0,0,0,4,2,37.5136050699,126.7727467977
경기도교육청,부천교육지원청,엄지유치원,사립(사인),남인숙,남인숙,20130123,20130301,경기도 부천시 오정구 성곡로33번길 22,032-684-8819,070-8260-9984,https://cafe.naver.com/umjikindergarten,0900시0900분~1830시1830분,2,2,3,0,0,200,36,44,72,0,0,24,40,63,0,0,37.5174671303395,126.7995562779
경기도교육청,부천교육지원청,연세유치원,사립(사인),최성일,김재우(직무대리),20141218,20150301,경기도 부천시 원미구 장말로343번길 8,032-613-1700,0504-012-2110, ,0900시0900분~1900시1900분,1,1,2,0,0,103,15,23,56,0,0,15,18,27,0,0,37.4907870983558,126.780489124731
경기도교육청,부천교육지원청,열린유치원,사립(사인),임소영 박인숙,임소영,19960920,19960920,경기도 부천시 소사구 경인로53번길 46,032-652-6996~7,032-652-6994,http://www.instagram.com/ylnkids, http://blog.naver.com/ylnkids, http://www.youtube.com/@ylnkids,0800시0800분~1900시1900분,2,2,2,0,0,156,36,44,52,0,0,28,42,37,0,0,37.4856516479438,126.761858804388
경기도교육청,부천교육지원청,예능영재유치원,사립(사인),김효원,김효원,20170124,20170301,경기도 부천시 오정구 삼작로416번길 14,032-673-8283, ,https://cafe.naver.com/yennggifted,0800시0800분~1800시1800분,1,1,1,0,0,92,14,18,20,0,0,13,16,20,0,0,37.5192934938,126.8078611394
경기도교육청,부천교육지원청,예림유치원,사립(사인),방영길,방성환,19840310,19840310,경기도 부천시 오정구 오정로244번길 44,032-671-3346,032-671-3342, ,0900시0900분~1900시1900분,1,1,1,0,0,96,15,18,22,0,0,13,12,11,0,0,37.5278889939486,126.787436848929
경기도교육청,부천교육지원청,예아뜨유치원,사립(사인),정문용,김명순,20030301,20030301,경기도 부천시 원미구 상이로51번길 30,032-323-8881,032-323-8304,http://yeatt.com,0730시0730분~1900시1900분,5,3,2,0,0,290,80,66,52,0,0,79,59,44,0,0,37.4930727176098,126.742395209162
경기도교육청,부천교육지원청,예일유치원,사립(사인),송인호,박은화,20031008,20031008,경기도 부천시 소사구 범안로 154,032-347-5533,032-347-5538,http://www.yalekids.kr/,0930시0930분~1800시1800분,4,4,3,0,0,284,72,88,78,0,0,72,88,70,0,0,37.4681219198947,126.809065881103
경기도교육청,부천교육지원청,오정유치원,사립(사인),박연순,박연순,20120229,20120301,경기도 부천시 오정구 원종로9번길 44,032-678-5930,032-673-3323,https://blog.naver.com/ojung_kid,0900시0900분~1800시1800분,1,1,1,0,0,94,20,20,28,0,0,11,14,18,0,0,37.5260246901297,126.801260878972
경기도교육청,부천교육지원청,오정초등학교병설유치원,공립(병설),허정순,허정순,19810301,19810301,경기도 부천시 오정구 소사로794번길 48,070-7099-9781,032-672-3006, ,0900시0900분~1900시1900분,1,1,1,0,1,62,14,20,24,0,4,7,13,13,0,2,37.527171175503,126.807530647462
경기도교육청,부천교육지원청,옥길버들초등학교병설유치원,공립(병설),정희열,정희열,20160822,20161001,경기도 부천시 소사구 양지로 234-25,070-7847-0100,032-345-5945,http://www.okbeodeul.es.kr/,0900시0900분~1900시1900분,1,1,1,0,1,58,13,20,21,0,4,13,16,21,0,4,37.4639016354,126.8254058568
경기도교육청,부천교육지원청,옥길산들초등학교병설유치원,공립(병설),문현정,문현정,20160822,20160822,경기도 부천시 소사구 옥길로 31,070-7016-3270, ,http://www.okgilsandeul.es.kr/,0800시0800분~1900시1900분,1,1,1,0,0,58,14,20,24,0,0,6,15,20,0,0,37.4625401629,126.8164568063
경기도교육청,부천교육지원청,옥길유치원,공립(단설),한정숙,한정숙,20160822,20160901,경기도 부천시 소사구 양지로166번길 56,032-344-2902,032-348-0558,http://okgil.kg.kr,0800시0800분~1900시1900분,5,4,3,0,3,234,70,80,72,0,12,60,63,59,0,0,37.4683088311,126.817880594
경기도교육청,부천교육지원청,원미초등학교병설유치원,공립(병설),김영석,김영석,19860305,19860305,경기도 부천시 원미구 부흥로 423,070-7096-6626,032-662-9310,https://wmi-e.goebc.kr/wmi-e/main.do,0900시0900분~1900시1900분,0,0,1,0,0,24,0,0,24,0,0,0,0,12,0,0,37.4891383342271,126.787595853941
경기도교육청,부천교육지원청,원종초등학교병설유치원,공립(병설),박지은,박지은,19860301,19860301,경기도 부천시 삼작로 410번길 38,070-7099-3871,032-673-7260,wonjong.es.kr,0900시0900분~1900시1900분,0,0,0,1,0,18,0,0,0,18,0,0,0,0,5,0,37.5182659046,126.806306629
경기도교육청,부천교육지원청,은아유치원,사립(사인),조내현,김소희,19930323,19930323,경기도 부천시 원미구 조마루로 231-1,032-323-0018,032-322-0018, ,0800시0800분~1900시1900분,2,2,1,1,0,132,36,44,26,22,0,36,43,20,19,0,37.4991718548078,126.771292333227
경기도교육청,부천교육지원청,은조유치원,사립(사인),곽경리,곽경리,20030301,20030301,경기도 부천시 원미구 도약로 36-1,032-321-1623,032-321-1632,https://eunjo1623.kidsnote.ac ,0750시0750분~1850시1850분,2,2,2,0,0,135,36,44,52,0,0,33,44,44,0,0,37.5116413677706,126.752158408988
경기도교육청,부천교육지원청,자연유치원,사립(사인),자연유치원,염명순,19930821,19930821,경기도 부천시 원미구 중동로 296-1,032-323-0708,032-323-4063, ,0800시0800분~1900시1900분,2,2,2,0,0,130,36,42,52,0,0,33,42,52,0,0,37.5051487590119,126.771074292759
경기도교육청,부천교육지원청,중동반석유치원,사립(사인),이숙희,전상현(직무대리),19950217,19950217,경기도 부천시 원미구 계남로 106-1,032-324-7771,032-324-7775, ,0800시0800분~1900시1900분,4,3,3,0,0,200,72,62,66,0,0,70,54,66,0,0,37.5083330290509,126.761261456142
경기도교육청,부천교육지원청,중동사랑아트유치원,사립(사인),양유찬,최윤경,20120221,20120221,경기도 부천시 원미구 부흥로201번길 23,032-667-8227,032-662-8226, ,0700시0700분~1900시1900분,1,2,0,0,0,101,18,44,0,0,0,15,29,0,0,0,37.4971809296576,126.765205585277
경기도교육청,부천교육지원청,중동샛별유치원,사립(사인),원종용,손영주,19970317,19970317,경기도 부천시 원미구 신흥로238번길 34,032-326-3183,032-326-3184, ,0740시0740분~1900시1900분,2,2,2,0,0,270,36,44,26,0,0,27,29,22,0,0,37.5045011087465,126.777534701247
경기도교육청,부천교육지원청,중동유치원,사립(사인),김희숙 주연희,주연희,19840314,19840314,경기도 부천시 원미구 중동로 108-1,032-663-7942,032-664-7942,http://www.jungdong.kg.kr,0800시0800분~1800시1800분,3,3,2,0,0,144,54,43,47,0,0,54,43,47,0,0,37.4908715684262,126.766975235272
경기도교육청,부천교육지원청,중동초등학교병설유치원,공립(병설),곽상기,곽상기,20090309,20090309,경기도 부천시 원미구 심중로75번길 37,070-7016-4169, , ,0800시0800분~1900시1900분,0,0,1,1,0,38,0,0,24,14,0,0,0,8,14,0,37.4900274617152,126.769360676058
경기도교육청,부천교육지원청,중앙유치원,사립(사인),서동복,박순중,20021216,20021216,경기도 부천시 원미구 석천로 216-1,032-326-3773,032-326-3774, ,0730시0730분~1900시1900분,2,2,2,0,0,128,36,44,48,0,0,32,43,48,0,0,37.5063455715606,126.76588942916
경기도교육청,부천교육지원청,지혜샘유치원,사립(사인),임영주,임영주,20070305,20110307,경기도 부천시 오정구 오정로211번길 64,032-679-5579,032-675-5579,https://www.instagram.com/jhs_kindergarten,0800시0800분~1900시1900분,1,2,2,0,0,116,30,40,46,0,0,13,22,26,0,0,37.5298274007355,126.781571426735
경기도교육청,부천교육지원청,창영초등학교병설유치원,공립(병설),박정표,박정표,20190901,20190901,경기도 부천시 소사구 은성로 109-26,032-710-3816, ,https://changyoung-e.goebc.kr/changyoung-e/main.do,1300시1300분~1900시1900분,1,1,1,0,0,58,14,20,24,0,0,4,6,13,0,0,37.47516811926419,126.80484035678005
경기도교육청,부천교육지원청,천사유치원,사립(사인),안옥해,유옥진(직무대리),19840630,19840630,경기도 부천시 원미구 조마루로 212-1,032-323-7545,032-651-7545,http://cafe.daum.net/angelkindergartenbc,0740시0740분~1800시1800분,0,0,1,1,0,90,0,0,20,20,0,0,0,10,9,0,37.4973493170531,126.766919980746
경기도교육청,부천교육지원청,청심유치원,사립(법인),이기성,한선희,20030301,20030301,경기도 부천시 원미구 조마루로85번길 18,032-320-5880,032-320-5877,http://www.cheongshimkid.kr,0800시0800분~1900시1900분,4,3,3,0,0,300,72,66,72,0,0,64,66,58,0,0,37.5010527066,126.7534958358
경기도교육청,부천교육지원청,초록나무유치원,사립(사인),박경희,박경희,19931208,19931208,경기도 부천시 원미구 상일로 87,032-325-1843,032-323-0577, ,0750시0750분~1900시1900분,1,1,2,0,0,86,15,15,30,0,0,6,7,11,0,0,37.4917373674121,126.752368900972
경기도교육청,부천교육지원청,푸른솔유치원,사립(사인),양학성,양학성,19940326,19940326,경기도 부천시 원미구 중동로279번길 50,032-322-6887,032-322-6888, ,0730시0730분~1900시1900분,0,0,0,2,0,90,0,0,0,38,0,0,0,0,9,0,37.5052232614131,126.766655551674
경기도교육청,부천교육지원청,하늘유치원,사립(사인),박희진 안승덕 안소영,박희진,20061001,20061001,경기도 부천시 소사구 은성로 135,032-342-1670,032-345-9566, ,0800시0800분~1830시1830분,3,4,3,0,0,240,54,88,78,0,0,54,88,70,0,0,37.472993294,126.8049942864
경기도교육청,부천교육지원청,해아유치원,사립(사인),이복동,이복동,20161103,20170301,경기도 부천시 소사구 마니로 6,032-663-1337,032-663-1338, ,0800시0800분~1900시1900분,2,2,2,0,0,109,24,39,46,0,0,24,39,46,0,0,37.4787006699,126.7729037848
경기도교육청,부천교육지원청,해와달유치원,사립(사인),최혜숙,최혜숙,19940126,19940126,경기도 부천시 원미구 장말로 102-1,032-323-4003,032-323-4004, ,0740시0740분~1900시1900분,2,1,2,0,0,130,36,22,52,0,0,36,22,44,0,0,37.4938172667503,126.754300331987
경기도교육청,부천교육지원청,헤세드유치원,사립(사인),최정희,김미영,19941217,19941217,경기도 부천시 원미구 조마루로 135-1,032-321-4945,032-326-3621,https://www.instagram.com/hessed_kindergarten,0730시0730분~1930시1930분,1,1,1,0,0,130,16,22,26,0,0,8,8,8,0,0,37.499783418681,126.760055198748
경기도교육청,부천교육지원청,홍지유치원,사립(사인),홍승자,김용민(직무대리),19830331,19830331,경기도 부천시 소사구 소안로 20,032-344-9088,032-343-8680, ,0900시0900분~1800시1800분,1,2,1,1,0,99,18,35,26,20,0,16,33,17,20,0,37.4761477948138,126.801896533789
경기도교육청,부천교육지원청,효성유치원,사립(사인),신정옥,신정옥,20170901,20170901,경기도 부천시 오정구 삼작로496번길 10-3,032-677-2331, ,http://hyo.kidis.co.kr/,0810시0810분~1800시1800분,2,2,2,0,0,134,36,44,50,0,0,27,36,30,0,0,37.5180564604,126.8163842616
경기도교육청,성남교육지원청,건영장안유치원,사립(사인),선경석,이혜영,19940706,19940706,경기도 성남시 분당구 장안로25번길 28,031-702-5072,031-702-3906,http://www.장안유치원.kr,0800시0800분~1900시1900분,2,2,2,0,0,190,36,44,44,0,0,36,38,41,0,0,37.3714848082304,127.141022089185
경기도교육청,성남교육지원청,검단초등학교병설유치원,공립(병설),오향순,오향순,19850301,19850301,경기도 성남시 중원구 원터로 25,031-753-4766,031-753-4765,http://www.gomdan.es.kr,0830시0830분~1900시1900분,1,1,1,0,0,58,4,12,11,0,0,4,12,11,0,0,37.4295915814352,127.143834095877
경기도교육청,성남교육지원청,고등나래유치원,공립(단설),김경성,김경성,20210901,20210901,경기도 성남시 수정구 청계산로2길 34,0317798500, ,https://gdnarae-k.goesn.kr,0800시0800분~1900시1900분,3,3,2,0,1,150,42,60,48,0,4,41,46,43,0,0,37.4269722347663,127.096501133392
경기도교육청,성남교육지원청,꾸러기유치원,사립(사인),권남호,김혜진,19941208,19941208,경기도 성남시 분당구 양현로 220,031-703-6167,031-703-5478, ,0800시0800분~1900시1900분,1,2,2,0,0,106,20,35,35,0,0,20,35,35,0,0,37.40302528854,127.12571859196
경기도교육청,성남교육지원청,꿈터유치원,사립(사인),유미,유미,19950902,19950902,경기도 성남시 분당구 미금일로 58,031-716-6258,031-716-6277, ,0800시0800분~1900시1900분,3,2,2,0,0,144,48,44,47,0,0,48,43,47,0,0,37.3461342156115,127.112704018612
경기도교육청,성남교육지원청,누리봄유치원,사립(사인),김민정,최은혜,20110301,20110301,경기도 성남시 분당구 내정로 152,031-712-0238,031-718-3466,http://nuribom.moapp.kr,0800시0800분~1900시1900분,2,2,2,0,0,162,36,40,48,0,0,26,38,34,0,0,37.3729444570953,127.119217104184
경기도교육청,성남교육지원청,늘푸른초등학교병설유치원,공립(병설),신혜진,신혜진,20040301,20040301,경기도 성남시 분당구 정자일로 87,031-789-6180, ,https://www.goesn.kr/npr-e/main.do,1300시1300분~1900시1900분,1,0,0,1,0,34,14,0,0,20,0,6,0,0,11,0,37.3583243138,127.1055464383
경기도교육청,성남교육지원청,다올유치원,사립(사인),배봉수,배경희(직무대리),19951017,19951017,경기도 성남시 분당구 미금로 177,031-712-4567,031-712-4569,https://daall-archive.com,0800시0800분~1830시1830분,2,2,1,0,0,180,36,44,20,0,0,25,40,15,0,0,37.3487150671,127.1127613286
경기도교육청,성남교육지원청,단남초등학교병설유치원,공립(병설),박애자,박애자,19870310,19870310,경기도 성남시 중원구 금광로12번길 5,031-746-5262,031-745-4774,https://dannam-e.goesn.kr/,0900시0900분~1900시1900분,0,0,1,1,0,38,0,0,24,14,0,0,0,8,5,0,37.4423748782,127.161441449
경기도교육청,성남교육지원청,대하초등학교병설유치원,공립(병설),하병철,하병철,19880314,19880314,경기도 성남시 중원구 시민로 14,031-603-0366,031-753-1795,www.daeha.es.kr,1300시1300분~1900시1900분,0,0,0,1,0,20,0,0,0,18,0,0,0,0,11,0,37.431709507,127.1515970082
경기도교육청,성남교육지원청,도레미유치원,사립(사인),박병구,이수련,19940307,19940307,경기도 성남시 분당구 야탑로 152,031-706-7119,031-703-3824, ,0730시0730분~1930시1930분,2,1,2,0,0,102,36,22,44,0,0,24,13,30,0,0,37.4094366184863,127.135769615341
경기도교육청,성남교육지원청,도촌유치원,공립(단설),이남숙,이남숙,20141231,20150301,경기도 성남시 중원구 도촌남로 22-1,031-759-9775,031-759-9774,https://dochon-k.goesn.kr,0800시0800분~1900시1900분,2,2,2,0,1,120,28,40,48,0,4,27,27,30,0,4,37.4138974715795,127.149772572876
경기도교육청,성남교육지원청,도촌초등학교병설유치원,공립(병설),허승,허승,20080107,20080301,경기도 성남시 중원구 도촌남로 99,031-755-0697,031-755-0698,http://www.sdc.kg.kr,0900시0900분~1800시1800분,0,0,0,1,0,38,0,0,0,4,0,0,0,0,4,0,37.4147282905,127.1580005098
경기도교육청,성남교육지원청,동명유치원,사립(법인),안창희,박경애,20021119,20021119,경기도 성남시 분당구 이매로 88,031-703-4011,031-703-4011, ,0800시0800분~1900시1900분,3,3,3,0,0,202,54,66,78,0,0,54,65,76,0,0,35.31998155505287,129.06726630910887
경기도교육청,성남교육지원청,동은유치원,사립(사인),이채형,이채형,19950925,19950925,경기도 성남시 분당구 구미로 50,031-717-0122,031-717-5867,http://www.dong-eun.co.kr,0750시0750분~1900시1900분,3,2,2,1,0,177,54,44,48,20,0,54,44,35,12,0,37.3377408774255,127.11419426139
경기도교육청,성남교육지원청,라라유치원,사립(사인),김지연,김이현,20090818,20090818,경기도 성남시 분당구 미금로 184,031-717-9599,031-717-9580,https://cafe.naver.com/lala,0800시0800분~1830시1830분,2,1,1,0,0,136,30,16,24,0,0,25,10,18,0,0,37.3490129555692,127.117883642442
경기도교육청,성남교육지원청,리안유치원,사립(사인),유재혜,김지영(직무대리),20130816,20131115,경기도 성남시 분당구 백현로 206-2,031-711-7982,031-714-7982, ,0900시0900분~1900시1900분,1,1,1,0,0,157,36,44,44,0,0,4,13,7,0,0,37.3672542768571,127.117057755101
경기도교육청,성남교육지원청,백현초등학교병설유치원,공립(병설),김성원,김성원,19961218,19970301,경기도 성남시 분당구 백현로144번길 26,031-718-6538,031-713-1275,http://baekhyeon.es.kr/,0830시0830분~1900시1900분,1,1,1,0,1,62,14,20,24,0,4,7,9,7,0,4,37.3722635847,127.1110823909
경기도교육청,성남교육지원청,복정초등학교병설유치원,공립(병설),홍진령,홍진령,19850301,19850301,경기도 성남시 수정구 성남대로1480번길 25,031-759-5897,031-759-5120,https://bokjeong-e.goesn.kr/bokjeong-e/main.do,0900시0900분~1900시1900분,0,0,0,1,0,18,0,0,0,18,0,0,0,0,6,0,37.4625118434744,127.12988952461
경기도교육청,성남교육지원청,분당성모유치원,사립(법인),이용훈,윤나영,20090307,20090307,경기도 성남시 분당구 구미로130번길 20,031-715-3344,031-715-7747, ,0800시0800분~1900시1900분,0,0,0,4,0,170,0,0,0,80,0,0,0,0,70,0,37.3400993513,127.1244180627
경기도교육청,성남교육지원청,분당유치원,사립(사인),고민석,임지애,19951007,19951121,경기도 성남시 분당구 불정로 119,031-718-8004,031-717-2915,https://blog.naver.com/cream0313,0800시0800분~1800시1800분,1,1,1,0,0,160,16,22,26,0,0,13,11,15,0,0,37.3609722764431,127.118089855942
경기도교육청,성남교육지원청,분당중앙유치원,사립(사인),이은정,이은정,20021129,20021129,경기도 성남시 분당구 분당로263번길 61,031-701-2393,031-709-2393,https://bdjoongang.kidsnote.ac,0800시0800분~1800시1800분,2,2,2,0,0,150,36,44,52,0,0,35,42,44,0,0,37.373454495,127.1416720699
경기도교육청,성남교육지원청,뽀뽀뽀유치원,사립(사인),서우명,서우명,19941123,19941123,경기도 성남시 분당구 양현로 515,031-704-0767,031-704-0778,https://cafe.naver.com/loveppp,0750시0750분~1900시1900분,2,2,1,0,0,200,36,44,26,0,0,52,46,49,0,0,37.4149984809094,127.13883058134
경기도교육청,성남교육지원청,산운유치원,공립(단설),오연숙,오연숙,20130819,20130901,경기도 성남시 분당구 판교원로117번길 11,031-8017-9531,031-8017-9533,https://sanun-k.goesn.kr,0800시0800분~1900시1900분,2,2,2,0,0,113,28,39,46,0,0,28,39,46,0,0,37.3897523385428,127.079025552431
경기도교육청,성남교육지원청,삼성유치원,사립(사인),이명희,이순화,19940613,19940613,경기도 성남시 분당구 양현로 220,031-706-3480,031-706-3485, ,0740시0740분~1900시1900분,2,3,2,1,0,173,36,66,52,10,0,36,66,52,10,0,37.40302528854,127.12571859196
경기도교육청,성남교육지원청,삼평유치원,공립(단설),김옥자,김옥자,20090901,20090901,경기도 성남시 분당구 동판교로 221,031-8017-5031,031-8017-5033,https://sp-k.goesn.kr,0800시0800분~1900시1900분,2,2,2,0,1,116,28,39,45,0,4,26,32,39,0,4,37.4021510766051,127.116382489905
경기도교육청,성남교육지원청,상원초등학교병설유치원,공립(병설),정애경,정애경,19850130,19850130,경기도 성남시 중원구 은행로 6,070-7609-9571, ,https://sangwon-e.goesn.kr,0900시0900분~1900시1900분,0,0,0,1,0,38,0,0,0,18,0,0,0,0,11,0,37.4538154711,127.1627274773
경기도교육청,성남교육지원청,샘터유치원,사립(사인),김인선,임경화,20091210,20091210,경기도 성남시 분당구 내정로 185,031-712-3518,031-711-9119,https://samter.kidsnote.ac,0800시0800분~1800시1800분,1,1,1,0,0,110,14,16,20,0,0,14,12,16,0,0,37.3748546088602,127.120377907598
경기도교육청,성남교육지원청,샛별유치원,사립(사인),이정임,김미경,19930901,19930901,경기도 성남시 분당구 수내로 201,031-702-6006,031-702-7003, ,0900시0900분~1900시1900분,0,0,1,2,0,80,0,0,26,32,0,0,0,25,25,0,37.3701349991975,127.129192517616
경기도교육청,성남교육지원청,선경유치원,사립(사인),김진국,이지원,19921215,19930301,경기도 성남시 중원구 자혜로17번길 16,031-741-6474,031-744-6474, ,0800시0800분~1800시1800분,2,2,2,1,0,190,36,44,52,22,0,36,44,52,22,0,37.4525172167827,127.162944621107
경기도교육청,성남교육지원청,성남북초등학교병설유치원,공립(병설),유진이,유진이,19850130,19860301,경기도 성남시 수정구 희망로534번길 3,031-746-4622,031-749-4529,www.snb.es.kr,0900시0900분~1900시1900분,0,0,0,1,0,20,0,0,0,20,0,0,0,0,9,0,37.451817877,127.1511830073
경기도교육청,성남교육지원청,성남서초등학교병설유치원,공립(병설),박지선,박지선,19850303,19850303,경기도 성남시 수정구 태평로 19,031-754-0081,031-754-0905,http://www.seongnamseo.es.kr/main.ado,0900시0900분~1700시1700분,0,0,0,1,0,20,0,0,0,20,0,0,0,0,4,0,37.4486970301601,127.129461614904
경기도교육청,성남교육지원청,성남송현초등학교병설유치원,공립(병설),김재근,김재근,20090301,20090301,경기도 성남시 분당구 동판교로 258,031-8016-2006,031-8016-2004,https://snsonghyeon-e.goesn.kr/,0800시0800분~1900시1900분,0,0,1,1,0,38,0,0,24,14,0,0,0,9,8,0,37.4054038642153,127.116345783066
경기도교육청,성남교육지원청,성남수정초등학교병설유치원,공립(병설),배정심,배정심,19810228,19810228,경기도 성남시 수정구 제일로123번길 9,031-721-5221,031-721-5047,http://snsj.es.kr/,0900시0900분~1900시1900분,0,0,1,1,0,38,0,0,24,14,0,0,0,13,8,0,37.4359854847,127.1319241986
경기도교육청,성남교육지원청,성남여수유치원,공립(단설),윤정순,윤정순,20140310,20140310,경기도 성남시 중원구 여수울로 37 ,031-697-0451,031-697-0453,https://snys-k.goesn.kr/,0800시0800분~1900시1900분,2,2,2,0,2,124,28,40,48,0,8,28,35,37,0,6,37.4194504873,127.1330810035
경기도교육청,성남교육지원청,성남은행초등학교병설유치원,공립(병설),전학용,전학용,19850301,19850301,경기도 성남시 중원구 순환로447번길 11,031-747-0286,031-747-0683,http://www.sn-eunhaeng.es.kr,0830시0830분~1700시1700분,0,0,0,1,0,20,0,0,0,20,0,0,0,0,3,0,37.4610495485,127.1709297233
경기도교육청,성남교육지원청,성남장안초등학교병설유치원,공립(병설),이상철,이상철,19971217,19980319,경기도 성남시 분당구 장안로51번길 10,031-703-7211,031-709-6131,https://snjangan-e.goesn.kr/,0900시0900분~1900시1900분,0,0,0,1,0,20,0,0,0,20,0,0,0,0,7,0,37.3723748614116,127.144133701356
경기도교육청,성남교육지원청,성남정자초등학교병설유치원,공립(병설),김재종,김재종,20050301,20050901,경기도 성남시 분당구 분당수서로442,031-711-5724,031-711-4378,snjj.es.kr,0900시0900분~1900시1900분,0,0,0,1,0,18,0,0,0,18,0,0,0,0,6,0,37.3738535387,127.1053437199
경기도교육청,성남교육지원청,성남제일초등학교병설유치원,공립(병설),권정일,권정일(직무대리),19810228,19810228,경기도 성남시 중원구 광명로184번길 23,031-733-0989,031-734-6317,https://snji-e.goesn.kr/snji-e/main.do,0840시0840분~1900시1900분,1,1,1,0,0,58,14,20,24,0,0,4,14,19,0,0,37.438911016,127.1496136451
경기도교육청,성남교육지원청,성남중앙초등학교병설유치원,공립(병설),박종명,박종명,19870310,19870310,경기도 성남시 중원구 원터로94번길 7,031-754-3963,031-754-3964,http://www.snja.es.kr,0900시0900분~1700시1700분,0,0,0,1,0,18,0,0,0,18,0,0,0,0,7,0,37.4361822987164,127.143496193311
경기도교육청,성남교육지원청,성남푸른유치원,공립(단설),김은영,김은영,20090301,20090301,경기도 성남시 수정구 수정로 233,031-755-2285,031-755-6427,https://snpureun-k.goesn.kr/snpureun-k/main.do,0800시0800분~1900시1900분,2,2,2,0,2,124,28,40,48,0,8,28,32,48,0,0,37.4463747054,127.1445946498
경기도교육청,성남교육지원청,성마르코유치원,사립(법인),김정희,김정희,20090817,20090817,경기도 성남시 분당구 매화로37번길 5,031-709-2872,031-702-2872, ,0800시0800분~1900시1900분,2,2,2,0,0,138,36,44,52,0,0,36,32,38,0,0,37.4108302033586,127.133164545462
경기도교육청,성남교육지원청,성수초등학교병설유치원,공립(병설),박연식,박연식,19870301,19870301,경기도 성남시 수정구 모란로 11,031-757-0814,031-755-3947,www.seongsu.es.kr,1300시1300분~1700시1700분,0,0,0,1,0,20,0,0,0,18,0,0,0,0,5,0,37.4337804942,127.1272468903
경기도교육청,성남교육지원청,성체유치원,사립(법인),길인숙,길인숙,19700708,19700708,경기도 성남시 수정구 탄리로 31,031-751-1457,031-758-7085, ,0830시0830분~1900시1900분,0,2,2,0,0,180,0,44,52,0,0,0,39,28,0,0,37.4390609973806,127.137476477357
경기도교육청,성남교육지원청,수진초등학교병설유치원,공립(병설),이영준,이영준,19820301,19820301,경기도 성남시 수정구 탄리로95번길 16,031-757-9263, , ,0900시0900분~1900시1900분,0,0,1,1,0,38,0,0,24,14,0,0,0,6,6,0,37.4444873708,127.1331339111
경기도교육청,성남교육지원청,숲리라유치원,사립(사인),이강심,지순의,20150301,20150301,경기도 성남시 분당구 서판교로132번길 12,031-8016-9091, , ,0900시0900분~1800시1800분,3,4,3,0,0,240,54,88,78,0,0,54,89,78,0,0,37.3985923526734,127.097465531085
경기도교육청,성남교육지원청,숲속그림유치원,사립(사인),한인순,임미경,19930401,20041109,경기도 성남시 분당구 장미로 55,031-704-7558,031-705-2876,https://greenkinder.co.kr/,0800시0800분~1900시1900분,3,2,1,1,0,160,54,44,26,16,0,54,44,26,16,0,37.4160649428042,127.123277044821
경기도교육청,성남교육지원청,신구대학교부속유치원,사립(법인),주봉관,주봉관,19880223,19880223,경기도 성남시 중원구 광명로 377,031-743-5770,031-743-0965,http://kinder.shingu.ac.kr,0840시0840분~1800시1800분,3,2,2,0,0,320,48,44,52,0,0,48,44,49,0,0,37.4477534371193,127.169312712563
경기도교육청,성남교육지원청,신양유치원,사립(사인),조원희,이문희,19950315,19950315,경기도 성남시 분당구 불정로 195,031-714-6304,031-714-6377,https://blog.naver.com/shinyang129 ,0740시0740분~1930시1930분,3,2,2,0,0,164,54,44,52,0,0,45,32,52,0,0,37.3629676449281,127.122773941994
경기도교육청,성남교육지원청,신흥동성당부설성모유치원,사립(법인),하경순,하경순,20100301,20100301,경기도 성남시 수정구 공원로 432,031-732-4534,031-733-5425,https://cafe.naver.com/shsm25s,0800시0800분~1800시1800분,1,1,1,0,0,66,18,22,26,0,0,17,16,19,0,0,37.4489166176,127.1432910048
경기도교육청,성남교육지원청,아름다운유치원,사립(사인),이상희,이상희,19921102,19921102,경기도 성남시 분당구 돌마로356번길 31,031-711-2648,031-711-2649,http://www.beautykids.net,0800시0800분~1900시1900분,2,2,2,0,0,230,34,40,48,0,0,24,31,44,0,0,37.367661277469,127.125456073539
경기도교육청,성남교육지원청,아리솔유치원,사립(사인),이태호,신이선,20110425,20110425,경기도 성남시 분당구 동판교로 275,031-8017-7475,031-8017-7476, ,0800시0800분~2000시2000분,1,1,1,0,0,128,15,10,15,0,0,9,6,14,0,0,37.4059000382189,127.11336103873
경기도교육청,성남교육지원청,아이비유치원,사립(사인),권종호,최태은,20100125,20100301,경기도 성남시 수정구 희망로518번길 9,031-735-4768,031-735-4769, ,0800시0800분~1800시1800분,1,1,2,1,0,120,18,22,52,18,0,11,22,42,12,0,37.4506554308524,127.153129531799
경기도교육청,성남교육지원청,예원유치원,사립(사인),남궁원,방보선,19810310,19810310,경기도 성남시 중원구 원터로93번길 3,031-754-9900,031-754-9966,http://www.yeawonworld.co.kr,0800시0800분~1830시1830분,3,3,3,0,0,520,54,66,78,0,0,42,43,65,0,0,37.4349008678327,127.143004911934
경기도교육청,성남교육지원청,예은유치원,사립(사인),곽정순,김선희,19951213,19951223,경기도 성남시 분당구 정자로 143,031-714-0002,031-712-2736, ,0730시0730분~1930시1930분,1,1,1,0,0,60,16,20,24,0,0,12,14,10,0,0,37.3655427389899,127.120471353936
경기도교육청,성남교육지원청,오리초등학교병설유치원,공립(병설),김기범,김기범,19980301,19980301,경기도 성남시 분당구 미금로 121,031-714-0680,031-713-0675,https://ori-e.goesn.kr,0900시0900분~1900시1900분,0,0,0,1,1,18,0,0,0,14,4,0,0,0,4,2,37.3443555011,127.1153804229
경기도교육청,성남교육지원청,오즈의마법사판교유치원,사립(사인),고경하,김정미,20150730,20151001,경기도 성남시 분당구 판교역로 102,031-698-3117,070-8668-0860, ,0800시0800분~1830시1830분,2,2,2,0,0,142,36,44,52,0,0,36,44,46,0,0,37.389334980842,127.11223268482
경기도교육청,성남교육지원청,왕남초등학교병설유치원,공립(병설),문은수,문은수,19810310,19810310,경기도 성남시 수정구 왕남로 24 (고등동. 왕남초등학교),031-723-5552,031-723-8422,https://wang-e.goesn.kr/wang-e/main.do,1300시1300분~1700시1700분,0,0,0,1,0,58,0,0,0,8,0,0,0,0,8,0,37.4283634064812,127.098357514175
경기도교육청,성남교육지원청,운중초등학교병설유치원,공립(병설),임화윤,임화윤,20090301,20090301,경기도 성남시 분당구 운중로45번길 8,031-781-5485,031-781-5487,https://uj-e.goesn.kr/,0900시0900분~1900시1900분,0,0,0,1,0,14,0,0,0,14,0,0,0,0,6,0,37.3924192244,127.0689378145
경기도교육청,성남교육지원청,위례고운초등학교병설유치원,공립(병설),김기영,김기영,20160301,20160308,경기도 성남시 수정구 위례순환로 155,031-751-9346,031-751-9399,https://wrgoun-e.goesn.kr/wrgoun-e/main.do,0850시0850분~1900시1900분,1,1,1,0,0,58,14,20,24,0,0,3,11,14,0,0,37.4714370828,127.1457938655
경기도교육청,성남교육지원청,위례새초롱유치원,공립(단설),김정희,김정희,20160901,20160902,경기도 성남시 수정구 위례순환로4길 2,031-759-7102,031-759-7104,https://saechorong-k.goesn.kr/saechorong-k/main.do,0800시0800분~1900시1900분,3,2,2,0,1,134,42,40,48,0,4,34,36,39,0,1,37.4697117771,127.1478660002
경기도교육청,성남교육지원청,위례중앙초등학교병설유치원,공립(병설),조숙희,조숙희,20161028,20161028,경기도 성남시 수정구 위례순환로 71,031-759-9056, ,http://www.wrjungang.es.kr,1330시1330분~1900시1900분,0,0,0,1,0,18,0,0,0,18,0,0,0,0,1,0,37.4719714084,127.1359462234
경기도교육청,성남교육지원청,위례푸른초등학교병설유치원,공립(병설),엄미영,엄미영(직무대리),20160302,20160308,경기도 성남시 수정구 위례순환로 205,031-757-6524, ,https://wiryepureun-e.goesn.kr/wiryepureun-e/main.do,0900시0900분~1900시1900분,1,1,1,0,0,58,14,20,24,0,0,13,18,22,0,0,37.4706964746096,127.150993518642
경기도교육청,성남교육지원청,위례하늘유치원,공립(단설),이은경,이은경,20170901,20170901,경기도 성남시 수정구 위례동이로 14,031-229-3200,031-229-3203,https://wrsky-k.goesn.kr,0800시0800분~1900시1900분,7,6,4,0,2,322,98,120,96,0,8,96,117,89,0,8,37.467037048,127.151134366
경기도교육청,성남교육지원청,위례한빛초등학교병설유치원,공립(병설),윤인아,윤인아,20160301,20160308,경기도 성남시 수정구 위례동로 55,031-759-9675,031-759-9672,https://whb-e.goesn.kr,0800시0800분~1900시1900분,1,1,1,0,0,58,14,20,24,0,0,14,10,11,0,0,37.3866358081,127.1195884322
경기도교육청,성남교육지원청,위례해솔유치원,공립(단설),김지영,김지영,20260302,20260303,경기도 성남시 수정구 남위례로 131,031-8039-5981,031-8039-5954,https://www.goesn.kr/wrhs-k/main.do,0800시0800분~1900시1900분,4,5,3,0,1,240,64,100,72,0,4,62,97,67,0,3, , 
경기도교육청,성남교육지원청,은서유치원,사립(사인),조남화,조남화,19970417,19970417,경기도 성남시 수정구 탄리로95번길 7-17,031-752-8411,031-752-8410,https://blog.naver.com/eunseokids,0900시0900분~1700시1700분,2,2,2,0,0,130,36,44,50,0,0,33,44,42,0,0,37.4436025157,127.1349744912
경기도교육청,성남교육지원청,은솔유치원,공립(단설),최재화,최재화,20160226,20160309,경기도 성남시 수정구 위례서일로1길 24,031-758-4921,031-758-4926,https://eunsol-k.goesn.kr/eunsol-k/main.do,0800시0800분~1900시1900분,1,2,2,0,1,102,14,40,48,0,4,14,33,34,0,3,37.4677987217147,127.138154793954
경기도교육청,성남교육지원청,은정유치원,사립(사인),권은정,권은정,19940207,19940207,경기도 성남시 분당구 장미로 101,031-706-2077,031-706-4346,http://cafe.naver.com/ejkschool,0800시0800분~1900시1900분,3,3,3,0,0,198,54,66,78,0,0,52,56,62,0,0,37.4145696729993,127.12987558675
경기도교육청,성남교육지원청,은혜유치원,사립(사인),황선욱,정윤진,20051206,20051206,경기도 성남시 분당구 내정로7번길 24,031-726-4377,031-726-4380,http://www.eunhyekinder.kr,0900시0900분~1900시1900분,2,2,1,0,0,152,30,40,26,0,0,22,23,21,0,0,37.3609090192552,127.11194773047
경기도교육청,성남교육지원청,이매유치원,사립(사인),김정애,최경선,19940221,19940221,경기도 성남시 분당구 탄천로 59,031-704-5060,031-696-5322, ,0800시0800분~1900시1900분,1,1,1,0,0,80,18,20,24,0,0,13,4,14,0,0,37.3980904385875,127.122658078916
경기도교육청,성남교육지원청,중부초등학교병설유치원,공립(병설),박용선,박용선,20000301,20000301,경기도 성남시 중원구 자혜로 55,031-730-7123,031-733-4494,http://www.jungbu.es.kr,0900시0900분~1900시1900분,0,0,0,1,0,20,0,0,0,18,0,0,0,0,6,0,37.4515467378,127.16495084
경기도교육청,성남교육지원청,즐거운유치원,사립(사인),이송자,이송자,19940831,19940831,경기도 성남시 분당구 미금로 215,031-713-6111,031-717-3549, ,0740시0740분~1840시1840분,2,2,2,0,0,128,36,44,52,0,0,34,28,36,0,0,37.3526501503268,127.111552032793
경기도교육청,성남교육지원청,진영유치원,사립(사인),이종길,정찬순,19930501,19930501,경기도 성남시 분당구 분당로 212,031-702-2990,031-707-7112,http://cafe.naver.com/jinyoungkids,0900시0900분~1830시1830분,1,1,1,0,0,90,18,22,26,0,0,19,22,15,0,0,37.3715843687533,127.132352026929
경기도교육청,성남교육지원청,창은유치원,사립(사인),오미애,이연주,19960301,19960301,경기도 성남시 분당구 내정로165번길 35,031-712-9030,031-696-5275, ,0730시0730분~2000시2000분,2,1,1,0,0,80,36,22,26,0,0,35,22,22,0,0,37.374236739352,127.114672326718
경기도교육청,성남교육지원청,판교반디유치원,공립(단설),채경숙,채경숙,20210901,20210906,경기도 성남시 분당구 판교대장로5길 57-9,031-779-5100,031-719-9183,https://pangyobandi-k.goesn.kr/pangyobandi-k/main.do,0800시0800분~1900시1900분,6,4,4,0,2,260,82,79,91,0,8,82,79,87,0,7,37.3670903892,127.0697740408
경기도교육청,성남교육지원청,판교샘유치원,사립(사인),김진덕 김인선,채현주,20101005,20101005,경기도 성남시 분당구 산운로 98,031-8016-2009,031-8016-2010, ,0800시0800분~1900시1900분,2,2,2,0,0,115,35,40,40,0,0,34,23,30,0,0,37.392181265797,127.071418908058
경기도교육청,성남교육지원청,판교초등학교병설유치원,공립(병설),주희철,주희철,20110301,20110301,경기도 성남시 분당구 판교원로 231,031-8017-0434,031-8017-0575,https://pangyo-e.goesn.kr/,0900시0900분~1900시1900분,0,0,0,1,0,18,0,0,0,18,0,0,0,0,10,0,37.3872774331,127.091440068
경기도교육청,성남교육지원청,하나유치원,사립(사인),이은복,이인숙,19930119,19930119,경기도 성남시 분당구 수내로 74,031-711-7779,031-696-6163, ,0800시0800분~1800시1800분,2,2,2,0,0,132,36,44,52,0,0,36,44,51,0,0,37.3769134265284,127.118996555359
경기도교육청,성남교육지원청,하원초등학교병설유치원,공립(병설),서권용,서권용,19870310,19870310,경기도 성남시 중원구 광명로 396,031-731-6073,031-731-1537,www.hw.es.kr,0900시0900분~1900시1900분,1,1,1,0,0,58,14,20,24,0,0,3,14,19,0,0,37.4462976561,127.1692887088
경기도교육청,성남교육지원청,하은유치원,사립(사인),문송실,문송실,19930301,19930301,경기도 성남시 분당구 서현로 177,031-704-7336,031-704-7326, ,0800시0800분~1800시1800분,1,1,1,0,0,60,18,22,20,0,0,8,21,13,0,0,37.3908461502147,127.124099400599
경기도교육청,성남교육지원청,한국유치원,사립(사인),서정원,최효임,19970302,19970302,경기도 성남시 분당구 벌말로39번길 15-6,031-707-3475,031-707-3477, ,0800시0800분~1900시1900분,3,3,2,0,0,360,54,66,48,0,0,52,61,35,0,0,37.4114910567893,127.136421402399
경기도교육청,성남교육지원청,한별유치원,사립(사인),이미숙,이미숙,19951223,19951223,경기도 성남시 분당구 정자일로 72,031-717-0394,031-717-0395, ,0800시0800분~1900시1900분,1,1,1,1,0,87,18,22,26,20,0,18,22,26,15,0,37.3550961766685,127.106814557143
경기도교육청,성남교육지원청,한울유치원,사립(사인),정수자,김현정,19950901,19950901,경기도 성남시 분당구 미금로 23,031-716-7497,031-716-7498,https://www.bdhanwool.com,0730시0730분~1930시1930분,1,2,1,0,0,120,18,44,26,0,0,18,44,26,0,0,37.3349959318356,127.115787240728
경기도교육청,성남교육지원청,해나유치원,사립(사인),손영락,신애,20110126,20110126,경기도 성남시 분당구 서판교로44번길 2,031-8017-0008,031-8017-0009, ,0900시0900분~1900시1900분,1,2,1,0,0,80,18,41,21,0,0,18,41,21,0,0,37.3905185028623,127.09793166293
경기도교육청,성남교육지원청,현대유치원,사립(사인),최혜순,이미혜,19920302,19920302,경기도 성남시 분당구 중앙공원로 20,031-701-0061,031-602-0061, ,0830시0830분~1830시1830분,3,2,2,0,0,270,54,44,52,0,0,49,49,42,0,0,37.3788314798844,127.128604712311
경기도교육청,성남교육지원청,혜성유치원,사립(법인),김정석,이연희,19850313,19850313,경기도 성남시 중원구 광명로 308,031-731-2045,031-624-4420, ,0800시0800분~1800시1800분,2,2,1,0,0,100,36,40,24,0,0,28,36,22,0,0,37.4445125542192,127.16025386157
경기도교육청,성남교육지원청,홍하유치원,사립(사인),김효정,박성미,20100315,20100315,경기도 성남시 분당구 중앙공원로 54,031-701-5415, ,https://blog.naver.com/maxlock123,0700시0700분~1900시1900분,1,2,1,0,0,174,16,44,26,0,0,6,37,26,0,0,37.3817771194266,127.131752965005
경기도교육청,성남교육지원청,효자유치원,사립(사인),정정자,송은주,19970302,19970302,경기도 성남시 분당구 분당로201번길 17,031-702-1900,031-702-1901, ,0900시0900분~1800시1800분,2,1,2,0,0,150,36,24,52,0,0,26,13,39,0,0,37.3750381729273,127.133711646987
경기도교육청,성남교육지원청,희소유치원,사립(사인),탁영진,이혜숙,19960322,19960322,경기도 성남시 분당구 미금로 63,031-715-4034,031-715-4150,https://heeso.kidsnote.ac ,0800시0800분~1900시1900분,3,2,2,0,0,240,45,40,50,0,0,40,39,50,0,0,37.3394037015815,127.114122874517
경기도교육청,성남교육지원청,희언유치원,사립(사인),이철구,채혜원,19940908,19940908,경기도 성남시 분당구 내정로 55,031-713-2691,031-713-2692, ,0900시0900분~1900시1900분,4,3,3,0,0,220,72,66,84,0,0,41,59,55,0,0,37.3648853137757,127.113967014439
경기도교육청,수원교육지원청,가온누리유치원,공립(단설),정미혜,정미혜,20220301,20220301,경기도 수원시 권선구 서수원로577번길 376,031-299-7420,031-299-7499,https://gaonnuri-k.goesw.kr,0800시0800분~1900시1900분,3,3,3,0,1,240,42,60,72,0,4,28,46,54,0,2,37.276679215,126.9363454768
경기도교육청,수원교육지원청,가온유치원,사립(사인),박노규,박지웅,20090218,20090218,경기도 수원시 장안구 정자천로13번길 30,031-278-5355,031-624-2551,https://www.instagram.com/gaonkindergarten/,0740시0740분~1900시1900분,4,2,2,0,0,170,68,48,54,0,0,62,48,53,0,0,37.2900982502867,126.978567749696
경기도교육청,수원교육지원청,강남유치원,사립(사인),노윤민,손명희,19910301,19910301,경기도 수원시 권선구 수성로 18,031-293-7003,031-296-7003,https://blog.naver.com/kangnam_kindergarten,0730시0730분~1930시1930분,2,2,2,0,0,138,36,44,52,0,0,31,32,52,0,0,37.280542514807,126.975890391846
경기도교육청,수원교육지원청,경동유치원,사립(사인),서순옥,김금경,19730302,19730302,경기도 수원시 팔달구 고화로39번길 13,031-244-7775, ,https://kyungdong.kidsnote.ac/,0800시0800분~1830시1830분,2,2,2,0,0,240,32,44,50,0,0,16,22,28,0,0,37.2723184312347,127.006343523749
경기도교육청,수원교육지원청,곡정초등학교병설유치원,공립(병설),박금아,박금아,20111101,20111101,경기도 수원시 권선구 곡선로 7,031-239-4223,031-239-3988,http://gokjeong.es.kr,0900시0900분~1700시1700분,0,1,1,0,0,44,0,20,24,0,0,0,9,10,0,0,37.2408565831,127.0256372447
경기도교육청,수원교육지원청,광교초등학교병설유치원,공립(병설),이재평,이재평,20110901,20110901,경기도 수원시 영통구 대학로 91,031-217-7607,031-217-7604,http://gwanggyo.es.kr,0840시0840분~1900시1900분,0,0,1,0,0,24,0,0,24,0,0,0,0,12,0,0,37.3038801618,127.0458511056
경기도교육청,수원교육지원청,광교호수초등학교병설유치원,공립(병설),김득호,김득호,20180601,20180601,경기도 수원시 영통구 광교호수공원로 205,0312011790,031-214-3047,https://gwanggyohosu-e.goesw.kr/index.do,0900시0900분~1900시1900분,1,1,1,0,0,58,14,20,24,0,0,5,8,11,0,0,37.2796926989543,127.058864007384
경기도교육청,수원교육지원청,구운초등학교병설유치원,공립(병설),신우영,신우영,19900301,19900301,경기도 수원시 권선구 여기산로 29,031-292-4609,031-293-4458,www.guun.es.kr,1300시1300분~1630시1630분,0,0,0,1,0,20,0,0,0,20,0,0,0,0,9,0,37.2805870952,126.9774107984
경기도교육청,수원교육지원청,규장초등학교병설유치원,공립(병설),민정원,민정원,20250301,20250301,경기도 수원시 권선구 덕영대로1190번길 152,031-8067-7623,031-8067-7628,https://gyujang-e.goesw.kr/index.do,0830시0830분~1900시1900분,1,2,1,0,0,78,14,40,24,0,0,14,21,11,0,0,37.2426690644,127.0202104183
경기도교육청,수원교육지원청,글빛초등학교병설유치원,공립(병설),이병갑,이병갑,20230301,20230313,경기도 수원시 영통구 망포로84번길 15,031-8019-5225, , ,0800시0800분~1900시1900분,1,2,2,0,0,102,14,40,48,0,0,14,35,31,0,0,37.2397218000303,127.043463616425
경기도교육청,수원교육지원청,금곡킹스키즈유치원,사립(사인),최은경,최충은,20091201,20091201,경기도 수원시 권선구 금곡로 45,031-293-4242,031-297-9878, ,0800시0800분~1800시1800분,2,3,2,0,0,168,36,66,45,0,0,36,66,45,0,0,37.2721203407403,126.936349782514
경기도교육청,수원교육지원청,금호유치원,사립(사인),황선숙,천은조,19940125,19940308,경기도 수원시 권선구 금호로15번길 15,031-294-0671,031-295-0671,https://cafe.naver.com/kumho1219,0730시0730분~1900시1900분,1,0,0,1,0,120,36,0,0,84,0,8,0,0,7,0,37.26921704149399,126.95285064822654
경기도교육청,수원교육지원청,꾸러기숲유치원,사립(사인),이행숙,이행숙,20100302,20100302,경기도 수원시 장안구 파장천로59번길 12,031-271-4599,031-271-4597,http://www.kkurugikid.kr,0750시0750분~2000시2000분,3,3,2,1,0,191,54,66,52,19,0,54,66,52,19,0,37.3107453286601,126.997081348898
경기도교육청,수원교육지원청,꿈꾸는아이들유치원,사립(사인),엄순옥,원   진,20080301,20080301,경기도 수원시 영통구 영일로 26,031-203-3201,031-203-2201, ,0750시0750분~1900시1900분,4,4,3,0,0,262,72,88,78,0,0,68,82,74,0,0,37.2496250870012,127.076940293036
경기도교육청,수원교육지원청,꿈내리유치원,사립(사인),송기문,송기문,19990325,19990326,경기도 수원시 권선구 금곡로73번길 71,031-297-7151,031-297-7153,http://cafe.daum.net/dream-come,0800시0800분~1900시1900분,3,2,2,0,0,225,54,44,52,0,0,53,44,31,0,0,37.2721203407403,126.936349782514
경기도교육청,수원교육지원청,꿈누리유치원,공립(단설),이주안,이주안,20131001,20131001,경기도 수원시 영통구 광교중앙로266번길 79,031-213-2950,031-213-2952,https://ggumnuri-k.goesw.kr,0800시0800분~1900시1900분,2,3,3,0,2,168,28,60,72,0,8,26,58,61,0,6,37.2904622260638,127.070773150374
경기도교육청,수원교육지원청,나라유치원,사립(사인),박도근,한태숙,20060306,20060306,경기도 수원시 영통구 동탄원천로881번길 58,031-217-0090,031-217-7131, ,0800시0800분~1900시1900분,3,3,3,0,0,286,54,66,78,0,0,50,50,71,0,0,37.2556863426262,127.042584117074
경기도교육청,수원교육지원청,남수원초등학교병설유치원,공립(병설),김현숙,김현숙,19920302,19920302,경기도 수원시 권선구 경수대로235번길 24,031-8014-9877,031-232-8643,www.namsuwon.es.kr,0900시0900분~1700시1700분,0,0,0,1,0,20,0,0,0,20,0,0,0,0,7,0,37.249733017,127.0170338293
경기도교육청,수원교육지원청,남정유치원,사립(사인),권순남,권순남,19900302,19900302,경기도 수원시 장안구 영화로37번길 30,031-244-7474,031-247-5556,https://blog.naver.com/nam747474,0730시0730분~1930시1930분,2,1,2,1,0,152,36,22,52,22,0,33,22,52,15,0,37.289804103557,127.007109287502
경기도교육청,수원교육지원청,녹산유치원,사립(사인),변영임,최리라,19940221,19940221,경기도 수원시 팔달구 세지로399번길 85,031-254-6700,031-248-2745,http://noksanedu.kidsnote.ac,0730시0730분~1830시1830분,2,2,2,0,0,240,36,44,52,0,0,35,40,39,0,0,37.2886430172247,127.026517025896
경기도교육청,수원교육지원청,늘푸른유치원,사립(사인),김기남,김기남,19990302,19990302,경기도 수원시 영통구 청명로 142,031-203-8311, ,https://blog.naver.com/blue-8311,0800시0800분~1830시1830분,2,2,2,0,0,143,36,40,44,0,0,34,38,36,0,0,37.2576591158,127.0731372864
경기도교육청,수원교육지원청,능실유치원,공립(단설),이한선,이한선,20160801,20170301,경기도 수원시 권선구 호매실로165번길 29,031-298-5127,031-298-5128,https://neungsil-k.goesw.kr,0800시0800분~1900시1900분,5,4,4,0,4,246,68,72,90,0,16,60,60,85,0,15,37.2585699847,126.9554545308
경기도교육청,수원교육지원청,다사랑유치원,사립(사인),김종석,김종석,20080329,20080329,경기도 수원시 권선구 매송고색로699번길 22,031-295-0307,031-296-0307, ,0900시0900분~1700시1700분,2,2,2,0,0,101,36,36,29,0,0,28,34,25,0,0,37.2519556400592,126.980773048912
경기도교육청,수원교육지원청,다솔초등학교병설유치원,공립(병설),박정민,박정민,20130528,20130603,경기도 수원시 장안구 이목로 24-35,031-8019-7823,031-8019-7827,https://dasol-e.goesw.kr/index.do,0900시0900분~1900시1900분,0,0,1,1,0,38,0,0,24,14,0,0,0,12,5,0,37.3086966641976,126.987668707003
경기도교육청,수원교육지원청,다정유치원,사립(사인),김완자 김학현,김완자,20150908,20160301,경기도 수원시 권선구 경수대로168번길 102,031-234-7004,070-8228-7014,https://dajeong7004.kidsnote.ac,0800시0800분~1900시1900분,6,7,7,0,0,474,108,154,182,0,0,103,140,180,0,0,37.2408686333857,127.021240100201
경기도교육청,수원교육지원청,다현유치원,사립(사인),김정미,윤봉기,20150511,20150901,경기도 수원시 장안구 영화로 34,031-257-1004, ,https://blog.naver.com/suwondahyun,0800시0800분~1900시1900분,2,2,2,0,0,218,32,44,48,0,0,15,43,42,0,0,37.2901195042022,127.009040604844
경기도교육청,수원교육지원청,당수초등학교병설유치원,공립(병설),하문혜,하문혜,19850901,19850901,경기도 수원시 권선구 당진로 6,031-416-7579,031-419-3587,http://dangsu-e.goesw.kr,0900시0900분~1900시1900분,0,0,0,1,0,20,0,0,0,20,0,0,0,0,6,0,37.2891343487,126.941165624
경기도교육청,수원교육지원청,대선초등학교병설유치원,공립(병설),선우양숙,선우양숙,20060301,20060301,경기도 수원시 영통구 봉영로 1432-19,031-695-9172,031-205-1597,https://daeseon-e.goesw.kr,0900시0900분~1900시1900분,0,0,0,1,0,24,0,0,0,20,0,0,0,0,11,0,37.2419484149,127.0646549783
경기도교육청,수원교육지원청,대연유치원,사립(사인),윤명섭,윤명섭,19950302,19950302,경기도 수원시 장안구 덕영대로439번길 1,031-269-9740,031-269-9751,http://deyen.kidsnote.ac,0800시0800분~1900시1900분,1,3,2,0,0,220,18,66,52,0,0,15,66,52,0,0,37.3011885784424,126.970772593351
경기도교육청,수원교육지원청,데레사유치원,사립(법인),류희을리,박동찬,19890301,19890301,경기도 수원시 팔달구 팔달문로163번길 88,031-246-5467,031-247-2059,https://cafe.naver.com/suwonteresa,0800시0800분~1830시1830분,5,2,2,0,0,192,90,44,52,0,0,69,39,45,0,0,37.2864867559,127.0312391429
경기도교육청,수원교육지원청,동남보건대학교부설유치원,사립(법인),송동섭,정인수,20040629,20040629,경기도 수원시 장안구 천천로74번길 50,031-252-1425,031-252-1429,http://www.dongnamak.kg.kr,0800시0800분~1900시1900분,4,3,3,0,0,210,62,69,72,0,0,62,69,72,0,0,37.299172630934,126.987257388856
경기도교육청,수원교육지원청,동수원초등학교병설유치원,공립(병설),이원미,이원미,19860111,19860111,경기도 수원시 영통구 인계로189번길 83,031-214-6745,031-214-6746, ,0900시0900분~1700시1700분,0,0,0,1,0,18,0,0,0,18,0,0,0,0,5,0,37.269558052358,127.040525068796
경기도교육청,수원교육지원청,동화나라유치원,사립(사인),박현경,박현경,19980501,19980501,경기도 수원시 영통구 영통로 232,031-202-0469,031-204-0460, ,0800시0800분~1900시1900분,1,1,1,0,0,126,18,22,24,0,0,11,14,14,0,0,37.2471586525572,127.057884406809
경기도교육청,수원교육지원청,디딤돌유치원,사립(법인),김동춘,박선이,20000816,20000816,경기도 수원시 영통구 영통로90번길 4-27,031-206-6050,031-206-6042, ,0740시0740분~1900시1900분,2,3,2,0,0,245,36,66,52,0,0,28,49,38,0,0,37.2389456759563,127.060458490883
경기도교육청,수원교육지원청,라온유치원,사립(사인),박휘순,박휘순,20131111,20131111,경기도 수원시 영통구 태장로54번길 98,031-206-7171,031-206-7772,http://www.laonkids.co.kr/,0800시0800분~1830시1830분,4,3,3,0,0,218,72,69,77,0,0,70,69,75,0,0,37.234708287567,127.051586731171
경기도교육청,수원교육지원청,리라유치원,사립(사인),김형만,장숙현,19830301,20030901,경기도 수원시 장안구 덕영대로511번길 19,031-207-7721,031-269-2331, ,0800시0800분~1900시1900분,4,3,3,0,0,254,72,66,78,0,0,72,66,78,0,0,37.2989577056005,126.979526256881
경기도교육청,수원교육지원청,리틀하버드유치원,사립(사인),박노정,장고운,19960516,19960516,경기도 수원시 권선구 경수대로302번길 32,031-235-3727,031-235-3725,http://www.리틀하버드.kr,0730시0730분~1900시1900분,1,0,0,1,0,160,18,0,0,25,0,4,0,0,6,0,37.2517814883,127.0227144256
경기도교육청,수원교육지원청,망포유치원,공립(단설),윤미라,윤미라,20190301,20190308,경기도 수원시 영통구 태장로7번길 47,031-273-6290,031-273-6255,http://mangpo-k.goesw.kr,0800시0800분~1900시1900분,3,3,3,0,1,173,41,57,71,0,4,32,50,56,0,6,37.23896214770622,127.0474054853001
경기도교육청,수원교육지원청,매교초등학교병설유치원,공립(병설),홍성현,홍성현,20250301,20250301,경기도 수원시 팔달구 매산로116번길 73-9,031-8019-9516,031-8019-9517,http://maegyo-e.goe.sw.kr,0800시0800분~1900시1900분,1,2,2,0,0,102,14,40,48,0,0,14,37,48,0,0,37.2688810828,127.0183360787
경기도교육청,수원교육지원청,매산유치원,공립(단설),김경희,김경희,20130830,20130902,경기도 수원시 팔달구 향교로 93,031-254-2984,031-244-2984,https://maesan-k.goesw.kr ,0800시0800분~1900시1900분,1,1,2,0,3,82,11,17,42,0,12,13,17,27,0,10,37.2711403881948,127.010268539323
경기도교육청,수원교육지원청,매탄리라유치원,사립(사인),라덕수,김미리,20080601,20080601,경기도 수원시 영통구 효원로 363,031-216-6171,031-216-0056, ,0800시0800분~1830시1830분,4,3,2,1,0,325,75,66,52,22,0,75,66,52,22,0,37.2612403724146,127.041531580858
경기도교육청,수원교육지원청,매탄초등학교병설유치원,공립(병설),박대진,박대진,19850904,19850904,경기도 수원시 영통구 매탄로 139,031-215-0344, ,https://maetan-e.goesw.kr/maetan-e/main.do,0900시0900분~1900시1900분,0,0,0,1,0,20,0,0,0,20,0,0,0,0,9,0,37.2645156783,127.0430939474
경기도교육청,수원교육지원청,매현초등학교병설유치원,공립(병설),김유경,김유경,20020223,20020318,경기도 수원시 영통구 동탄원천로881번길 77,031-217-4103, ,https://maehyun-e.goesw.kr,0900시0900분~1900시1900분,1,1,1,0,1,59,14,16,24,0,5,7,7,10,0,5,37.2565440697,127.0420137337
경기도교육청,수원교육지원청,명인초등학교병설유치원,공립(병설),윤인아,김수연,20000301,20000301,경기도 수원시 장안구 대평로52번길 21,031-269-5031, , ,0900시0900분~1900시1900분,0,0,0,1,0,20,0,0,0,20,0,0,0,0,5,0,37.2942315897,126.9948896771
경기도교육청,수원교육지원청,밤밭누리유치원,공립(단설),이선혜,이선혜,20200228,20200301,경기도 수원시 장안구 상률로12번길 62,031-895-4740,031-895-4745,http://bbnuri-k.goesw.kr,0750시0750분~1900시1900분,4,3,2,0,2,172,56,60,48,0,8,54,51,36,0,8,37.3049981439,126.9677789883
경기도교육청,수원교육지원청,배학유치원,사립(법인),이정미,이정미,19790302,19790302,경기도 수원시 영통구 월드컵로 214-1,031-212-4111,031-213-8435,http://www.bhkids.co.kr/,0810시0810분~1830시1830분,3,3,3,0,0,192,54,66,72,0,0,54,59,66,0,0,37.2811950015036,127.043077065085
경기도교육청,수원교육지원청,복자유치원,사립(법인),이용훈,이현숙,19770228,19770228,경기도 수원시 권선구 서호서로21번길 32,031-291-2291,031-291-2230,http://cafe.daum.net/bokja2009,0800시0800분~1900시1900분,0,0,1,1,0,145,0,0,26,16,0,0,0,19,14,0,37.2697458744911,126.983116009738
경기도교육청,수원교육지원청,빛누리유치원,공립(단설),최옥희,최옥희,20140113,20140301,경기도 수원시 영통구 대학1로8번길 52,031-213-5865,031-213-5870,https://bitnuri-k.goesw.kr/bitnuri-k/main.do,0800시0800분~1900시1900분,3,2,1,0,1,108,40,40,24,0,4,37,39,24,0,3,37.2982075049,127.0439204881
경기도교육청,수원교육지원청,뽀뽀뽀유치원,사립(사인),홍성인,홍성인,20021129,20021129,경기도 수원시 영통구 동수원로514번길 33,031-214-0109,031-212-5174,https://blog.naver.com/bbo2140109,0730시0730분~1900시1900분,1,1,1,0,0,140,18,22,26,0,0,9,13,12,0,0,37.2720159401016,127.047962066368
경기도교육청,수원교육지원청,사랑유치원,사립(사인),김완기,서영학,20060228,20060228,경기도 수원시 영통구 권광로260번길 36,031-214-8004,031-214-2223,http://cafe.naver.com/sarang8004,0730시0730분~1930시1930분,2,1,1,0,0,146,36,22,24,0,0,23,14,19,0,0,37.2716766456,127.0391503435
경기도교육청,수원교육지원청,산의초등학교병설유치원,공립(병설),황영미,황영미,20120307,20120307,경기도 수원시 영통구 센트럴타운로22번길 25,031-880-8230,031-216-9891,https://sanui-e.goesw.kr/sanui-e/main.do,0900시0900분~1800시1800분,0,1,1,0,0,44,0,20,24,0,0,0,6,18,0,0,37.2903716143,127.0571867168
경기도교육청,수원교육지원청,삼성유치원,사립(사인),유재경,박분미(직무대리),19990310,19990310,경기도 수원시 장안구 서부로 2095-1,031-297-5665,031-297-5667,http://www.sw-samsung.net,0800시0800분~1900시1900분,1,1,1,0,0,244,18,22,26,0,0,5,14,15,0,0,37.296053216,126.969327713
경기도교육청,수원교육지원청,새동신유치원,사립(사인),박숙현,박숙현,19920213,19920213,경기도 수원시 장안구 장안로 211,031-256-6891,031-256-6809,https://www.sds-kindergarten.com,0730시0730분~1930시1930분,1,2,2,0,0,154,18,32,32,0,0,17,27,29,0,0,37.2999498688314,126.994437452963
경기도교육청,수원교육지원청,새롬유치원,사립(사인),이은주,유경신,19950112,19960304,경기도 수원시 권선구 덕영대로1217번길 24,031-239-1230, , ,0730시0730분~1830시1830분,0,1,1,1,0,66,0,22,26,15,0,0,19,14,13,0,37.2500266720124,127.024557151819
경기도교육청,수원교육지원청,새알곡유치원,사립(사인),한금희,김은화(직무대리),20060913,20060913,경기도 수원시 장안구 율전로107번길 61,031-297-8255,031-293-9434,http://www.algog.kr,0900시0900분~1800시1800분,3,3,1,0,0,200,54,66,26,0,0,36,46,11,0,0,37.2991499266703,126.965820124017
경기도교육청,수원교육지원청,서평초등학교병설유치원,공립(병설),곽주철,곽주철,20051219,20060305,경기도 수원시 권선구 수인로9번길 52,031-296-6777,031-296-6772,https://seopyung-e.goesw.kr/index.do,0900시0900분~1800시1800분,1,1,1,0,0,58,14,20,24,0,0,4,8,3,0,0,37.26843008383,126.997304212004
경기도교육청,수원교육지원청,서호초등학교병설유치원,공립(병설),이회경,이회경,19820301,19820301,경기도 수원시 권선구 서호동로14번길 47,031-547-3013,031-547-3099, ,0900시0900분~1730시1730분,0,0,0,1,0,20,0,0,0,20,0,0,0,0,12,0,37.2653969271154,126.990246812818
경기도교육청,수원교육지원청,선경유치원,사립(사인),한봉림,한봉림,20140331,20140701,경기도 수원시 팔달구 권광로317번길 15,0312151400,031-215-8451, ,0800시0800분~1830시1830분,2,2,2,0,0,128,36,44,48,0,0,40,35,38,0,0,37.27504997049,127.035603999387
경기도교육청,수원교육지원청,선덕유치원,사립(사인),강희정,강희정,20060101,20060101,경기도 수원시 영통구 매영로 84,031-215-8016,031-215-8078,https://blog.naver.com/sd2158016,0930시0930분~1830시1830분,2,2,1,1,0,164,36,44,26,22,0,32,46,26,23,0,37.2681983485,127.0500425602
경기도교육청,수원교육지원청,선행초등학교병설유치원,공립(병설),정혜순,정혜순,20111001,20111001,경기도 수원시 권선구 세권로196번길 21,031-898-8608,031-898-8609,https://seonhaeng-e.goesw.kr/index.do,0900시0900분~1730시1730분,0,0,1,0,0,24,0,0,24,0,0,0,0,9,0,0,37.25438522,127.0259802655
경기도교육청,수원교육지원청,성민유치원,사립(사인),박은식,신지은,20041109,20041109,경기도 수원시 장안구 하률로 23,031-255-1805,031-255-1809,http://www.sungmin-i.com,0900시0900분~1700시1700분,5,4,3,0,0,314,80,88,78,0,0,75,80,73,0,0,37.3030561874648,126.975821640213
경기도교육청,수원교육지원청,세곡초등학교병설유치원,공립(병설),최진원,최진원,19970301,19970301,경기도 수원시 권선구 세권로207번길 32,031-238-9670,031-239-6431,https://segok-e.goesw.kr,0830시0830분~1800시1800분,0,0,0,1,0,56,0,0,0,20,0,0,0,0,9,0,37.2561179166,127.028517178548
경기도교육청,수원교육지원청,세류유치원,공립(단설),홍은숙,홍은숙,20140301,20140301,경기도 수원시 권선구 세류로 78,031-239-6944,031-267-4076,https://seryu-k.goesw.kr/,0800시0800분~1900시1900분,2,2,2,0,1,116,27,38,47,0,4,19,12,33,0,6,37.2665736217706,127.010847935547
경기도교육청,수원교육지원청,세림유치원,사립(법인),이세형,박현옥,19870612,19870612,경기도 수원시 권선구 권선로694번길 25,031-237-7688,031-898-7593,https://serim.kidsnote.ac/home/main,0800시0800분~1900시1900분,3,2,2,0,0,180,54,44,52,0,0,30,40,33,0,0,37.25644159561025,127.0289899253787
경기도교육청,수원교육지원청,세화유치원,사립(법인),윤옥자 김지현,주은희,20131213,20140301,경기도 수원시 장안구 장안로398번길 1-1,031-242-1235,031-257-1238,https://cafe.naver.com/sewhakinder,0700시0700분~1900시1900분,2,3,3,0,0,176,36,60,50,0,0,34,50,45,0,0,37.3161338993,126.9837056898
경기도교육청,수원교육지원청,소화유치원,사립(법인),김양희,김양희,19630412,19630412,경기도 수원시 팔달구 고화로 22,031-244-9935,031-244-1033,https://blog.naver.com/sohwa9935,0800시0800분~1830시1830분,2,1,1,1,0,150,36,22,26,22,0,35,25,26,24,0,37.2719366797465,127.007964575763
경기도교육청,수원교육지원청,송림초등학교병설유치원,공립(병설),최재운,최재운,19990927,19990927,경기도 수원시 장안구 대평로51번길 65,031-269-5066, , ,0900시0900분~1900시1900분,0,0,1,0,0,24,0,0,24,0,0,0,0,9,0,0,37.2917027246646,126.991622025426
경기도교육청,수원교육지원청,송정초등학교병설유치원,공립(병설),양희영,양희영,19850901,19850901,경기도 수원시 장안구 송정로 41,031-258-5943,031-256-0081,http://sw-songjeong.es.kr,1300시1300분~1700시1700분,0,0,0,1,0,18,0,0,0,18,0,0,0,0,6,0,37.2970746276866,127.001708109533
경기도교육청,수원교육지원청,송죽초등학교병설유치원,공립(병설),이용경,이용경,19870301,19870306,경기도 수원시 장안구 송원로41번길 34,031-255-0389,031-241-4077,http://www.songjook.er.kr,0900시0900분~1700시1700분,0,0,0,1,0,18,0,0,0,18,0,0,0,0,6,0,37.3007053908,127.0057856923
경기도교육청,수원교육지원청,수도유치원,사립(사인),윤옥자,박숙경,19820524,19820524,경기도 수원시 장안구 장안로 280,031-255-1237,031-271-1238,http://sudokids.moapp.kr,0730시0730분~1930시1930분,4,2,1,0,0,176,64,44,26,0,0,50,44,9,0,0,37.3067135288,126.9910475541
경기도교육청,수원교육지원청,수성초등학교병설유치원,공립(병설),윤귀매,윤귀매,20020213,20020304,경기도 수원시 장안구 금당로 19,031-268-6314,031-268-6315,http://www.sooseong.es,kr,0900시0900분~1700시1700분,0,0,0,1,0,20,0,0,0,20,0,0,0,0,7,0,37.3057116616,127.0149269884
경기도교육청,수원교육지원청,수원가온초등학교병설유치원,공립(병설),김재영,김재영,20130301,20130305,경기도 수원시 권선구 금곡로73번길 36,031-297-3783,031-297-2783,http://suwongaon.es.kr,1300시1300분~1900시1900분,0,0,1,1,0,38,0,0,24,14,0,0,0,10,7,0,37.2754909761,126.9364212059
경기도교육청,수원교육지원청,수원금곡초등학교병설유치원,공립(병설),진미경,진미경,20040301,20040301,경기도 수원시 권선구 서수원로617번길 30,031-291-4079,031-291-4077,https://swkumgok-e.goesw.kr/,0900시0900분~1900시1900분,1,1,1,0,1,58,14,20,24,0,4,2,7,8,0,4,37.2797081182,126.9526517672
경기도교육청,수원교육지원청,수원금호초등학교병설유치원,공립(병설),이기형,이기형,20150301,20150301,경기도 수원시 권선구 칠보로 142,031-8009-0958,031-8009-0954,http://swgumho.es.kr,0900시0900분~1900시1900분,1,1,1,0,0,58,14,20,24,0,0,6,11,19,0,0,37.2648774381412,126.953604979297
경기도교육청,수원교육지원청,수원동신초등학교병설유치원,공립(병설),문태혁,문태혁,19990920,19990920,경기도 수원시 장안구 만석로68번길 46,031-269-5016,031-269-5015,http://www.suwondongsin.es.kr,0900시0900분~1900시1900분,0,0,0,1,0,18,0,0,0,18,0,0,0,0,6,0,37.2956727217,126.9891751714
경기도교육청,수원교육지원청,수원매화초등학교병설유치원,공립(병설),김생곤,김생곤,20050309,20050309,경기도 수원시 영통구 권광로304번길 47-17,031-216-4089,031-216-4085,https://swmaehwa-e.goesw.kr,0900시0900분~1900시1900분,1,1,1,0,1,62,14,20,24,0,4,6,8,10,0,5,37.2745758245368,127.040683506915
경기도교육청,수원교육지원청,수원신곡초등학교병설유치원,공립(병설),유경식,유경식,19810301,19810301,경기도 수원시 권선구 정조로544번길 13-7,031-225-0942,031-239-7684,http://swsg-e.goesw.kr,0900시0900분~1800시1800분,0,0,0,2,0,36,0,0,0,34,0,0,0,0,23,0,37.2573153218,127.013234362
경기도교육청,수원교육지원청,수원여자대학교부속유치원,사립(법인),이정미,이정미,20070301,20070301,경기도 수원시 권선구 온정로30번길 56,031-291-7940,031-291-7969, https://kid.swwu.ac.kr,0800시0800분~1900시1900분,2,2,2,0,0,210,36,44,52,0,0,36,44,52,0,0,37.2513080355,126.9658887983
경기도교육청,수원교육지원청,수원중촌초등학교병설유치원,공립(병설),홍석호,홍석호,20120301,20120301,경기도 수원시 권선구 금곡로140번길 30,070-4601-4770,031-292-6562,https://swjc-e.goesw.kr/,0900시0900분~1700시1700분,0,0,0,1,0,18,0,0,0,18,0,0,0,0,4,0,37.2725539061359,126.944549362724
경기도교육청,수원교육지원청,수원초등학교병설유치원,공립(병설),송상호,송상호,19810220,19810302,경기도 수원시 팔달구 팔달로110번길 26,031-247-3576,031-242-0138, ,0900시0900분~1900시1900분,1,1,1,0,0,58,14,20,24,0,0,6,11,19,0,0,37.2773760686983,127.004384441744
경기도교육청,수원교육지원청,수일초등학교병설유치원,공립(병설),김종수,김종수,20040302,20040302,경기도 수원시 장안구 수일로 85,031-242-5966, ,http://www.suil.ac.kr,0900시0900분~1900시1900분,0,0,0,1,0,20,0,0,0,18,0,0,0,0,6,0,37.3108614951,127.000887108
경기도교육청,수원교육지원청,숲소망유치원,사립(사인),오현미,최은선,19930302,19930302,경기도 수원시 영통구 매영로199번길 29,031-213-3888,031-211-4135,http://cafe.naver.com/swsmkids,0800시0800분~1900시1900분,1,1,1,0,0,100,18,22,26,0,0,16,22,22,0,0,37.2642771150742,127.0643047174048
경기도교육청,수원교육지원청,숲속반디유치원,사립(사인),정진희,정진희,20010301,20010301,경기도 수원시 영통구 봉영로1744번길 37,031-206-8121,031-206-8125,http://www.bandikids.kr,0800시0800분~1900시1900분,3,4,2,0,0,382,54,88,52,0,0,55,83,35,0,0,37.264910907693,127.084556304554
경기도교육청,수원교육지원청,신영초등학교병설유치원,공립(병설),조성래,조성래,19970114,19971229,경기도 수원시 영통구 영통로 266,031-203-2124,031-203-2125,www.sinyoung.es.kr,0900시0900분~1900시1900분,0,1,1,0,2,52,0,20,24,0,8,0,11,14,0,6,37.2501574097,127.0602530994
경기도교육청,수원교육지원청,아름유치원,사립(사인),김태영,김태영,20040309,20040309,경기도 수원시 영통구 영통로 251,031-206-8686,031-206-3444, ,0720시0720분~1900시1900분,4,2,2,0,0,210,72,44,52,0,0,66,52,43,0,0,37.249904485511,127.058172813146
경기도교육청,수원교육지원청,아이사랑유치원,사립(사인),정미란,정미란,19951204,19951204,경기도 수원시 권선구 경수대로302번길 22,031-222-5744,031-222-5740,https://blog.naver.com/aisarang7979,0800시0800분~1900시1900분,1,1,1,1,0,92,18,22,26,18,0,18,13,13,11,0,37.2526127229209,127.021411056021
경기도교육청,수원교육지원청,연무초등학교병설유치원,공립(병설),박경옥,박경옥,19661206,19661206,경기도 수원시 팔달구 창룡대로103번길 60,031-547-4373,031-547-4307,yunmu.es.kr,0900시0900분~1700시1700분,0,0,0,1,0,18,0,0,0,18,0,0,0,0,7,0,37.2873027827,127.0222878813
경기도교육청,수원교육지원청,연화유치원,사립(사인),주형이,김진희,19840814,19840814,경기도 수원시 장안구 수일로 335,031-243-0130,031-255-1016,http://www.yunwhakids.kr,0900시0900분~1800시1800분,3,3,4,0,0,432,54,66,96,0,0,35,55,72,0,0,37.3007518232122,127.023257834594
경기도교육청,수원교육지원청,영덕초등학교병설유치원,공립(병설),나순미,나순미,19980313,19980313,경기도 수원시 영통구 영통로 438,031-8025-4981,031-202-2035,https://youngduk-e.goesw.kr,0900시0900분~1900시1900분,0,0,1,0,0,24,0,0,24,0,0,0,0,12,0,0,37.2590501884,127.0739483917
경기도교육청,수원교육지원청,영동초등학교병설유치원,공립(병설),박명희,박명희,19971229,19980301,경기도 수원시 영통구 봉영로1517번길 40,031-695-3173,031-695-3010,young-dong.es.kr,0900시0900분~1700시1700분,0,0,1,1,1,42,0,0,24,14,4,0,0,15,12,1,37.2498968179,127.0660933865
경기도교육청,수원교육지원청,영통초등학교병설유치원,공립(병설),노영균,노영균,19980310,19980310,경기도 수원시 영통구 영통로 328,031-204-0869, ,http://www.youngtong.es.kr,0900시0900분~1900시1900분,0,0,1,1,1,44,0,0,24,14,4,0,0,13,12,1,37.2545140088708,127.064438229616
경기도교육청,수원교육지원청,영화초등학교병설유치원,공립(병설),김향란,김향란,19970301,19970301,경기도 수원시 장안구 경수대로 838,031-258-2228,031-258-2236,http://www.young-hwa.es.kr,0900시0900분~1900시1900분,0,0,0,1,0,20,0,0,0,20,0,0,0,0,6,0,37.2969048646,127.0161914933
경기도교육청,수원교육지원청,예그린유치원,사립(사인),윤미혜,윤미혜,20130304,20130304,경기도 수원시 팔달구 권광로276번길 8,031-213-6938, ,https://cafe.naver.com/yegreen96,0730시0730분~1900시1900분,1,0,0,1,0,92,18,0,0,22,0,5,0,0,5,0,37.2711084949682,127.036467587768
경기도교육청,수원교육지원청,예랑유치원,사립(사인),성백우,성혜경,19950301,19950301,경기도 수원시 권선구 권중로 110,031-238-6222,031-238-6223, ,0900시0900분~1930시1930분,3,3,2,0,0,200,50,52,52,0,0,47,50,51,0,0,37.2501786468844,127.027845947804
경기도교육청,수원교육지원청,예원유치원,사립(사인),홍순례,홍순례,20131107,20140301,경기도 수원시 권선구 오목천로57번길 52-1,031-291-7901,031-291-7902, ,0900시0900분~1900시1900분,2,2,1,0,0,154,36,44,26,0,0,27,30,19,0,0,37.2424883439825,126.967992562123
경기도교육청,수원교육지원청,예은숲유치원,사립(사인),이진숙,이진숙,19940302,19940302,경기도 수원시 영통구 동탄원천로 1035,031-216-7702,031-212-9535,http://www.yeaeunkid.co.kr,0740시0740분~1830시1830분,0,1,1,1,0,115,0,22,26,16,0,0,17,10,6,0,37.2650273168097,127.049825263203
경기도교육청,수원교육지원청,예인유치원,사립(사인),김석기,추이호,20031112,20040304,경기도 수원시 장안구 만석로20번길 38,031-252-2126,031-252-2138, ,0930시0930분~1900시1900분,3,2,2,0,0,190,54,44,52,0,0,44,46,30,0,0,37.2936384934301,126.984855134733
경기도교육청,수원교육지원청,오목초등학교병설유치원,공립(병설),곽희옥,곽희옥,20000317,20000317,경기도 수원시 권선구 오목천로 24,031-293-0029, , ,0900시0900분~1900시1900분,0,0,0,1,0,18,0,0,0,18,0,0,0,0,5,0,37.2390743244173,126.965294504097
경기도교육청,수원교육지원청,우리유치원,사립(사인),한태숙,한성숙,19950929,19950929,경기도 수원시 영통구 권선로803번길 32-7,031-236-6062,031-221-1335,https://woori.kidsnote.ac/,0800시0800분~1900시1900분,3,3,3,0,0,286,54,66,78,0,0,45,45,64,0,0,37.2569724789659,127.040216640054
경기도교육청,수원교육지원청,원일초등학교병설유치원,공립(병설),이혜정,이혜정,19990115,20000310,경기도 수원시 영통구 중부대로448번길 84,031-216-8744, ,http://wonil.es.kr/smain.html,0900시0900분~1800시1800분,0,0,0,1,0,18,0,0,0,18,0,0,0,0,8,0,37.2677977507,127.0602570064
경기도교육청,수원교육지원청,율전초등학교병설유치원,공립(병설),최봉철,최봉철,20090221,20090305,경기도 수원시 장안구 율전로 113,031-296-9058,031-296-9056,http://www.yuljeon.es.kr,1330시1330분~1700시1700분,0,0,0,1,0,20,0,0,0,20,0,0,0,0,7,0,37.2999060568,126.9691962737
경기도교육청,수원교육지원청,율현초등학교병설유치원,공립(병설),홍우승,홍우승,20010521,20010521,경기도 수원시 팔달구 정자천로32번길 55,031-227-0923,031-227-0925,http://www.youlhyun.es.kr,0800시0800분~1900시1900분,0,1,1,0,0,44,0,20,24,0,0,0,7,10,0,0,37.2872282819749,126.982894917142
경기도교육청,수원교육지원청,은정유치원,사립(사인),안선자,안선자,20100226,20100226,경기도 수원시 권선구 경수대로302번길 29,031-239-9809,031-239-9808, ,0800시0800분~1830시1830분,1,2,1,1,0,110,16,48,26,16,0,10,21,20,13,0,37.2528126158395,127.02359243516
경기도교육청,수원교육지원청,이야기나무유치원,사립(사인),이경향,이경향,20121129,20130301,경기도 수원시 영통구 영통로 281,031-203-3211,031-8031-6171, ,0900시0900분~1830시1830분,3,2,2,1,0,170,54,44,50,22,0,54,44,42,22,0,37.2519311438301,127.060194866975
경기도교육청,수원교육지원청,이오에스유치원,사립(사인),김생규,김생규,20040901,20040901,경기도 수원시 영통구 청명북로 6,031-203-8205,031-205-8206,http://eoskids.com/,0750시0750분~1900시1900분,3,2,2,0,0,233,54,44,52,0,0,53,37,45,0,0,37.2519930339758,127.079209697715
경기도교육청,수원교육지원청,이의초등학교병설유치원,공립(병설),이옥경,이옥경,20111001,20111001,경기도 수원시 영통구 법조로150번길 47,031-8006-1875,031-8006-1809,https://eui-e.goesw.kr/,0900시0900분~1800시1800분,0,0,0,1,0,20,0,0,0,20,0,0,0,0,9,0,37.2930768618,127.0756893572
경기도교육청,수원교육지원청,이지유치원,사립(사인),박수진,박수진,20131118,20140301,경기도 수원시 권선구 곡반정로 72-5,0312232626,031-223-3626, ,0730시0730분~1900시1900분,4,3,2,0,0,192,72,66,54,0,0,72,66,54,0,0,37.2352324966141,127.02986630136
경기도교육청,수원교육지원청,인계초등학교병설유치원,공립(병설),신춘재,신춘재,19820308,19820308,경기도 수원시 팔달구 장다리로245번길 12,031-232-9317,031-239-7366,http://www.ingyue.es.kr,0900시0900분~1900시1900분,0,0,0,1,0,20,0,0,0,20,0,0,0,0,7,0,37.2726494672,127.0255781579
경기도교육청,수원교육지원청,일월초등학교병설유치원,공립(병설),장진화,장진화,20000301,20000301,경기도 수원시 권선구 일월천로16번길 27,031-298-4330,031-298-4304,http://ilwol.es.kr/smain.html,0900시0900분~1900시1900분,0,0,0,1,0,20,0,0,0,20,0,0,0,0,5,0,37.2842855812398,126.974782136347
경기도교육청,수원교육지원청,입북초등학교병설유치원,공립(병설),심영섭,심영섭,20040301,20040301,경기도 수원시 권선구 율전로 10,031-294-4925,031-294-4987,https://ipbuk-e.goesw.kr/,0830시0830분~1900시1900분,0,0,1,1,0,38,0,0,24,14,0,0,0,9,4,0,37.2948245612595,126.960145235014
경기도교육청,수원교육지원청,잠원초등학교병설유치원,공립(병설),우정태,우정태,20020306,20020306,경기도 수원시 영통구 태장로54번길 11,070-5151-5695,031-273-0902,https://jamwon-e.goesw.kr/index.do,0900시0900분~1700시1700분,0,0,1,0,0,24,0,0,24,0,0,0,0,14,0,0,37.2387302610713,127.052521217082
경기도교육청,수원교육지원청,정천초등학교병설유치원,공립(병설),한미선,한미선,20030305,20030305,경기도 수원시 장안구 화산로 83,031-294-4265,031-294-4264,https://jungchun-e.goesw.kr/jungchun-e/main.do,1300시1300분~1900시1900분,0,0,1,0,0,24,0,0,24,0,0,0,0,23,0,0,37.2912379489,126.9827546553
경기도교육청,수원교육지원청,조은유치원,사립(사인),조은옥,정수영,19990922,19990922,경기도 수원시 장안구 경수대로976번길 22,031-251-4070, ,https://joeunkid99.kidsnote.ac,0800시0800분~1900시1900분,3,2,2,0,0,235,48,44,48,0,0,47,44,48,0,0,37.3067835992461,127.010593902369
경기도교육청,수원교육지원청,중앙기독유치원,사립(법인),이재희,이재희,19940514,19940514,경기도 수원시 영통구 월드컵로 70,070-7018-1351,031-215-7500,http://suwoncca.kg.kr/,0800시0800분~1700시1700분,1,3,4,0,1,240,18,64,94,0,4,18,64,94,0,4,37.2759921913035,127.058042158487
경기도교육청,수원교육지원청,지동초등학교병설유치원,공립(병설),장준걸,장준걸,19810310,19810310,경기도 수원시 팔달구 중부대로 67,031-251-8385, , ,0900시0900분~1900시1900분,1,1,1,0,0,58,14,20,24,0,0,5,3,20,0,0,37.276831291741,127.024969533222
경기도교육청,수원교육지원청,진아유치원,사립(사인),박동진,최효정,19980226,19980226,경기도 수원시 영통구 덕영대로1555번길 59,031-203-5656, , ,0800시0800분~1900시1900분,3,2,2,1,0,280,54,44,52,22,0,54,40,52,22,0,37.2489052428799,127.061434520017
경기도교육청,수원교육지원청,창용초등학교병설유치원,공립(병설),이점미,이점미,19850301,19850301,경기도 수원시 장안구 광교산로140번길 8,031-257-9534,031-244-3145,http://www.changyong.es.kr/,0830시0830분~1700시1700분,0,0,0,1,0,18,0,0,0,18,0,0,0,0,15,0,37.2989506938,127.030888862
경기도교육청,수원교육지원청,창의나라유치원,사립(사인),이기우,이기우,20030731,20030901,경기도 수원시 장안구 정자천로134번길 38,031-207-3211-3,031-207-3214,http://www.crenara.co.kr,0800시0800분~1900시1900분,6,5,4,0,0,300,98,104,98,0,0,97,104,99,0,0,37.2917190867992,126.992073876487
경기도교육청,수원교육지원청,천천초등학교병설유치원,공립(병설),정은영,정은영,20020306,20020301,경기도 수원시 장안구 정자로42번길 17,031-269-4087,031-269-4088,www.cheon.es.kr,0900시0900분~1700시1700분,0,0,0,1,0,20,0,0,0,20,0,0,0,0,3,0,37.3005836834,126.982581323
경기도교육청,수원교육지원청,청명초등학교병설유치원,공립(병설),이종례,이종례,19980302,19980302,경기도 수원시 영통구 봉영로1744번길 41,031-204-3601, , ,1300시1300분~1900시1900분,0,0,0,1,0,20,0,0,0,20,0,0,0,0,10,0,37.2656305854,127.0851741211
경기도교육청,수원교육지원청,초록별유치원,사립(사인),이성복,이성복,19960530,19960530,경기도 수원시 권선구 권중로 136,031-224-0160,031-224-0177, ,0750시0750분~1900시1900분,2,2,2,0,0,157,32,44,52,0,0,29,44,52,0,0,37.2485291204054,127.031256534235
경기도교육청,수원교육지원청,칠보초등학교병설유치원,공립(병설),이예순,이예순,19850301,19850301,경기도 수원시 권선구 금호로37번길 15,031-290-2570,031-291-2003,https://suwonchilbo-e.goesw.kr/index.do,0830시0830분~1900시1900분,0,0,0,1,0,18,0,0,0,18,0,0,0,0,3,0,37.2698639804895,126.955375589693
경기도교육청,수원교육지원청,큰나래유치원,공립(단설),이미애,이미애,20140301,20140301,경기도 수원시 영통구 광교로42번길 22,031-690-7300,031-214-4634,https://knr-k.goesw.kr/ ,0800시0800분~1900시1900분,4,4,4,0,3,244,56,80,96,0,12,42,60,62,0,11,37.2858340154547,127.041102198331
경기도교육청,수원교육지원청,큰별유치원,사립(사인),최은순,최은순,20000306,20000306,경기도 수원시 장안구 금당로38번길 52,031-255-1572,031-255-0055,http://www.bigstarkids.co.kr,0800시0800분~1830시1830분,1,1,2,2,0,134,18,22,52,40,0,18,22,52,40,0,37.3014595172501,127.015734896892
경기도교육청,수원교육지원청,큰솔유치원,사립(사인),양희수,양희수,20121101,20130301,경기도 수원시 권선구 서둔로 191,031-295-5858,031-295-5857,https://cafe.naver.com/keunsolkindergarten,0800시0800분~1900시1900분,3,3,3,0,0,211,54,66,78,0,0,54,64,69,0,0,37.2684460570202,126.979820933787
경기도교육청,수원교육지원청,탑동초등학교병설유치원,공립(병설),김경섭,김경섭,19990901,19990901,경기도 수원시 권선구 탑동로 55,031-8061-8427,031-296-6237,www.topdong.es.kr,1300시1300분~1700시1700분,0,0,0,1,0,20,0,0,0,20,0,0,0,0,4,0,37.2737632294,126.9732055139
경기도교육청,수원교육지원청,태장초등학교병설유치원,공립(병설),안혜경,안혜경,19820306,19820306,경기도 수원시 영통구 태장로71번길 30,031-204-0120,031-204-2083, ,0900시0900분~1900시1900분,2,1,1,0,1,76,28,20,24,0,4,20,17,21,0,4,37.2408718048762,127.054625353738
경기도교육청,수원교육지원청,파라다이스유치원,사립(사인),박인원,이명주,20100311,20100311,경기도 수원시 권선구 삼천병마로1597번길 26,031-295-7411,031-295-5131, ,0730시0730분~1900시1900분,2,2,3,0,0,270,54,88,69,0,0,22,38,54,0,0,37.2449795626617,126.962749031773
경기도교육청,수원교육지원청,파란꿈아트팜숲유치원,사립(사인),김미정,김순옥,20120531,20120601,경기도 수원시 장안구 수일로233번길 72,031-243-3211,031-243-3212,https://www.parankkum.kg.kr,0800시0800분~1900시1900분,2,4,3,0,0,255,36,88,78,0,0,35,68,55,0,0,37.3070201063719,127.01903242528
경기도교육청,수원교육지원청,파장유치원,공립(단설),박미선,박미선,20090301,20090301,경기도 수원시 장안구 경수대로1081번길 32-9,031-269-1932,031-269-1941,http://pajang-k.goesw.kr,0800시0800분~1900시1900분,1,2,1,0,2,86,14,40,24,0,8,12,26,24,0,6,37.3089629444184,126.992356475168
경기도교육청,수원교육지원청,팔달초등학교병설유치원,공립(병설),이근연,이근연,20090829,20090829,경기도 수원시 팔달구 권광로367번길 22,031-217-3982, ,http://www.paldal.or.kr/wah/main/index.htm,1330시1330분~1900시1900분,0,0,0,1,0,18,0,0,0,18,0,0,0,0,4,0,37.2794817688,127.0357446232
경기도교육청,수원교육지원청,푸른하늘유치원,사립(사인),최배석,최선희,20040301,20040301,경기도 수원시 권선구 노림로6번길 15-10,031-292-3353, , ,0900시0900분~1900시1900분,6,4,4,0,0,309,108,88,94,0,0,106,88,93,0,0,37.2668830815435,126.955571873903
경기도교육청,수원교육지원청,하나린유치원,사립(사인),하용웅,심혜숙,20121113,20130301,경기도 수원시 권선구 수인로192번길 66,0312913004, , ,0800시0800분~1830시1830분,3,3,1,0,0,260,54,66,26,0,0,43,49,15,0,0,37.2799630192676,126.980205644826
경기도교육청,수원교육지원청,하늘유치원,사립(사인),변미옥 변석,조명옥,20151111,20160303,경기도 수원시 권선구 금곡로102번길 56,031-291-3500,031-293-6500,http://www.하늘유치원.com,0800시0800분~1900시1900분,4,4,3,0,0,392,64,88,87,0,0,57,65,60,0,0,37.2717246805496,126.94149532281
경기도교육청,수원교육지원청,학촌유치원,사립(사인),장민자,장민자,19940214,19940214,경기도 수원시 권선구 권중로11번길 11,031-237-4834,031-225-7576,https://hakchon.kidsnote.ac,0800시0800분~1900시1900분,3,4,3,0,0,260,54,88,80,0,0,53,88,75,0,0,37.2563741968634,127.033595802149
경기도교육청,수원교육지원청,한누리유치원,공립(단설),전영로,전영로,20150511,20150901,경기도 수원시 영통구 창룡대로256번길 14,031-214-5905,031-214-5908,http://hannuri-k.goesw.kr,0800시0800분~1900시1900분,5,4,3,0,4,222,66,73,67,0,16,66,59,55,0,15,37.29472577165528,127.03747056094583
경기도교육청,수원교육지원청,한일초등학교병설유치원,공립(병설),박희철,박희철,19990115,19990911,경기도 수원시 장안구 수일로 150,031-258-6194,031-258-6198,https://hanil-e.goesw.kr,1300시1300분~1900시1900분,0,0,0,1,0,58,0,0,0,20,0,0,0,0,2,0,37.3070972415619,127.005812244566
경기도교육청,수원교육지원청,해담유치원,사립(사인),여운성,최혜영,20131101,20140305,경기도 수원시 권선구 당진로 11,031-419-5656,031-419-5654, ,0730시0730분~1830시1830분,3,2,2,0,0,176,54,44,50,0,0,42,44,45,0,0,37.2900916776088,126.940223617576
경기도교육청,수원교육지원청,해들유치원,사립(사인),허만,허만,20141119,20150302,경기도 수원시 영통구 월드컵로82번길 24,031-548-2240,070-4032-7200,http://www.haedle.kg.kr,0800시0800분~1800시1800분,5,4,3,0,0,346,97,92,80,0,0,97,92,80,0,0,37.2752979031259,127.056057496477
경기도교육청,수원교육지원청,해밀유치원,사립(사인),박노정,안응자,19940228,19940228,경기도 수원시 영통구 동탄원천로1109번길 42,031-214-8375,031-214-8376, ,0800시0800분~1900시1900분,1,0,0,1,0,150,15,0,0,15,0,8,0,0,7,0,37.2713682831182,127.056660767151
경기도교육청,수원교육지원청,햇님유치원,사립(사인),이영숙,이영숙,19880826,19880826,경기도 수원시 권선구 세지로27번길 24-18,031-232-9434,031-236-4741, ,0900시0900분~1800시1800분,0,1,0,0,0,80,0,22,0,0,0,0,8,0,0,0,37.2558554783602,127.014873247814
경기도교육청,수원교육지원청,행복나무유치원,사립(사인),백선현,백승주,20150917,20160301,경기도 수원시 팔달구 화양로24번길 3,031-253-7071,031-253-8081, ,0800시0800분~1930시1930분,2,1,1,0,0,90,16,15,15,0,0,14,7,13,0,0,37.2806308850804,126.997729403128
경기도교육청,수원교육지원청,화서초등학교병설유치원,공립(병설),오은희,오은희,19870306,19870306,경기도 수원시 팔달구 팔달로127번길 54-11,031-256-4881,031-241-3857,swhwaseo.es.kr,1300시1300분~1900시1900분,1,1,1,0,0,58,14,20,24,0,0,4,6,10,0,0,37.2814058953,127.0000276323
경기도교육청,수원교육지원청,화홍초등학교병설유치원,공립(병설),장미자,장미자,19810310,19810310,경기도 수원시 팔달구 수성로258번길 70,031-241-6449, , ,0900시0900분~1900시1900분,0,0,0,1,0,24,0,0,0,20,0,0,0,0,6,0,37.2870242174861,127.002893792679
경기도교육청,수원교육지원청,황곡초등학교병설유치원,공립(병설),박은숙,박은숙,19971229,19971229,경기도 수원시 영통구 영통로 518,031-204-2036,031-203-2035,hgok.es.kr,0900시0900분~1900시1900분,1,1,1,0,0,64,14,20,24,0,0,8,11,13,0,0,37.2655422873,127.0782962339
경기도교육청,수원교육지원청,효동초등학교병설유치원,공립(병설),허미숙,허미숙,20020301,20020301,경기도 수원시 영통구 매탄로126번길 27,031-217-6318,031-217-6308,https://hyodong-e.goesw.kr/,0900시0900분~1900시1900분,0,0,0,1,0,18,0,0,0,18,0,0,0,0,7,0,37.2625121605,127.0457443727
경기도교육청,수원교육지원청,효정초등학교병설유치원,공립(병설),이상수,이상수,20130301,20130301,경기도 수원시 권선구 동수원로285번길 5,031-233-4688,031-233-4683,www.hyojeong.es.kr,0900시0900분~1900시1900분,0,0,0,1,0,20,0,0,0,20,0,0,0,0,2,0,37.2544038795,127.0352345925
경기도교육청,수원교육지원청,효천초등학교병설유치원,공립(병설),채규조,채규조,20010901,20011005,경기도 수원시 장안구 천천로21번길 11,031-269-0978,031-269-0976,홈페이지https://hyochun-e.goesw.kr,0900시0900분~1800시1800분,0,0,0,1,0,20,0,0,0,20,0,0,0,0,8,0,37.2934653707,126.9869173774
경기도교육청,수원교육지원청,효탑초등학교병설유치원,공립(병설),박노은,박노은,20050301,20050301,경기도 수원시 권선구 효탑로16번길 17,031-294-8164,031-294-8164,https://hyotap-e.goesw.kr/hyotap-e/main.do,0900시0900분~1730시1730분,0,0,0,1,0,18,0,0,0,18,0,0,0,0,9,0,37.2664927499,126.9765510215
경기도교육청,수원교육지원청,희망뜰유치원,사립(사인),한창호,양세자,19890901,19890901,경기도 수원시 권선구 세지로66번길 7-16,031-232-4597, ,https://blog.naver.com/heemang-2015,0810시0810분~1830시1830분,2,1,2,0,0,164,36,44,52,0,0,15,16,38,0,0,37.2582983678667,127.018211174484
경기도교육청,시흥교육지원청,HJ프라임유치원,사립(사인),강광석,이미진,20080205,20080205,경기도 시흥시 대골안길 26-1,031-314-3344,031-311-3342,https://cafe.naver.com/igrow3344,0730시0730분~2000시2000분,1,1,1,0,0,90,18,22,26,0,0,13,14,26,0,0,37.447142999696,126.789028713185
경기도교육청,시흥교육지원청,검바위초등학교병설유치원,공립(병설),윤현,윤현,20040301,20040301,경기도 시흥시 수인로3247번길 59,031-503-1521,031-404-1106,https://kumbawi-e.goesh.k,0900시0900분~1900시1900분,0,0,0,1,1,18,0,0,0,14,4,0,0,0,8,2,37.43265886,126.7984951053
경기도교육청,시흥교육지원청,계수초등학교병설유치원,공립(병설),양동준,양동준,19840910,19840910,경기도 시흥시 계수로 203,031-8044-4570,031-311-6202, ,0900시0900분~1700시1700분,0,0,0,1,0,18,0,0,0,3,0,0,0,0,3,0,37.4534274033093,126.819992222991
경기도교육청,시흥교육지원청,군자유치원,사립(사인),최세희,이혜경,19970307,19970307,경기도 시흥시 군자로533번길 21,031-495-7336,031-495-7337,https://blog.naver.com/kunja-kids,0800시0800분~1830시1830분,1,1,1,0,0,174,18,22,26,0,0,4,11,20,0,0,37.3446229471,126.7865185049
경기도교육청,시흥교육지원청,궁전유치원,사립(사인),이경숙,이경숙,19980306,19980306,경기도 시흥시 정왕천로411번길 51,031-499-7330,031-499-7303, ,0730시0730분~1900시1900분,2,2,2,0,0,279,36,48,52,0,0,14,29,27,0,0,37.3470400490922,126.747189303365
경기도교육청,시흥교육지원청,꿈나래유치원,사립(사인),신경숙,신경숙,20050316,20050316,경기도 시흥시 장곡로70번길 7-3,031-435-3344,031-435-3346,http://www.dreamnare.com/,0900시0900분~1800시1800분,2,2,3,0,0,176,37,44,78,0,0,37,44,78,0,0,37.3801574645325,126.780689682335
경기도교육청,시흥교육지원청,냉정초등학교병설유치원,공립(병설),차옥화,차옥화,20110305,20110305,경기도 시흥시 역전로 369,031-8042-0702,031-432-7909,http://naengjung.es.kr/,0900시0900분~1900시1900분,0,0,0,1,0,18,0,0,0,18,0,0,0,0,5,0,37.357378867,126.7351252305
경기도교육청,시흥교육지원청,다원유치원,사립(사인),안종민,안지혜,20030108,20030301,경기도 시흥시 정왕천로375번길 19,031-434-2336,031-434-2338, ,0730시0730분~1900시1900분,3,5,5,0,0,391,50,90,110,0,0,46,75,94,0,0,37.3426358805193,126.747602327708
경기도교육청,시흥교육지원청,등밭유치원,사립(사인),송명숙,송명숙,19990123,19990123,경기도 시흥시 은행로 280,031-318-7337,031-318-7336, ,0800시0800분~1900시1900분,3,3,2,0,0,185,54,66,52,0,0,57,66,48,0,0,37.4425907442656,126.797401931849
경기도교육청,시흥교육지원청,매화유치원,사립(법인),기독교대한감리회유지재단,이숙영,19830420,19830420,경기도 시흥시 매화1로 5,031-313-8039,031-313-4039,https://www.m-kids.net/,0730시0730분~1930시1930분,2,1,1,0,0,120,28,16,24,0,0,17,13,21,0,0,37.4152601231129,126.81404724008
경기도교육청,시흥교육지원청,모아유치원,사립(사인),임민순,임민순,20100108,20100301,경기도 시흥시 승지로 104,031-317-9001,031-624-5997,https://cafe.naver.com/moaucw,0800시0800분~1800시1800분,2,3,4,0,0,290,36,66,104,0,0,36,66,104,0,0,37.372771085032,126.811641183949
경기도교육청,시흥교육지원청,목감초등학교병설유치원,공립(병설),주민성,주민성,19990301,19990301,경기도 시흥시 목감초등길 49,070-7097-1557,031-403-7088,https://mokgam-e.goesh.kr/,0900시0900분~1900시1900분,0,0,0,1,0,20,0,0,0,20,0,0,0,0,7,0,37.38700145,126.8585340323
경기도교육청,시흥교육지원청,배곧누리유치원,공립(단설),천순옥,천순옥,20170901,20170901,경기도 시흥시 배곧5로 65-9,031-319-4368,031-319-4335,https://baegotnuri-k.goesh.kr/,0800시0800분~1900시1900분,2,2,2,0,0,116,28,40,48,0,0,23,36,28,0,0,37.3832878862,126.7336855483
경기도교육청,시흥교육지원청,배곧누리초등학교병설유치원,공립(병설),이세경,이세경,20160413,20190301,경기도 시흥시 해송십리로 472-30,031-8063-2990,031-506-8699,https://baegotnuri-e.goesh.kr/,0800시0800분~1900시1900분,1,1,1,0,2,66,14,20,24,0,8,0,10,8,0,7,37.382765301,126.7320930648
경기도교육청,시흥교육지원청,배곧라온초등학교병설유치원,공립(병설),이찬희,이찬희,20180301,20180301,경기도 시흥시 배곧4로 94-39,031-8032-6573, ,http://www.baegotraon.es.kr/,0800시0800분~1900시1900분,1,1,1,0,0,58,14,20,24,0,0,13,13,10,0,0,37.3725906865,126.7351729765
경기도교육청,시흥교육지원청,배곧새봄유치원,공립(단설),이원숙,이원숙,20200301,20200301,경기도 시흥시 배곧4로 94-15,031-364-2602,031-364-2669,https://baegotsaebom-k.goesh.kr,0750시0750분~1900시1900분,5,4,4,0,1,246,70,80,96,0,4,67,69,88,0,2,37.3731724471,126.7333550699
경기도교육청,시흥교육지원청,배곧유치원,공립(단설),강성영,강성영,20160509,20160509,경기도 시흥시 배곧4로 44-8,031-499-3923,031-319-4209,https://baegot-k.goesh.kr,0800시0800분~1900시1900분,3,3,3,0,2,174,41,57,70,0,6,40,44,70,0,6,37.3759486254,126.7292668254
경기도교육청,시흥교육지원청,배곧초록유치원,공립(단설),남선미,남선미,20200301,20200301,경기도 시흥시 배곧1로 28-11,031-364-6100,031-364-6196,http://bggreen.kg.kr/,0800시0800분~1900시1900분,5,4,4,0,3,246,70,80,96,0,12,66,77,88,0,11,37.3604832908016,126.711824618511
경기도교육청,시흥교육지원청,배곧한울초등학교병설유치원,공립(병설),민윤,민윤,20170904,20170904,경기도 시흥시 배곧1로 28-25,031-412-4395,031-434-1120,http://bg-hanul.es.kr/,0900시0900분~1900시1900분,0,0,0,1,0,18,0,0,0,18,0,0,0,0,8,0,37.3604913199291,126.712940402358
경기도교육청,시흥교육지원청,배곧해솔초등학교병설유치원,공립(병설),조영원,조영원,20180301,20180301,경기도 시흥시 서울대학로 150-17,031-8063-7890,031-8063-7879,http://bg-haesol.es.kr,0800시0800분~1900시1900분,1,1,1,0,0,56,14,20,24,0,0,8,8,11,0,0,37.3605495653,126.7180891864
경기도교육청,시흥교육지원청,보람유치원,사립(사인),신서호,최효숙,19970324,19970324,경기도 시흥시 정왕천로408번길 19,031-432-7979,031-431-2207,http://www.boramkid.or.kr,0740시0740분~1840시1840분,3,4,3,0,0,377,54,88,78,0,0,38,73,73,0,0,37.3433947377021,126.753705980324
경기도교육청,시흥교육지원청,빛가람유치원,공립(단설),우자영,우자영,20210801,20210908,경기도 시흥시 장현장곡로 37,031-363-1700, ,http://bgr.kg.kr/,0800시0800분~1900시1900분,3,4,4,0,2,218,41,76,92,0,9,41,75,91,0,9,37.3804968804034,126.792673896735
경기도교육청,시흥교육지원청,산현유치원,공립(단설),김애경,김애경,20210301,20210301,경기도 시흥시 목감둘레로 59-4,031-405-3115,031-405-3118,https://sanhyun-k.goesh.kr,0800시0800분~1900시1900분,6,5,4,0,1,356,84,100,96,0,4,74,84,73,0,4,37.3728784291,126.8486978708
경기도교육청,시흥교육지원청,산현초등학교병설유치원,공립(병설),이순철,이순철,20180301,20180301,경기도 시흥시 목감남서로 68,031-8040-6570,031-8040-6599,http://san-hyeon.es.kr,1300시1300분~1900시1900분,0,1,1,0,0,29,0,14,15,0,0,0,14,15,0,0,37.3749118269,126.8448462182
경기도교육청,시흥교육지원청,생금초등학교병설유치원,공립(병설),장종복,장종복,20140301,20140301,경기도 시흥시 죽율로 45-42 (죽율동),070-7016-3070,031-498-1751,http://www.saenggeum.es.kr,0900시0900분~1900시1900분,0,0,1,1,0,38,0,0,24,14,0,0,0,9,2,0,37.35041360652861,126.75758340673893
경기도교육청,시흥교육지원청,서촌초등학교병설유치원,공립(병설),이정설,이정설,19990301,19990302,경기도 시흥시 정왕대로118번길 27,070-7014-4085,031-433-0035,https://sechon-e.goesh.kr/sechon-e/main.do,0840시0840분~1700시1700분,0,0,1,1,0,38,0,0,24,14,0,0,0,10,11,0,37.3492910054,126.7273751404
경기도교육청,시흥교육지원청,서해초등학교병설유치원,공립(병설),이재화,이재화,20090310,20090310,경기도 시흥시 정왕대로53번길 14,031-504-8810, ,http://sohae.es.kr,0900시0900분~1900시1900분,0,0,0,1,0,58,0,0,0,18,0,0,0,0,8,0,37.3561249679,126.7247264351
경기도교육청,시흥교육지원청,세종유치원,사립(사인),김정자,서하아,19991206,19991206,경기도 시흥시 인선길 56,031-504-0101,031-504-0105,http://sejong504.kidsnote.ac,0800시0800분~1900시1900분,2,2,1,0,0,114,36,44,26,0,0,36,44,19,0,0,37.3775640960328,126.782447530781
경기도교육청,시흥교육지원청,소래초등학교병설유치원,공립(병설),김현주,김현주,19810302,19810302,경기도 시흥시 호현로27번길 14,070-7097-1679,031-312-5272,https://sorae-e.goesh.kr/,0900시0900분~1900시1900분,0,0,0,1,1,18,0,0,0,14,4,0,0,0,6,2,37.4439597173,126.7844499771
경기도교육청,시흥교육지원청,소망유치원,사립(사인),윤석철,윤영순,19910618,19910618,경기도 시흥시 대골안길 26-10,031-311-3210,031-311-3393, ,0730시0730분~1930시1930분,2,2,1,0,0,160,36,44,26,0,0,31,44,26,0,0,37.4475455259336,126.788665958747
경기도교육청,시흥교육지원청,송운초등학교병설유치원,공립(병설),이은호,이은호,20090301,20090301,경기도 시흥시 옥구천동로 433-25,031-500-0670,031-433-3304,http://www.songwoon.es.kr/,1300시1300분~1730시1730분,0,0,1,0,1,24,0,0,20,0,4,0,0,12,0,1,37.3601555395,126.7303332133
경기도교육청,시흥교육지원청,승지초등학교병설유치원,공립(병설),이권수,이권수,20090301,20090301,경기도 시흥시 승지로 110,031-8099-5980,031-317-9846,https://seungji-e.goesh.kr/,0900시0900분~1900시1900분,0,1,1,0,1,44,0,20,24,0,4,0,5,13,0,4,37.3723853813,126.8127402341
경기도교육청,시흥교육지원청,시화나래유치원,공립(단설),유수정,유수정,20230213,20230301,경기도 시흥시 거북섬남로 80,031-364-3640,031-8042-7061,https://sihwanarae-k.goesh.kr/sihwanarae-k/main.do,0800시0800분~1900시1900분,4,4,4,0,0,232,56,80,96,0,0,41,79,83,0,0,37.3201906845,126.6894543961
경기도교육청,시흥교육지원청,시화리라유치원,사립(사인),오인영오하나,김선정,20020301,20020301,경기도 시흥시 정왕천로427번길 13,031-431-8000,031-497-2561,https://blog.naver.com/rira-t,0730시0730분~1930시1930분,1,1,2,0,0,345,16,44,52,0,0,12,18,26,0,0,37.3460376524166,126.752008889224
경기도교육청,시흥교육지원청,시화유치원,공립(단설),장영순,장영순,20070103,20070301,경기도 시흥시 큰솔로7번길 10,031-319-0973,031-319-0296,http://www.sihwa.kg.kr,1330시1330분~1900시1900분,1,2,2,0,1,107,14,40,48,0,5,8,22,39,0,5,37.3393447737,126.7516914431
경기도교육청,시흥교육지원청,시흥가온유치원,공립(단설),박덕숙,박덕숙,20210901,20210901,경기도 시흥시 장현서1길 4,031-363-5600,031-363-5619,http://www.gaon.kg.kr/,0800시0800분~1900시1900분,4,3,4,0,2,212,56,60,96,0,10,55,56,90,0,10,37.3720266437584,126.795320598125
경기도교육청,시흥교육지원청,시흥가온초등학교병설유치원,공립(병설),성경모,성경모,20200901,20200901,경기도 시흥시 장현능곡로 33,031-364-1781, ,https://gaon-e.goesh.kr/gaon-e/main.do,0900시0900분~1900시1900분,1,1,1,0,0,58,14,20,24,0,0,11,17,16,0,0,37.3736986212,126.7943033464
경기도교육청,시흥교육지원청,시흥능곡초등학교병설유치원,공립(병설),이종호,이종호,20090301,20090301,경기도 시흥시 능곡중앙로 22,070-7096-6875,031-404-4097,http://www.neunggok.es.kr/board.list?mcode=1910&cate=1910,0830시0830분~1900시1900분,0,1,1,0,0,44,0,20,24,0,0,0,10,16,0,0,37.3652954011,126.8129284522
경기도교육청,시흥교육지원청,시흥도원초등학교병설유치원,공립(병설),최기영,최기영,20060301,20060301,경기도 시흥시 수인로3413번길 34,070-7097-1095,031-404-7414,https://shdowon-e.goesh.kr,0900시0900분~1900시1900분,0,0,0,1,0,18,0,0,0,18,0,0,0,0,6,0,37.4401139802,126.7779866657
경기도교육청,시흥교육지원청,시흥월곶초등학교병설유치원,공립(병설),김춘수,김춘수,20070301,20070301,경기도 시흥시 월곶해안로 69,031-364-7971, ,https://walgot-e.goesh.kr/walgot-e/na/ntt/selectNttList.do?mi=6705&bbsId=4220,0900시0900분~1700시1700분,0,0,0,1,0,20,0,0,0,20,0,0,0,0,6,0,37.3917667018,126.737339007
경기도교육청,시흥교육지원청,시흥유치원,사립(사인),송준수,임경희,19961206,19961206,경기도 시흥시 은행로12번길 24,031-311-0670,031-311-0610, ,0800시0800분~1830시1830분,3,3,3,0,0,261,54,66,78,0,0,54,66,77,0,0,37.4329838286708,126.795847130842
경기도교육청,시흥교육지원청,시흥장현초등학교병설유치원,공립(병설),강신지,강신지,20060301,20060308,경기도 시흥시 시청로80번길 5,031-8042-3580,031-404-6371,http://www.jang-hyun.es.kr,0900시0900분~1900시1900분,0,0,0,1,0,20,0,0,0,20,0,0,0,0,9,0,37.382113528565,126.799018429099
경기도교육청,시흥교육지원청,아름유치원,사립(사인),현인숙,이지원,19970324,19970324,경기도 시흥시 포도원로 96,031-312-7772,031-311-7729,http://www.areumkid.net,0800시0800분~1900시1900분,2,3,2,0,0,144,32,64,48,0,0,32,64,48,0,0,37.434257453758,126.78444141608
경기도교육청,시흥교육지원청,예일유치원,사립(사인),김순희,김순희,20010112,20010112,경기도 시흥시 매화로 66,031-315-1800,031-315-1807, ,0800시0800분~1900시1900분,3,2,2,0,0,184,54,44,52,0,0,54,44,52,0,0,37.4136930147863,126.814420315607
경기도교육청,시흥교육지원청,옥터초등학교병설유치원,공립(병설),이효순,이효순,19830301,19830301,경기도 시흥시 옥터로 33,070-7015-4415, , ,0900시0900분~1900시1900분,0,0,0,1,0,20,0,0,0,18,0,0,0,0,16,0,37.3450817554,126.6924421079
경기도교육청,시흥교육지원청,운흥초등학교병설유치원,공립(병설),김중식,김중식,20161101,20161107,경기도 시흥시 목감둘레로 109,031-362-5341, ,http://www.wh.es.kr,0840시0840분~1900시1900분,1,1,1,0,1,58,14,20,24,0,4,8,15,14,0,3,37.3727485576,126.8526677456
경기도교육청,시흥교육지원청,웃터골초등학교병설유치원,공립(병설),김민림,김민림,20100301,20100301,경기도 시흥시 은행고길 18,070-5092-4094,070-435-7600,http://www.usturgol.es.kr,0900시0900분~1900시1900분,1,1,1,0,0,58,14,20,24,0,0,10,13,16,0,0,37.4396014174964,126.799152297734
경기도교육청,시흥교육지원청,월포초등학교병설유치원,공립(병설),김기종,김기종,20110301,20110309,경기도 시흥시 월곶중앙로 18,070-7097-2730,031-362-4901,https://weolpo-e.goesh.kr/weolpo-e/main.do,0900시0900분~1800시1800분,0,0,0,1,0,18,0,0,0,18,0,0,0,0,5,0,37.3874754322,126.742827293
경기도교육청,시흥교육지원청,은계유치원,공립(단설),남혜영,남혜영,20210901,20210901,경기도 시흥시 은계중앙로 165,031-362-8700,031-362-8797,eungye-k.goesh.kr,0800시0800분~1900시1900분,5,4,4,0,2,246,70,77,94,0,5,70,77,91,0,5,37.4407015402,126.8077431548
경기도교육청,시흥교육지원청,은빛초등학교병설유치원,공립(병설),양영일,양영일,20190301,20190306,경기도 시흥시 은계로142번길 6,031-8085-7090,031-8085-7099,https://sheunbit-e.goesh.kr/sheunbit-e/na/ntt/selectNttList.do?mi=1253&bbsId=1086,0900시0900분~1900시1900분,0,0,1,1,1,44,0,0,23,17,4,0,0,8,4,4,37.4342869907,126.8051823627
경기도교육청,시흥교육지원청,은행유치원,사립(사인),이문영,이문영,19960124,19960301,경기도 시흥시 검바위1로 9,031-311-4430,031-311-6421,https://eunh4430.kidsnote.ac/home/main,0800시0800분~1900시1900분,3,3,3,0,0,166,48,60,58,0,0,46,60,51,0,0,37.430418969316,126.793835392967
경기도교육청,시흥교육지원청,장곡초등학교병설유치원,공립(병설),김혜경,김혜경,19860301,19860301,경기도 시흥시 장곡로70번길 12,070-7096-6380,031-317-2924,https://jang-gok-e.goesh.kr/jang-gok-e/main.do,0900시0900분~1900시1900분,0,0,0,1,0,18,0,0,0,18,0,0,0,0,3,0,37.3807745848,126.7821211169
경기도교육청,시흥교육지원청,조남유치원,공립(단설),김미숙,김미숙,20160901,20160919,경기도 시흥시 목감둘레로 199,031-487-2526,031-487-2529,https://jonam-k.goesh.kr,0800시0800분~1900시1900분,4,3,3,0,3,200,56,60,72,0,12,49,50,58,0,0,37.376590358,126.8584318825
경기도교육청,시흥교육지원청,조남초등학교병설유치원,공립(병설),박미경,박미경,20170301,20170301,경기도 시흥시 목감둘레로 229-9,031-490-8280, ,https://www.jonam.es.kr,0800시0800분~1900시1900분,1,0,0,1,1,38,14,0,0,20,4,9,0,0,9,4,37.3794068078,126.8598176177
경기도교육청,시흥교육지원청,진말초등학교병설유치원,공립(병설),신경균,신경균,20000301,20000301,경기도 시흥시 황고개로 567,070-7512-1471,031-317-2704,https://jinmal-e.goesh.kr/jinmal-e/main.do,0840시0840분~1900시1900분,0,0,0,1,0,20,0,0,0,20,0,0,0,0,9,0,37.3808400296,126.7883258079
경기도교육청,시흥교육지원청,진영유치원,사립(사인),이경영,이미희,20080118,20080303,경기도 시흥시 포도원로 39,031-435-2222,031-314-5584, ,0900시0900분~1830시1830분,1,1,1,0,0,127,18,22,26,0,0,9,13,22,0,0,37.4360645152254,126.778336419683
경기도교육청,시흥교육지원청,풍림월드유치원,사립(사인),이윤옥,장은미,20030301,20030304,경기도 시흥시 월곶해안로 87,031-318-8518,031-317-8530,http://world.kg.kr,0800시0800분~1900시1900분,2,2,3,0,0,170,36,48,78,0,0,27,44,60,0,0,37.3906517422,126.7356677622
경기도교육청,시흥교육지원청,하중초등학교병설유치원,공립(병설),이준호,이준호,20000301,20000301,경기도 시흥시 하중로209번길 10,031-365-7782,031-317-2804, ,0900시0900분~1730시1730분,0,0,0,1,0,20,0,0,0,20,0,0,0,0,2,0,37.3932111067,126.8074247098
경기도교육청,시흥교육지원청,하하유치원,사립(사인),김인자,이봉수,20151023,20160301,경기도 시흥시 연성로29번길 31,031-317-8080,031-317-1291, ,0800시0800분~1900시1900분,2,2,2,0,0,128,36,44,48,0,0,26,39,38,0,0,37.3934093275248,126.805413447894
경기도교육청,시흥교육지원청,한여울초등학교병설유치원,공립(병설),정호영,정호영,20210301,20210301,경기도 시흥시 능곡군자로 2,031-365-8080, ,http://www.hanyeoul.es.kr/,0900시0900분~1900시1900분,2,2,2,0,0,116,28,40,48,0,0,28,40,48,0,0,37.36562802429089,126.80546929094352
경기도교육청,시흥교육지원청,한울유치원,사립(사인),백명희,강미애,20100301,20100301,경기도 시흥시 오이도어시장로 33,031-433-0052,031-432-0037, ,0800시0800분~1900시1900분,3,4,3,0,0,234,54,88,92,0,0,37,65,61,0,0,37.3446115327867,126.691429026642
경기도교육청,시흥교육지원청,함현초등학교병설유치원,공립(병설),정광석,정광석,19980301,19980301,경기도 시흥시 역전로 455,031-503-7197, ,http://www.hamhyun.es.kr,0900시0900분~1900시1900분,1,0,0,1,0,34,14,0,0,20,0,7,0,0,9,0,37.3653010659,126.7377918326
경기도교육청,시흥교육지원청,해맑은유치원,사립(사인),김종칠,이은숙,20000818,20000818,경기도 시흥시 시청로 77,031-317-9414,031-318-9419, ,0800시0800분~1900시1900분,1,2,1,0,0,116,18,44,26,0,0,18,44,26,0,0,37.3808988270056,126.798923898703
경기도교육청,시흥교육지원청,해오름유치원,사립(사인),방순초,성희경,19950907,20081125,경기도 시흥시 신현로38번길 15,031-315-2133,031-315-2135, ,0900시0900분~1700시1700분,1,1,1,0,0,91,18,22,26,0,0,18,21,26,0,0,37.4068122359405,126.784193269827
경기도교육청,시흥교육지원청,해피아이유치원,사립(사인),강인석,유정희,20040902,20040902,경기도 시흥시 은행로 92,031-317-1004,031-317-1303, ,0800시0800분~1900시1900분,2,2,2,1,0,131,36,44,52,18,0,27,45,47,12,0,37.4397130575101,126.797460603077
경기도교육청,안산교육지원청,(재)천주교수원교구유지재단데레사유치원,사립(법인),이용훈,김옥희,20070125,20070302,경기도 안산시 상록구 장화2길 44,031-418-8311,031-418-8313,http://cafe.daum.net/teresakids,0730시0730분~1900시1900분,1,1,1,0,0,132,18,22,26,0,0,9,17,19,0,0,37.2832299534216,126.852318810658
경기도교육청,안산교육지원청,각골초등학교병설유치원,공립(병설),안은영,안은영,20020312,20020312,경기도 안산시 상록구 석호로 384,031-502-1768,031-502-1745,https://gakgol-e.goeas.kr/,0900시0900분~1900시1900분,0,0,0,1,0,18,0,0,0,18,0,0,0,0,6,0,37.2931031919,126.8728088147
경기도교육청,안산교육지원청,고잔초등학교병설유치원,공립(병설),김수현,김수현,19830301,19830301,경기도 안산시 단원구 적금로 182,031-503-5002,031-487-4365,https://www.goeas.kr/gojan-e/main.do,0900시0900분~1900시1900분,0,0,0,1,0,18,0,0,0,18,0,0,0,0,9,0,37.324640193,126.827259259
경기도교육청,안산교육지원청,공작유치원,사립(사인),권미선,권미선,19950301,19950301,경기도 안산시 단원구 선부로 166,031-411-2023,031-411-2024, ,0750시0750분~1830시1830분,2,2,2,0,0,156,32,44,52,0,0,28,28,43,0,0,37.3416214327741,126.813801806747
경기도교육청,안산교육지원청,관산초등학교병설유치원,공립(병설),윤성연,윤성연,19820310,19820310,경기도 안산시 단원구 원선1로 68,031-487-4052, ,https://gwansan-e.goeas.kr,0900시0900분~1900시1900분,1,1,1,0,1,58,14,20,24,0,5,11,8,13,0,5,37.3280645027,126.8058771766
경기도교육청,안산교육지원청,그레이스유치원,사립(사인),박정민,허예림,19980301,19980301,경기도 안산시 상록구 본오로 145,031-501-7300,031-501-8189, ,0800시0800분~1900시1900분,2,1,2,0,0,136,36,44,52,0,0,27,15,33,0,0,37.2979528176493,126.864227339005
경기도교육청,안산교육지원청,꿈동산유치원,사립(사인),박혜준,박혜준,20020301,20020301,경기도 안산시 단원구 안산천남로 245,031-413-0033,031-413-0550,http://www.kg0033.co.kr,0800시0800분~1830시1830분,3,1,1,0,0,132,54,44,52,0,0,37,19,16,0,0,37.3102492364763,126.839337423548
경기도교육청,안산교육지원청,나래유치원,사립(법인),정성환,김명연,20031205,20040301,경기도 안산시 단원구 화정천서로 161,031-485-7955,031-485-8356,http://www.naraikids.com,0900시0900분~1900시1900분,2,2,2,0,0,144,36,44,52,0,0,34,35,40,0,0,37.3117202296172,126.819758494809
경기도교육청,안산교육지원청,능길초등학교병설유치원,공립(병설),옥영두,옥영두,20000301,20000301,경기도 안산시 단원구 신길중앙로3길 8,031-495-5036,031-494-9771,http://www.neunggil.es.kr,0900시0900분~1900시1900분,0,0,0,1,0,18,0,0,0,18,0,0,0,0,3,0,37.3360637273,126.7643298627
경기도교육청,안산교육지원청,대남초등학교병설유치원,공립(병설),김기봉,김기봉,19820310,19820310,경기도 안산시 단원구 대남로 298,032-886-9827, ,https://daenam-e.goeas.kr/daenam-e/main.do,0900시0900분~1700시1700분,0,0,0,1,0,18,0,0,0,18,0,0,0,0,6,0,37.2194331169,126.5754032219
경기도교육청,안산교육지원청,대동초등학교병설유치원,공립(병설),오태웅,오태웅,19820301,19820301,경기도 안산시 단원구 솔따배기길 134-9,070-4870-3346, , ,0900시0900분~1900시1900분,0,0,0,1,0,18,0,0,0,18,0,0,0,0,3,0,37.2415040009,126.600655302
경기도교육청,안산교육지원청,대부초등학교병설유치원,공립(병설),최영재,최영재,19980130,19980130,경기도 안산시 단원구 대부중앙로 56,032-886-5835,032-884-6405,http://www.daebu.es.kr,0900시0900분~1900시1900분,0,0,0,1,0,18,0,0,0,18,0,0,0,0,3,0,37.2456112334,126.5805426942
경기도교육청,안산교육지원청,덕성초등학교병설유치원,공립(병설),허성애,허성애,19890301,19910308,경기도 안산시 단원구 예술대학로 119,031-487-6105,031-487-6112,https://deokseong-e.goeas.kr/deokseong-e/main.do,0900시0900분~1900시1900분,0,0,1,1,0,44,0,0,24,14,0,0,0,10,9,0,37.3270752083,126.8369100918
경기도교육청,안산교육지원청,매화초등학교병설유치원,공립(병설),이창현,이창현,20060301,20060301,경기도 안산시 상록구 안산대학로 35,031-400-1570,031-487-5937,https://maehwa-e.goeas.kr/maehwa-e/main.do,0900시0900분~1700시1700분,0,0,0,1,0,20,0,0,0,20,0,0,0,0,4,0,37.3061340959231,126.862613883401
경기도교육청,안산교육지원청,반월초등학교병설유치원,공립(병설),박완식,박완식,19850311,19850311,경기도 안산시 상록구 건건로 39,031-487-2339,031-487-2337,http://www.banwol.es.kr,0900시0900분~1900시1900분,1,1,1,0,1,58,14,20,24,0,4,13,9,11,0,1,37.3052050115,126.9006102011
경기도교육청,안산교육지원청,백합유치원,사립(사인),김연옥,김연옥,20131016,20140301,경기도 안산시 단원구 신촌3길 12,031-482-0095,031-402-8310, ,0900시0900분~1800시1800분,1,0,0,1,0,64,18,0,0,22,0,6,0,0,14,0,37.3140906204956,126.817057541406
경기도교육청,안산교육지원청,별망초등학교병설유치원,공립(병설),정성조,정성조,20010301,20010301,경기도 안산시 단원구 초지1로 51,031-413-0833, ,https://byeolmang-e.goeas.kr/byeolmang-e/main.do,1330시1330분~1700시1700분,2,1,1,0,2,80,28,20,24,0,8,15,18,18,0,5,37.3045922223,126.8133759721
경기도교육청,안산교육지원청,본오예원유치원,사립(사인),김정숙 김도연,이혜은,20160112,20160301,경기도 안산시 상록구 오목로7길 4-1,031-408-7922,031-408-7923,https://cafe.daum.net/happybonoyewon,0730시0730분~1930시1930분,2,1,2,0,0,154,36,22,52,0,0,17,13,27,0,0,37.289832461586,126.863594738446
경기도교육청,안산교육지원청,본오초등학교병설유치원,공립(병설),박성란,박성란,19820302,19820302,경기도 안산시 상록구 각골서로 49,031-487-5574,031-487-5576,https://bono-e.goeas.kr/bono-e/main.do,0900시0900분~1700시1700분,0,0,1,1,2,50,0,0,26,16,8,0,0,4,3,6,37.294606739,126.8679025592
경기도교육청,안산교육지원청,뿌리유치원,사립(사인),윤학숙,한혜숙,20050110,20050301,경기도 안산시 상록구 정재로4길 12,031-415-5400,031-415-5411, ,0800시0800분~1900시1900분,1,1,1,0,0,376,18,22,26,0,0,5,8,12,0,0,37.3340392724797,126.866020820176
경기도교육청,안산교육지원청,사랑유치원,사립(사인),홍경란,윤병진,19920303,19920303,경기도 안산시 단원구 선부광장북로 67,031-402-3757, , ,0800시0800분~1900시1900분,1,1,1,0,0,210,16,22,26,0,0,11,10,20,0,0,37.3412301373,126.8172119473
경기도교육청,안산교육지원청,새빛유치원,사립(사인),김남윤,김남윤,20020306,20020306,경기도 안산시 단원구 광덕서로 19,031-507-9100,031-439-9995, ,0830시0830분~1830시1830분,3,2,2,0,0,169,54,44,52,0,0,37,35,34,0,0,37.3055061057271,126.823056503738
경기도교육청,안산교육지원청,생각을키우는유치원,사립(사인),노은숙,노은숙,19971217,19980302,경기도 안산시 단원구 선삼로 72,031-414-4414,031-414-4413,https://saengak.kidsnote.ac,0900시0900분~1830시1830분,4,3,3,0,0,256,72,66,75,0,0,67,63,75,0,0,37.3469444142054,126.811229201662
경기도교육청,안산교육지원청,서원유치원,사립(사인),이정자,원소윤,20041224,20050301,경기도 안산시 상록구 조구나리1길 6-3,031-419-3441,031-419-3440,http://seowonedu.net,0800시0800분~1830시1830분,0,2,1,2,0,125,0,44,26,40,0,0,44,17,39,0,37.3132576423318,126.843476705773
경기도교육청,안산교육지원청,석호초등학교병설유치원,공립(병설),권미향,권미향,19850311,19850311,경기도 안산시 상록구 석호로 113,031-487-5636,031-487-5613,http://www.seokho.es.kr/,1300시1300분~1900시1900분,0,0,0,1,0,20,0,0,0,20,0,0,0,0,14,0,37.3010349942527,126.847563984138
경기도교육청,안산교육지원청,선일초등학교병설유치원,공립(병설),박진서,박진서,19960301,19960301,경기도 안산시 단원구 선이로3길 40,031-410-0690,031-487-4130,https://seonil-e.goeas.kr,0900시0900분~1900시1900분,0,0,1,1,0,38,0,0,24,14,0,0,0,13,13,0,37.3400474566,126.8006874307
경기도교육청,안산교육지원청,성민유치원,사립(법인),이해진,김한나,19931120,19931120,경기도 안산시 단원구 화정로안길 30,031-482-7927,031-485-7927,https://sungmin4827927.kidsnote.ac,0800시0800분~1830시1830분,0,0,1,1,0,64,0,0,26,38,0,0,0,8,12,0,37.3327189143,126.8202654457
경기도교육청,안산교육지원청,성안초등학교병설유치원,공립(병설),문이희,문이희,20000310,20000310,경기도 안산시 상록구 삼리로 119,031-437-3262,031-437-3276,http://www.seongan.es.kr,0840시0840분~1900시1900분,0,0,1,1,0,38,0,0,24,14,0,0,0,7,8,0,37.305298776721,126.853522480759
경기도교육청,안산교육지원청,세라숲유치원,사립(사인),이은미,황선미,20120301,20120301,경기도 안산시 단원구 화정천동로3길 13,031-401-0100,031-413-6336,https://cafe.naver.com/slsoop,0800시0800분~1900시1900분,4,4,3,0,0,297,72,88,78,0,0,65,83,74,0,0,37.3441778367541,126.820233754528
경기도교육청,안산교육지원청,세라유치원,사립(사인),이은미,전태라,20020118,20020118,경기도 안산시 상록구 안산천남1로 70,031-502-3330,031-502-3338, ,0900시0900분~1700시1700분,1,2,1,4,0,177,0,44,26,82,0,0,44,26,82,0,37.3098921318023,126.842870527834
경기도교육청,안산교육지원청,송호초등학교병설유치원,공립(병설),정영미,정영미,20010301,20010301,경기도 안산시 단원구 한양대학로 183,031-484-8164,031-487-8439,songho-asn.es.kr,0900시0900분~1900시1900분,0,1,1,0,0,44,0,20,24,0,0,0,10,20,0,0,37.31158466,126.8352384269
경기도교육청,안산교육지원청,슬기초등학교병설유치원,공립(병설),박성실,박성실,20020306,20020306,경기도 안산시 단원구 안산천남로 53,0313624581,031-405-8927,https://seulgi-e.goeas.kr/,0900시0900분~1900시1900분,0,1,1,0,1,48,0,20,24,0,4,0,12,16,0,2,37.3055427902673,126.82585112856
경기도교육청,안산교육지원청,시냇가푸른나무유치원,사립(사인),유각경,유각경,20050226,20150302,경기도 안산시 상록구 이화3길 22-13,031-501-6611,031-406-1322,https://spnkids.kidsnote.ac,0730시0730분~1930시1930분,2,1,1,1,0,202,32,66,104,50,0,16,12,26,13,0,37.3001086191677,126.857328417075
경기도교육청,안산교육지원청,신길초등학교병설유치원,공립(병설),이재호,이재호,20090301,20090301,경기도 안산시 단원구 새뿔길 100,031-496-8070,031-492-7987,https://singil-e.goeas.kr/singil-e/main.do,1300시1300분~1900시1900분,0,0,1,1,0,38,0,0,24,14,0,0,0,16,5,0,37.3357483370344,126.780318222175
경기도교육청,안산교육지원청,아이숲유치원,사립(법인),이경수,손지희(직무대리),19941223,19941223,경기도 안산시 상록구 감골1로 27,031-418-4824,031-418-4825, ,0900시0900분~1900시1900분,1,2,2,0,0,142,18,44,52,0,0,16,25,23,0,0,37.2878758207,126.8525081172
경기도교육청,안산교육지원청,안산나루유치원,공립(단설),손미경,손미경,20210301,20210301,경기도 안산시 단원구 신길로 91,031-8042-5330, ,https://ansannaru-k.goeas.kr/ansannaru-k/main.do,0800시0800분~1900시1900분,3,3,3,0,1,174,42,60,72,0,4,37,53,58,0,4,37.3381525978,126.7879333268
경기도교육청,안산교육지원청,안산달빛유치원,공립(단설),송정임,송정임,20210301,20210301,경기도 안산시 상록구 부루지성모길 14,031-8042-7600,031-8042-7601,https://www.goeas.kr/ansandalbit-k/main.do,0900시0900분~1900시1900분,3,2,3,0,2,162,42,40,72,0,8,41,38,58,0,7,37.3343429170345,126.852551069706
경기도교육청,안산교육지원청,안산대월초등학교병설유치원,공립(병설),손성진,손성진,20090901,20090901,경기도 안산시 단원구 신길로 67,031-508-6916,031-494-6911,http://www.asdaewol.es.kr/,0900시0900분~1900시1900분,0,0,0,1,0,18,0,0,0,18,0,0,0,0,7,0,37.3358875352175,126.787380730609
경기도교육청,안산교육지원청,안산대학교부설석학유치원,사립(법인),조소영,조소영,19960301,19960301,경기도 안산시 상록구 안산대학로 155,031-418-6762,031-418-6764,http://sukhak.ansan.ac.kr,0800시0800분~1900시1900분,3,2,2,0,0,210,45,44,50,0,0,35,37,42,0,0,37.3081718370081,126.877119156546
경기도교육청,안산교육지원청,안산서초등학교병설유치원,공립(병설),전필성,전필성,19970301,19970301,경기도 안산시 단원구 원선로 67,031-487-4553,031-487-4553, ,0900시0900분~1800시1800분,0,0,0,1,0,20,0,0,0,20,0,0,0,0,6,0,37.3309657665415,126.800171219276
경기도교육청,안산교육지원청,안산석수초등학교병설유치원,공립(병설),장재성,장재성,19990113,19990301,경기도 안산시 단원구 석수로 93,031-487-9963,031-487-4494,https://ansanseoksu-e.goeas.kr/ansanseoksu-e/main.do,0900시0900분~1700시1700분,0,0,0,1,0,20,0,0,0,20,0,0,0,0,9,0,37.3447497192,126.8060107191
경기도교육청,안산교육지원청,안산원곡유치원,공립(단설),한은경,한은경,20110301,20110301,경기도 안산시 단원구 원곡초교길 9,031-493-2125,031-493-8737,https://ansanwongok-k.goeas.kr,1300시1300분~1900시1900분,1,2,2,0,2,102,13,37,44,0,8,13,20,28,0,7,37.3288651968,126.7958556069
경기도교육청,안산교육지원청,안산진흥초등학교병설유치원,공립(병설),김동목,김동목,20060301,20060301,경기도 안산시 단원구 화정천동로 80,070-5075-5990,031-475-0495,https://ansanjinheung-e.goeas.kr/ansanjinheung-e/main.do,0900시0900분~1900시1900분,3,2,1,0,1,114,42,44,24,0,4,30,20,7,0,4,37.3121650962,126.8223570486
경기도교육청,안산교육지원청,안산창촌초등학교병설유치원,공립(병설),류근학,류근학,20110301,20110301,경기도 안산시 상록구 건건5길 7,031-502-1165,031-502-3907, ,0900시0900분~1800시1800분,0,0,0,1,0,18,0,0,0,18,0,0,0,0,15,0,37.3074385648133,126.904702817576
경기도교육청,안산교육지원청,안산해솔초등학교병설유치원,공립(병설),최은희,최은희,20200301,20200301,경기도 안산시 상록구 해양5로 38,031-8084-9990, ,http://ashaesol.es.kr/,0900시0900분~1900시1900분,1,1,1,0,0,58,14,20,24,0,0,14,19,15,0,0,37.2826526838,126.8332387254
경기도교육청,안산교육지원청,안산화정초등학교병설유치원,공립(병설),정순우,정순우,20130301,20130301,경기도 안산시 단원구 화정천서로 545,031-487-6217,031-487-6214,https://ansanhwajeong-e.goeas.kr/,0900시0900분~1700시1700분,0,0,0,1,0,18,0,0,0,18,0,0,0,0,6,0,37.3456911384,126.8173860659
경기도교육청,안산교육지원청,예술인유치원,사립(사인),길영남,한옥숙,19860926,19860926,경기도 안산시 상록구 화랑로 495,031-482-5068,031-411-9936,http://www.yesulin.kg.kr,0800시0800분~1910시1910분,1,2,2,0,0,137,18,44,52,0,0,18,38,46,0,0,37.3217625537678,126.842899799769
경기도교육청,안산교육지원청,예은유치원,사립(사인),권영무,남상주,20100302,20100302,경기도 안산시 상록구 삼리로 24,031-437-0474,031-437-0475, ,0730시0730분~2000시2000분,1,1,1,1,0,80,16,22,26,16,0,11,20,14,0,0,37.3043481834257,126.84230097877
경기도교육청,안산교육지원청,와동초등학교병설유치원,공립(병설),이유순,이유순,19990113,19990113,경기도 안산시 단원구 사세충열로 26,031-487-3966,031-487-3913,	https://wadong-e.goeas.kr/wadong-e/main.do,0900시0900분~1700시1700분,0,0,0,1,0,18,0,0,0,18,0,0,0,0,9,0,37.336993685,126.831262821
경기도교육청,안산교육지원청,원일초등학교병설유치원,공립(병설),박남숙,박남숙,19870309,19870309,경기도 안산시 단원구 원선로 113,031-487-3437,031-487-3037,https://wonil-e.goeas.kr/wonil-e/main.do,1300시1300분~1700시1700분,0,0,1,1,0,38,0,0,24,14,0,0,0,8,10,0,37.3328046163,126.8041523082
경기도교육청,안산교육지원청,은빛유치원,사립(사인),염지윤,박선제,20010301,20010301,경기도 안산시 단원구 광덕1로 80,031-411-1115,031-411-4440,https://m.blog.naver.com/eunbitsmile,0840시0840분~1840시1840분,3,3,2,0,0,167,54,66,47,0,0,45,49,26,0,0,37.3055670804,126.8195431098
경기도교육청,안산교육지원청,이솝숲유치원,사립(사인),이재규,김흥숙,20090813,20090813,경기도 안산시 상록구 안산대학로 115-1,031-409-6553,031-504-6559, ,0900시0900분~1800시1800분,2,2,2,0,0,160,36,44,52,0,0,25,42,46,0,0,37.3105071930799,126.87011389037
경기도교육청,안산교육지원청,이호초등학교병설유치원,공립(병설),정호승,정호승,19980310,19980310,경기도 안산시 상록구 고목로3길 44,031-487-0768, , ,0900시0900분~1700시1700분,0,0,0,1,0,20,0,0,0,20,0,0,0,0,7,0,37.2869381892862,126.860931339436
경기도교육청,안산교육지원청,자연생태숲유치원,사립(사인),강현중,신미숙,20001208,20001208,경기도 안산시 상록구 광덕4로 460,031-419-8345,031-419-8343,http://supkid.kidis.co.kr/,0800시0800분~1900시1900분,3,2,4,0,0,300,54,44,104,0,0,46,34,57,0,0,37.3039980471176,126.856161290088
경기도교육청,안산교육지원청,자연유치원,사립(사인),최주영,한수지,20120229,20120229,경기도 안산시 상록구 감골1로 60,031-501-4633,031-501-4635, ,0900시0900분~1900시1900분,4,4,3,0,0,297,72,88,78,0,0,72,86,78,0,0,37.2902510083807,126.852021711365
경기도교육청,안산교육지원청,정지초등학교병설유치원,공립(병설),이성현,이성현,20000301,20000301,경기도 안산시 단원구 정지로 57,031-487-6014,031-487-6026,https://jeongji-e.goeas.kr/jeongji-e/main.do,0900시0900분~1700시1700분,0,0,0,1,0,18,0,0,0,18,0,0,0,0,10,0,37.3419616726917,126.811082791078
경기도교육청,안산교육지원청,제일유치원,사립(법인),허요환,박영민,19900525,19900525,경기도 안산시 단원구 예술대학로2길 9,031-401-6767,031-401-6616, ,0900시0900분~1900시1900분,2,0,0,1,0,158,30,0,0,20,0,25,0,0,18,0,37.3293999036374,126.839496432509
경기도교육청,안산교육지원청,중앙유치원,사립(사인),김정숙,오성현,20120301,20120301,경기도 안산시 단원구 초지2로 43,031-405-5700,031-405-9779,http://www.joongangkids.com,0700시0700분~1900시1900분,1,2,2,0,0,184,18,44,52,0,0,18,35,30,0,0,37.3083866042142,126.812061468183
경기도교육청,안산교육지원청,창의나라유치원,사립(사인),엄은용,유옥희,20060217,20060217,경기도 안산시 상록구 해양1로 30,031-502-4504,031-502-0662, ,0750시0750분~1830시1830분,2,2,3,0,0,170,36,44,78,0,0,36,44,66,0,0,37.2957342847537,126.818822164974
경기도교육청,안산교육지원청,청아유치원,사립(사인),염희수,배은숙,20060202,20110221,경기도 안산시 단원구 초지1로 76,031-475-2800,031-475-2859, ,0740시0740분~1900시1900분,3,3,3,0,0,224,66,66,66,0,0,66,61,61,0,0,37.303367468927,126.816372449128
경기도교육청,안산교육지원청,초원유치원,사립(사인),정범석,이광옥,20020314,20020314,경기도 안산시 단원구 초지시장로 6,031-401-4279,031-401-4280, ,0800시0800분~1830시1830분,3,3,3,0,0,185,55,66,64,0,0,54,55,60,0,0,37.3228491670654,126.805727632879
경기도교육청,안산교육지원청,팔곡초등학교병설유치원,공립(병설),전미환,전미환,20080107,20080301,경기도 안산시 상록구 팔곡두레길 71,070-4323-3506,031-501-9364, ,0900시0900분~1900시1900분,0,0,0,1,0,18,0,0,0,18,0,0,0,0,7,0,37.2969641511033,126.882644269929
경기도교육청,안산교육지원청,프라임유치원,사립(사인),문현숙 박명현,이윤정,20200401,20200401,경기도 안산시 단원구 선부광장남로 13,031-402-0229,031-402-0228, ,0800시0800분~1830시1830분,2,2,2,0,0,192,36,40,50,0,0,28,31,38,0,0,37.3308615375568,126.803528155527
경기도교육청,안산교육지원청,하늘유치원,사립(사인),홍사혁,민영기,20010530,20010530,경기도 안산시 단원구 광덕동로 26,031-410-9500,031-410-9510,http://013.mcocoa.kr/,0800시0800분~1900시1900분,2,1,2,0,0,132,36,22,52,0,0,36,24,49,0,0,37.3069570056969,126.834121174764
경기도교육청,안산교육지원청,학현초등학교병설유치원,공립(병설),송인식,송인식,20050106,20050301,경기도 안산시 상록구 석호로 6,07051252450,031-415-8896,http://www.hakhyun.es.kr/,1300시1300분~1900시1900분,0,0,0,1,1,22,0,0,0,18,4,0,0,0,3,2,37.3106157356343,126.846904206274
경기도교육청,안산교육지원청,한들유치원,공립(단설),안혜수,안혜수,20130901,20130901,경기도 안산시 단원구 예술대학로 50,031-487-4377,031-402-5894,https://handeul-k.goeas.kr/handeul-k/main.do,0800시0800분~1900시1900분,2,3,3,0,1,164,28,60,72,0,4,27,53,62,0,4,37.3211273875,126.8387477516
경기도교육청,안산교육지원청,한별유치원,사립(사인),전명옥,곽영란,20030705,20030705,경기도 안산시 단원구 광덕2로 121,031-504-2277,031-485-9469, ,0900시0900분~1830시1830분,2,2,1,0,0,146,30,32,24,0,0,28,30,24,0,0,37.3114074265605,126.822582551763
경기도교육청,안산교육지원청,한양유치원,사립(사인),김정숙,김은선,19910331,19910331,경기도 안산시 상록구 반석로 8,031-407-9507,031-416-9507,https://blog.naver.com/19hanyang,0800시0800분~1900시1900분,2,2,2,0,0,154,36,44,44,0,0,28,27,30,0,0,37.2952515463922,126.861580280561
경기도교육청,안산교육지원청,해밀유치원,사립(사인),박명수,고운철,20131016,20140301,경기도 안산시 상록구 원당골5길 15,031-402-2525,031-402-2800,http://cafe.naver.com/haemilkg,0800시0800분~1800시1800분,2,2,2,0,0,130,36,44,50,0,0,17,28,38,0,0,37.3638327228542,126.881053625648
경기도교육청,안산교육지원청,해양유치원,공립(단설),장미자,장미자,20210301,20210301,경기도 안산시 상록구 해양2로 24,031-409-2021,031-409-2023,https://haeyang-k.goeas.kr/haeyang-k/main.do,1330시1330분~1900시1900분,2,2,2,0,0,116,28,40,48,0,0,28,24,30,0,0,37.2941904081,126.8245949001
경기도교육청,안산교육지원청,햇살유치원,사립(사인),강미자,강미자,19920303,19920303,경기도 안산시 상록구 안산천동로1길 9-1,031-402-2469,031-482-2469,https://blog.naver.com/sun4022469,0730시0730분~1930시1930분,2,1,2,0,0,134,36,22,52,0,0,22,15,28,0,0,37.3322573115,126.8479544129
경기도교육청,안산교육지원청,행복한유치원,사립(사인),전혜옥,전혜옥,19870301,19870301,경기도 안산시 단원구 보배4길 10,031-475-8881,031-475-8881,https://happykid.smartsm.co.kr/ ,0800시0800분~1900시1900분,4,4,3,0,0,302,72,88,78,0,0,72,79,75,0,0,37.3307680498443,126.829376177921
경기도교육청,안산교육지원청,호동초등학교병설유치원,공립(병설),은지희,은지희,19850901,19850901,경기도 안산시 상록구 성호로 70,031-487-4464, ,https://hodong-e.goeas.kr/,0900시0900분~1900시1900분,0,0,1,1,0,38,0,0,24,14,0,0,0,4,6,0,37.3126881016808,126.865309313715
경기도교육청,안성교육지원청,개산초등학교병설유치원,공립(병설),박상흠,박상흠,19820311,19820311,경기도 안성시 외개산길 42,031-674-7515,031-676-1541,https://gaesan-e.goean.kr/gaesan-e/main.do,0900시0900분~1700시1700분,0,0,0,1,0,18,0,0,0,18,0,0,0,0,3,0,36.9844792647724,127.302020801415
경기도교육청,안성교육지원청,개정초등학교병설유치원,공립(병설),권명숙,권명숙,19910302,19910302,경기도 안성시 미양면 미양로 72,031-672-8082,031-672-8983,www.gaejung.es.kr,0900시0900분~1900시1900분,0,0,0,1,0,18,0,0,0,18,0,0,0,0,3,0,36.9608003513,127.1889976803
경기도교육청,안성교육지원청,고삼초등학교병설유치원,공립(병설),문병규,문병규,19810307,19810307,경기도 안성시 고삼호수로 37,031-673-0465,031-674-5104,http://www.kosam.es.kr,1300시1300분~1750시1750분,0,0,0,1,0,18,0,0,0,18,0,0,0,0,2,0,37.0827346804749,127.264859646127
경기도교육청,안성교육지원청,공도초등학교병설유치원,공립(병설),양경대,양경대,19810309,19810309,경기도 안성시 공도읍 공도1로 9,031-651-2014,031-651-2002,www.gongdo.es.kr,1300시1300분~1700시1700분,0,0,0,1,1,18,0,0,0,14,4,0,0,0,8,3,37.0002032559,127.168338873
경기도교육청,안성교육지원청,광덕초등학교병설유치원,공립(병설),최석용,최석용,19990301,19990301,경기도 안성시 내리1길 25,031-676-3481,031-676-3362, ,0900시0900분~1900시1900분,0,0,0,1,0,20,0,0,0,20,0,0,0,0,8,0,37.0089113443173,127.235727950555
경기도교육청,안성교육지원청,광선초등학교병설유치원,공립(병설),최선희,최선희,19830301,19830301,경기도 안성시 죽산면 개좌길 16,031-672-6086,031-674-5687,https://kwangson-e.goean.kr/,0900시0900분~1900시1900분,0,0,0,1,0,18,0,0,0,18,0,0,0,0,1,0,37.0081667106,127.4331392573
경기도교육청,안성교육지원청,금광초등학교병설유치원,공립(병설),장덕수,장덕수,19820302,19820302,경기도 안성시 금광면 금광초교길 54,031-675-7487,031-675-4625,https://gg-e.goean.kr/gg-e/main.do,0800시0800분~1800시1800분,0,0,0,1,0,20,0,0,0,18,0,0,0,0,7,0,36.9997558786,127.3248777009
경기도교육청,안성교육지원청,금광초등학교조령분교장병설유치원,공립(병설),장덕수,장덕수,19850201,19850301,경기도 안성시 사흥길 59,031-672-2542,031-674-9702,http://www.kk.es.kr,0900시0900분~1700시1700분,0,0,0,1,0,18,0,0,0,18,0,0,0,0,2,0,37.0012541742055,127.358019978773
경기도교육청,안성교육지원청,내혜홀초등학교병설유치원,공립(병설),마동석,마동석,20020301,20020301,경기도 안성시 내혜홀3길 29,031-671-1089,031-674-1180,https://nhh-e.goean.kr/nhh-e/main.do,0710시0710분~1900시1900분,1,0,0,1,1,38,14,0,0,20,4,5,0,0,9,3,37.0062903747826,127.265320105955
경기도교육청,안성교육지원청,동신초등학교병설유치원,공립(병설),김정규,김정규,19810301,19810301,경기도 안성시 사갑뜰길 6,031-673-9409,031-676-3077,https://www.goean.kr/dongshin-e/main.do,0900시0900분~1900시1900분,0,0,0,1,0,18,0,0,0,18,0,0,0,0,11,0,37.0122725077,127.3047364433
경기도교육청,안성교육지원청,리더스유치원,사립(사인),김병기,이해란,20120425,20120425,경기도 안성시 기업단지로 57-50,031-618-0236,031-657-3351, ,0900시0900분~1830시1830분,2,2,2,0,0,130,36,44,50,0,0,26,44,41,0,0,37.0006088779158,127.155356726196
경기도교육청,안성교육지원청,마전초등학교병설유치원,공립(병설),박성남,박성남,20090814,20090814,경기도 안성시 서동대로 5915,031-672-1164, , ,1300시1300분~1900시1900분,0,0,0,1,0,18,0,0,0,18,0,0,0,0,6,0,37.0309612399425,127.341051624796
경기도교육청,안성교육지원청,만정초등학교병설유치원,공립(병설),김명숙,김명숙,20110301,20110301,경기도 안성시 송원길 12,031-692-5619, , ,1300시1300분~1900시1900분,1,1,1,0,0,58,14,20,24,0,0,6,16,15,0,0,37.0069419336,127.1717349732
경기도교육청,안성교육지원청,명덕초등학교병설유치원,공립(병설),장세권,장세권,20090818,20090818,경기도 안성시 대덕면 미륵로 16,031-675-1088,031-676-8009,www.myongduk.es.kr,0830시0830분~1900시1900분,0,0,0,1,0,18,0,0,0,18,0,0,0,0,4,0,37.0508972798,127.2631627442
경기도교육청,안성교육지원청,문기초등학교병설유치원,공립(병설),정재구,정재구,19850901,19850901,경기도 안성시 공도읍 서동대로 4424,031-618-2260,031-618-8214,www.mungi.es.kr,0800시0800분~1900시1900분,0,0,0,1,0,18,0,0,0,18,0,0,0,0,7,0,37.007635954,127.1936183962
경기도교육청,안성교육지원청,미곡초등학교병설유치원,공립(병설),배수영,배수영,20000310,20000310,경기도 안성시 안성맞춤대로 2304-9,031-672-6547,031-672-8935,http://www.mikok.es.kr,0900시0900분~1900시1900분,0,0,0,1,0,20,0,0,0,4,0,0,0,0,4,0,37.1108029376,127.2450620454
경기도교육청,안성교육지원청,미양초등학교병설유치원,공립(병설),류정선,류정선,19810309,19810309,경기도 안성시 양지길 40,031-673-8085,031-673-8081,http://www.miyang.es.kr ,0900시0900분~1900시1900분,0,0,0,1,0,18,0,0,0,18,0,0,0,0,7,0,36.9753693842996,127.212934897187
경기도교육청,안성교육지원청,백성초등학교병설유치원,공립(병설),전황수,전황수,20190301,20190301,경기도 안성시 아양3로 41,031-674-3288,031-674-3289,http://www.baekseong.es.kr/wah/main/index.htm,1300시1300분~1900시1900분,1,1,1,0,0,58,14,20,24,0,0,14,20,23,0,0,37.00547297064299,127.25190839209594
경기도교육청,안성교육지원청,별빛누리유치원,공립(단설),김정희,김정희,20200301,20200301,경기도 안성시 고무다리길 121,031-651-7641,031-651-7643,https://starnuri-k.goean.kr,1330시1330분~1900시1900분,2,2,2,0,2,124,28,40,48,0,8,27,31,30,0,8,36.9900424703,127.1746424498
경기도교육청,안성교육지원청,보개초등학교병설유치원,공립(병설),홍정기,홍정기,20210301,20210301,경기도 안성시 보개면 보개원삼로 649,031-675-7239,031-675-2389,https://bogae-e.goean.kr/,1300시1300분~1900시1900분,0,0,0,1,0,18,0,0,0,18,0,0,0,0,7,0,37.0425321258,127.3081555636
경기도교육청,안성교육지원청,봄누리유치원,공립(단설),박순기,박순기,20120301,20120301,경기도 안성시 백성2길 59,031-671-7161,031-671-7163,https://bomnuri-k.goean.kr/,0800시0800분~1900시1900분,2,2,2,0,3,116,28,34,42,0,12,25,31,42,0,11,37.0111756861,127.2673600925
경기도교육청,안성교육지원청,비룡초등학교병설유치원,공립(병설),정안나,정안나,19940301,19950301,경기도 안성시 비룡로 78,031-674-6147,031-674-6145,http://www.piryong.es.kr/wah/main/html/view.htm?menuCode=98,0800시0800분~1900시1900분,0,0,1,1,1,38,0,0,24,14,4,0,0,9,13,4,37.0147448633295,127.262095337642
경기도교육청,안성교육지원청,사관유치원,사립(사인),신현수,신현수,20070301,20070301,경기도 안성시 벚꽃길 43,031-651-9004,031-651-9012,https://blog.naver.com/sagwan9004,0730시0730분~1830시1830분,2,2,2,0,0,210,36,44,52,0,0,36,44,48,0,0,36.9992543697485,127.153929216868
경기도교육청,안성교육지원청,삼성유치원,사립(사인),목태수,배미경,20130108,20130108,경기도 안성시 봉기길 161,031-653-9936,031-655-9936,http://www.samsungkid.com,0800시0800분~1900시1900분,7,4,3,0,0,378,126,88,78,0,0,93,83,76,0,0,36.9950754325494,127.181678412147
경기도교육청,안성교육지원청,삼죽초등학교병설유치원,공립(병설),김도천,김도천,19810310,19810310,경기도 안성시 삼죽초교길 20,031-674-6093,031-672-3256,http://www.samjuk.es.kr,0840시0840분~1900시1900분,0,0,0,1,0,18,0,0,0,18,0,0,0,0,1,0,37.0753519781,127.3737276846
경기도교육청,안성교육지원청,성모유치원,사립(법인),김진영,김진영,20030228,20030228,경기도 안성시 마산길 5,031-672-6470,031-672-6471, ,0830시0830분~1830시1830분,2,2,2,0,0,112,36,30,46,0,0,26,28,42,0,0,36.9752969829841,127.216190598681
경기도교육청,안성교육지원청,안법유치원,사립(법인),이용훈,박지은(직무대리),19630307,19630307,경기도 안성시 혜산로 33,031-672-0703,031-672-0752, ,0800시0800분~1900시1900분,2,2,2,0,0,132,32,32,36,0,0,31,22,31,0,0,37.01121978,127.2738499457
경기도교육청,안성교육지원청,안성유치원,사립(사인),고창호,고창호,20050215,20050215,경기도 안성시 실왕길 12,031-671-3294,031-671-3295, ,0900시0900분~1820시1820분,2,3,3,0,0,169,36,60,73,0,0,36,52,71,0,0,37.0246051651,127.2668258237
경기도교육청,안성교육지원청,안성초등학교병설유치원,공립(병설),김주석,김주석,19810301,19810301,경기도 안성시 혜산로 13,031-672-2244,031-676-4858,www.anseong.es.kr,0800시0800분~1900시1900분,1,1,1,0,0,58,14,20,24,0,0,5,8,9,0,0,37.0110241619,127.272432077
경기도교육청,안성교육지원청,양진초등학교병설유치원,공립(병설),김태호,김태호,19820301,19820301,경기도 안성시 공도읍 진사1길 14,031-8046-1370,031-618-6420,www.yangjin.es.kr,0800시0800분~1900시1900분,1,1,2,0,2,90,14,20,48,0,8,12,19,17,0,5,36.9885884547,127.1402554123
경기도교육청,안성교육지원청,어울초등학교병설유치원,공립(병설),신영균,신영균,20170901,20170901,경기도 안성시 신령로 58,031-677-9346,031-677-9347,http://www.eoul.es.kr,1300시1300분~1900시1900분,1,1,1,0,0,48,12,13,16,0,0,12,13,16,0,0,37.0152744443,127.2204420143
경기도교육청,안성교육지원청,엄마사랑유치원,사립(사인),최정미,최정미,20080603,20080603,경기도 안성시 공도3로 19,031-652-1125,031-652-1197, ,0900시0900분~1700시1700분,2,1,1,0,0,192,32,22,26,0,0,22,18,23,0,0,37.0013527187248,127.170002103515
경기도교육청,안성교육지원청,용머리초등학교병설유치원,공립(병설),김범진,김범진,20020103,20020103,경기도 안성시 기업단지로 57,031-6190-8970,031-658-0731, ,0900시0900분~1900시1900분,0,0,0,1,0,18,0,0,0,18,0,0,0,0,8,0,37.0027368674,127.1583690381
경기도교육청,안성교육지원청,원곡초등학교병설유치원,공립(병설),정미선,정미선,19810309,19810309,경기도 안성시 가천중앙1길 51-17,031-653-6440,031-653-6445,https://wongok-e.goean.kr/wongok-e/na/ntt/selectNttList.do?mi=2730&bbsId=1639,0900시0900분~1900시1900분,0,0,0,1,0,18,0,0,0,18,0,0,0,0,13,0,37.0417519821,127.1278354269
경기도교육청,안성교육지원청,일죽초등학교병설유치원,공립(병설),서용식,서용식,19810302,19810302,경기도 안성시 일죽면 주래본죽로 72,031-672-0366,031-672-2523,www.iljuk.es.kr,0900시0900분~1900시1900분,1,1,1,0,1,62,14,20,24,0,4,5,6,14,0,3,37.0916525413,127.4817140163
경기도교육청,안성교육지원청,죽산초등학교병설유치원,공립(병설),피재동,피재동,19801220,19801220,경기도 안성시 죽산초교길 43,031-675-7809, ,https://juksan-e.goean.kr/juksan-e/main.do,1300시1300분~1900시1900분,0,0,0,1,0,18,0,0,0,18,0,0,0,0,10,0,37.0784795107,127.4211913625
경기도교육청,안성교육지원청,파랑새유치원,사립(사인),이종우,이예인,20030208,20030208,경기도 안성시 진사길 62,031-652-0932,031-656-1819, ,0740시0740분~1900시1900분,3,3,2,0,0,164,51,63,50,0,0,47,55,49,0,0,36.9894214729383,127.14147636155
경기도교육청,안성교육지원청,한울유치원,사립(사인),김우성,김우성,20090302,20090302,경기도 안성시 송원길 19,031-653-5311,031-653-5312, ,0740시0740분~1900시1900분,2,1,2,0,0,180,36,22,52,0,0,28,18,48,0,0,37.0075208878791,127.172144768107
경기도교육청,안성교육지원청,혜윰유치원,사립(사인),안선희,안선희,20130301,20130225,경기도 안성시 중앙로 110-4,0316727953,031-673-7952,https://blog.naver.com/hyeyum2013_,0900시0900분~1900시1900분,2,2,2,0,0,128,36,44,48,0,0,19,26,23,0,0,37.0120870555622,127.240827735203
경기도교육청,안양과천교육지원청,건영무궁화유치원,사립(법인),이태훈,임성신,19930818,19930901,경기도 안양시 동안구 동안로 23,031-382-8160,031-382-8110,http://www.kidsnote.com,0800시0800분~1830시1830분,1,1,1,0,0,66,18,22,26,0,0,18,22,25,0,0,37.3813542566454,126.955981582591
경기도교육청,안양과천교육지원청,과천갈현초등학교병설유치원,공립(병설),김영완,김영완,20220901,20220901,경기도 과천시 과천대로8가길 12,02-509-7480,02-509-7485,https://gcgh-e.goeay.kr/gcgh-e/main.do,1300시1300분~1900시1900분,1,1,1,0,0,58,14,20,24,0,0,8,18,22,0,0,37.4117323457,126.9879147528
경기도교육청,안양과천교육지원청,과천노들유치원,사립(사인),서명자,서명자,20090331,20090331,경기도 과천시 별양로 12,02-502-6710,02-504-6710,http://www.nodle.co.kr/,0750시0750분~1830시1830분,2,3,2,0,0,150,36,64,50,0,0,36,64,50,0,0,37.420882313423,126.99000197474
경기도교육청,안양과천교육지원청,과천초등학교병설유치원,공립(병설),윤명숙,윤명숙,19810305,19810305,경기도 과천시 온온사로 10,02-502-3007,02-504-2022,http://www.gwacheon.es.kr/,1300시1300분~1900시1900분,1,1,1,0,0,58,14,20,24,0,0,14,8,8,0,0,37.4368771760462,126.993796113849
경기도교육청,안양과천교육지원청,과천토리유치원,공립(단설),김진숙,김진숙,20230301,20230301,경기도 과천시 과천대로8가길 20,02-500-3600,02-500-3697,https://gwacheontory-k.goeay.kr/,0800시0800분~1900시1900분,5,5,5,0,2,298,70,100,120,0,8,67,83,92,0,8,37.4126502124,126.9878957414
경기도교육청,안양과천교육지원청,관양초등학교병설유치원,공립(병설),이주철,이주철,19860901,19860901,경기도 안양시 동안구 관평로336번길 23,031-340-4086,031-384-6213,www.kwanyang-e.goeay.kr,1300시1300분~1800시1800분,0,0,1,1,0,38,0,0,24,14,0,0,0,7,6,0,37.4067712433,126.9603295602
경기도교육청,안양과천교육지원청,금빛유치원,사립(사인),손상규,김홍선,20230301,20230301,경기도 과천시 별양로 112,02-503-9857,02-503-9858, ,0800시0800분~1830시1830분,3,2,2,0,0,158,54,44,52,0,0,55,45,39,0,0,37.428116054146,126.99708033458
경기도교육청,안양과천교육지원청,꿈마을유치원,사립(사인),박미경,박미경,20070320,20070320,경기도 안양시 동안구 귀인로 294,031-422-4083, ,http://www.dvs.kg.kr,0800시0800분~1830시1830분,1,2,2,0,0,113,20,46,47,0,0,20,46,45,0,0,37.3854837305987,126.971750060545
경기도교육청,안양과천교육지원청,꿈열매유치원,사립(사인),김정란,김정란,20010407,20010407,경기도 안양시 동안구 학의로408번길 13,031-425-8870,031-425-8871, ,0900시0900분~1900시1900분,1,2,2,0,0,120,18,44,52,0,0,18,44,52,0,0,37.3944868461709,126.980748935227
경기도교육청,안양과천교육지원청,늘도담유치원,공립(단설),이문강,이문강,20240901,20240901,경기도 안양시 동안구 비산로 8,031-420-0555,031-447-4008,https://neuldodam-k.goeay.kr,1310시1310분~1900시1900분,4,4,4,0,3,232,56,80,96,0,12,52,76,88,0,12,37.4004066254,126.9339623012
경기도교육청,안양과천교육지원청,늘푸른유치원,사립(사인),김기성,김현지,20100129,20100129,경기도 안양시 동안구 경수대로 462,031-451-7771,031-451-7780,http://neulprkinder.kidis.co.kr,0800시0800분~1800시1800분,3,2,2,0,0,134,46,44,44,0,0,46,44,44,0,0,37.3649985641043,126.96164243159
경기도교육청,안양과천교육지원청,대림유치원,사립(사인),이효환,이수연,20070817,20070817,경기도 안양시 동안구 귀인로 247,031-387-4071,031-387-4072, ,0900시0900분~1830시1830분,2,2,2,0,0,132,36,44,52,0,0,37,43,52,0,0,37.3874712606624,126.966130263484
경기도교육청,안양과천교육지원청,덕천초등학교병설유치원,공립(병설),김재봉,김재봉,19900301,19900301,경기도 안양시 만안구 전파로 27,031-446-0103,031-466-2174,https://dukchon-e.goeay.kr/dukchon-e/main.do,0900시0900분~1900시1900분,1,1,1,0,2,58,14,20,24,0,8,12,15,17,0,8,37.3920631405,126.9359041435
경기도교육청,안양과천교육지원청,돈보스코유치원,사립(법인),이용훈,장춘윤,20031114,20031114,경기도 안양시 동안구 동안로 75,031-476-0599,031-476-0598,http://www.idonbosco.co.kr,0800시0800분~1830시1830분,1,1,1,0,0,75,18,22,26,0,0,18,22,25,0,0,37.3862743294831,126.951963432818
경기도교육청,안양과천교육지원청,동은유치원,사립(사인),김명희,김명희,19780228,19780228,경기도 안양시 동안구 관악대로434번길 27,031-424-0203,031-421-3183,http://cafe.daum.net/dongeunkids,0830시0830분~1830시1830분,1,1,1,0,0,74,18,20,22,0,0,10,12,9,0,0,37.4035693575737,126.971253875055
경기도교육청,안양과천교육지원청,동편유치원,공립(단설),최은주,최은주,20140301,20140305,경기도 안양시 동안구 동편로 92번길40,031-428-0635,031-423-9815,https://dongpyeon-k.goeay.kr,0800시0800분~1900시1900분,3,3,3,0,3,174,42,60,72,0,12,40,57,44,0,9,37.4128890658,126.9725627077
경기도교육청,안양과천교육지원청,만안유치원,사립(사인),최영식,조이랑,19771224,19780301,경기도 안양시 만안구 양화로148번길 30,031-449-0089,031-466-0203,http://www.manan.kr,0900시0900분~1900시1900분,3,2,1,0,0,196,54,44,26,0,0,50,42,23,0,0,37.406108826951,126.910334632181
경기도교육청,안양과천교육지원청,만안초등학교병설유치원,공립(병설),한상오,한상오,19860305,19860305,경기도 안양시 만안구 안양로384번길 13,031-448-4493,031-464-1116,https://manan-e.goeay.kr/manan-e/main.do,0900시0900분~1800시1800분,0,0,1,1,1,38,0,0,24,14,4,0,0,10,5,4,37.4061338236,126.916097707
경기도교육청,안양과천교육지원청,모심유치원,사립(사인),국윤범,이순례,19930818,19930818,경기도 안양시 동안구 귀인로 199,031-383-1396,031-384-1397,https://mosim.kidsnote.ac,0730시0730분~1930시1930분,2,2,2,0,0,200,40,44,48,0,0,40,44,48,0,0,37.3858669588585,126.960995548756
경기도교육청,안양과천교육지원청,문원초등학교병설유치원,공립(병설),신봉숙,신봉숙,19830301,19830301,경기도 과천시 코오롱로 53,02-507-5807,02-507-5805,http://www.munwon.es.kr,1300시1300분~1900시1900분,1,1,1,0,0,58,14,20,24,0,0,9,13,24,0,0,37.4238211332,126.9940705042
경기도교육청,안양과천교육지원청,미림유치원,사립(사인),소현애유솔희,소현애,20030120,20030120,경기도 안양시 동안구 학의로 20,031-382-5028,031-382-5166, ,0800시0800분~1900시1900분,1,2,2,0,0,116,20,44,52,0,0,20,44,51,0,0,37.3959115234681,126.943604272048
경기도교육청,안양과천교육지원청,민들레유치원,사립(법인),이명이,우지선,19851220,19851220,경기도 안양시 만안구 연현로1번길 76,031-472-8740, , ,0730시0730분~1900시1900분,2,2,1,0,0,140,36,44,26,0,0,27,26,23,0,0,37.4270154768662,126.901436817575
경기도교육청,안양과천교육지원청,민백유치원,사립(사인),이경언,김지윤,19921103,19921110,경기도 안양시 동안구 부림로 21,031-381-8877,031-381-8878,http://minbaek.com,0800시0800분~1900시1900분,2,2,1,0,0,100,36,38,26,0,0,37,30,23,0,0,37.385946570996,126.9688288919
경기도교육청,안양과천교육지원청,박달초등학교병설유치원,공립(병설),류근영,류근영,19850301,19850301,경기도 안양시 만안구 삼봉로 38,031-444-9195,031-441-1981,https://bakdal-e.goeay.kr/,0900시0900분~1900시1900분,1,1,1,0,0,58,14,20,24,0,0,7,14,15,0,0,37.40135205,126.9018500294
경기도교육청,안양과천교육지원청,벌말초등학교병설유치원,공립(병설),김연실,김연실,20020901,20020901,경기도 안양시 동안구 학의로408번길 25,031-424-4145,031-424-1765,www.beolmal.es.kr,0900시0900분~1900시1900분,1,1,1,0,0,58,14,20,24,0,0,6,10,18,0,0,37.3942004776,126.9806047218
경기도교육청,안양과천교육지원청,보라유치원,사립(사인),이기범,이기범,19941020,19941020,경기도 안양시 동안구 신기대로33번길 74,031-387-4426,031-387-4427, ,0800시0800분~1800시1800분,1,2,1,0,0,92,18,44,26,0,0,18,43,27,0,0,37.3831992460952,126.957131719268
경기도교육청,안양과천교육지원청,부림초등학교병설유치원,공립(병설),최윤숙,최윤숙,20120301,20120306,경기도 안양시 동안구 달안로 161,031-380-9971,031-383-2940,https://burim-e.goeay.kr/burim-e/main.do,1300시1300분~1900시1900분,1,0,0,1,0,48,14,0,0,20,0,9,0,0,10,0,37.4003484537,126.9600176907
경기도교육청,안양과천교육지원청,비산성모유치원,사립(법인),안성녀,안성녀,20131230,20140305,경기도 안양시 동안구 경수대로 952-1,031-687-8772,031-687-8773, ,0800시0800분~1800시1800분,2,3,2,0,0,160,36,66,48,0,0,36,66,44,0,0,37.3999634247045,126.932089606677
경기도교육청,안양과천교육지원청,비산초등학교병설유치원,공립(병설),최선희,최선희,19810305,19810305,경기도 안양시 동안구 운곡로52번길 9,031-496-3900, ,https://bisan-e.goeay.kr/bisan-e/na/ntt/selectNttList.do?mi=12395&bbsId=6408,0830시0830분~1900시1900분,1,1,1,0,0,58,14,20,24,0,0,14,19,15,0,0,37.4044449547,126.9436372185
경기도교육청,안양과천교육지원청,삼성초등학교병설유치원,공립(병설),곽은희,곽은희,19810302,19810302,경기도 안양시 만안구 경수대로 1240,070-7114-6600,031-472-9644,https://samsung-e.goeay.kr,0900시0900분~1900시1900분,1,1,1,0,0,58,14,20,24,0,0,5,8,18,0,0,37.419475824,126.9119067102
경기도교육청,안양과천교육지원청,샘모루초등학교병설유치원,공립(병설),김경애,김경애,20040901,20040901,경기도 안양시 동안구 관악대로 155,031-471-0470,031-481-0495,www.sammoru.es.kr,0900시0900분~1900시1900분,1,1,1,0,0,58,14,20,24,0,0,13,10,13,0,0,37.4002335212,126.9407223154
경기도교육청,안양과천교육지원청,샤론유치원,사립(법인),최원준,장대영,19820302,19820302,경기도 안양시 만안구 장내로140번길 11-10,031-443-1107,031-446-1645, ,0800시0800분~1830시1830분,1,2,1,0,0,110,18,44,26,0,0,18,40,26,0,0,37.3974320677892,126.924198029441
경기도교육청,안양과천교육지원청,성결유치원,사립(법인),박수정,박수정,19880303,19880303,경기도 안양시 만안구 성결대학로 53,031-448-1944,031-448-5692,http://kids-sk.or.kr/,0830시0830분~1800시1800분,2,2,2,0,0,200,36,44,52,0,0,36,38,47,0,0,37.3789148652677,126.929151353544
경기도교육청,안양과천교육지원청,성원유치원,사립(사인),김경애,김경애,19960131,19960131,경기도 안양시 만안구 병목안로 81,031-446-2863,031-446-2252, ,0800시0800분~1900시1900분,0,0,1,1,0,115,0,0,26,16,0,0,0,18,15,0,37.3951098494119,126.914411668126
경기도교육청,안양과천교육지원청,신일유치원,사립(사인),심현보,이정희,19930222,19930222,경기도 안양시 동안구 달안로 153,031-382-2134,031-382-3617,http://www.21sinil.co.kr,0730시0730분~1930시1930분,2,2,1,1,0,230,36,44,26,20,0,36,44,24,11,0,37.3994046346326,126.957636246169
경기도교육청,안양과천교육지원청,아이비유치원,사립(사인),김재민,김신혜,20171220,20180301,경기도 안양시 만안구 태평로60번길 9,031-468-7900,031-468-7901,http://cafe.naver.com/ivykinder2018,0800시0800분~1830시1830분,1,2,2,0,0,116,18,44,52,0,0,20,44,50,0,0,37.3956727851,126.9293493155
경기도교육청,안양과천교육지원청,안양덕현초등학교병설유치원,공립(병설),정정훈,정정훈,20240301,20240301,경기도 안양시 동안구 갈산로 34,031-456-8016, , ,0900시0900분~1900시1900분,1,1,1,0,0,58,14,20,24,0,0,9,7,17,0,0,37.375494713779,126.962399314766
경기도교육청,안양과천교육지원청,안양동초등학교병설유치원,공립(병설),오재임,오재임,19850301,19850301,경기도 안양시 동안구 임곡로80번길 34,031-8045-8171,031-441-4258,https://anyangdong-e.goeay.kr,0900시0900분~1900시1900분,1,0,0,1,0,44,14,0,0,20,0,7,0,0,19,0,37.4071680652,126.9354758856
경기도교육청,안양과천교육지원청,안양부안초등학교병설유치원,공립(병설),조근실,조근실,19960301,19960301,경기도 안양시 동안구 달안로 113,031-8086-4774,031-387-4234,http://www.a-buan.es.kr/wah/main/index.htm,0900시0900분~1800시1800분,0,0,1,1,0,38,0,0,24,14,0,0,0,7,13,0,37.3981907314829,126.95435873594
경기도교육청,안양과천교육지원청,안양샘유치원,공립(단설),이진숙,이진숙,19970114,19980301,경기도 안양시 동안구 흥안대로223번길 30-3,031-451-1518,031-451-1516,www.saemkids.kg.kr,0750시0750분~1900시1900분,2,2,2,0,0,116,28,40,48,0,0,29,39,46,0,0,37.3768791459,126.9665152806
경기도교육청,안양과천교육지원청,안양유치원,사립(법인),이용훈,유필숙,19560504,19560504,경기도 안양시 만안구 장내로 116,031-441-3534,070-8282-9199,http://www.안양유치원.kr,0900시0900분~1700시1700분,2,2,2,0,0,198,36,44,52,0,0,29,30,44,0,0,37.3960954028,126.9208895562
경기도교육청,안양과천교육지원청,안양중앙초등학교병설유치원,공립(병설),황규옥,황규옥,19850910,19850910,경기도 안양시 동안구 경수대로 883번길 11,031-446-1685,031-442-6634,www.ayja.es.kr,1300시1300분~1900시1900분,1,1,1,0,0,58,14,20,24,0,0,4,10,14,0,0,37.3955981722,126.9383348864
경기도교육청,안양과천교육지원청,안양초등학교병설유치원,공립(병설),윤영효,윤영효,19850910,19850910,경기도 안양시 만안구 현충로28번길 54,031-443-3862,031-464-3863,http://www.anyang.es.kr,0800시0800분~1730시1730분,1,1,1,0,1,58,13,18,23,0,4,12,11,22,0,4,37.3938333482,126.9263311613
경기도교육청,안양과천교육지원청,예나유치원,사립(사인),이정옥,이정옥,20020319,20020319,경기도 안양시 만안구 태평로134번길 39,031-464-0377,031-464-0378, ,0800시0800분~1900시1900분,2,2,2,0,0,130,36,42,52,0,0,36,34,49,0,0,37.4015290117294,126.926096695012
경기도교육청,안양과천교육지원청,예인유치원,사립(사인),김태영,김영희,20060302,20060302,경기도 안양시 동안구 관평로138번길 63,031-382-3421,031-382-3428,http://yeinmom.kidswon.com/,0800시0800분~1800시1800분,3,2,2,0,0,210,54,44,52,0,0,54,43,43,0,0,37.3910266567755,126.965017718253
경기도교육청,안양과천교육지원청,예지유치원,사립(사인),차성옥,차성옥,20111230,20120301,경기도 과천시 참마을로 10-6,02-502-0701,02-503-0526,http://www.yaeji.kr,0800시0800분~1830시1830분,2,2,2,0,0,150,36,44,52,0,0,24,36,42,0,0,37.4273407518838,127.001656181376
경기도교육청,안양과천교육지원청,우암숲유치원,사립(사인),이혜란,이혜란,19920821,19920901,경기도 안양시 동안구 평촌대로211번길 21,031-381-1074,031-381-2238,http://cafe.naver.com/wooam,0730시0730분~1900시1900분,0,1,1,2,0,95,0,22,26,40,0,0,14,26,40,0,37.389354119365,126.954844944924
경기도교육청,안양과천교육지원청,유일유치원,사립(사인),안재권,최영은,20151230,20160325,경기도 안양시 만안구 석수로26번길 31,031-474-0079, , ,0800시0800분~1830시1830분,2,2,3,0,0,150,36,44,72,0,0,36,39,54,0,0,37.4099461270444,126.908463806723
경기도교육청,안양과천교육지원청,은하수숲유치원,사립(사인),최지섭,김숙희,19930302,19930302,경기도 안양시 동안구 시민대로159번길 62,031-382-0057,031-382-0058, ,0900시0900분~1800시1800분,2,2,1,0,0,160,37,44,24,0,0,37,44,21,0,0,37.393077524692,126.947430249748
경기도교육청,안양과천교육지원청,인덕원초등학교병설유치원,공립(병설),김상혁,김상혁,20101110,20101117,경기도 안양시 동안구 관양로 311,031-423-0460,031-422-0146,https://indeogwon-e.goeay.kr,0900시0900분~1900시1900분,0,0,1,1,0,38,0,0,24,14,0,0,0,8,10,0,37.397277336,126.9790730722
경기도교육청,안양과천교육지원청,일심유치원,사립(법인),박현희,박현희,19950623,19950623,경기도 안양시 동안구 갈산로 55,031-453-7733,031-458-8561,http://iskids.kidswon.com,0900시0900분~1900시1900분,1,2,2,0,0,110,18,37,44,0,0,18,38,43,0,0,37.3769531161784,126.960369004106
경기도교육청,안양과천교육지원청,중원유치원,사립(사인),원유순,원유순,19920421,19920421,경기도 안양시 동안구 동안로 102,0313813355,031-381-3356,https://cafe.daum.net/joongwonii,0800시0800분~1900시1900분,2,2,2,0,0,180,36,44,52,0,0,36,41,47,0,0,37.387991969627,126.952855327838
경기도교육청,안양과천교육지원청,창의나라유치원,사립(사인),박윤자,이선미,20100312,20100312,경기도 안양시 동안구 학의로 46,031-383-3352,031-383-3360, ,0800시0800분~1900시1900분,4,3,1,1,0,188,72,66,26,22,0,67,66,26,20,0,37.3957239474081,126.945311604528
경기도교육청,안양과천교육지원청,천사유치원,사립(사인),음영주,배문경,19860131,19860131,경기도 안양시 동안구 흥안대로414번길 34,031-421-1662,031-421-9779, ,0900시0900분~1800시1800분,2,2,2,0,0,142,36,44,52,0,0,35,33,31,0,0,37.3904876861194,126.976305099908
경기도교육청,안양과천교육지원청,청계초등학교병설유치원,공립(병설),정연희,정연희,19830301,19850305,경기도 과천시 꿈보람길 34,02-504-6069,02-503-2652,http://www.chonggye.es.kr,1300시1300분~1900시1900분,1,1,1,0,0,58,14,20,24,0,0,4,18,10,0,0,37.431519977253,126.996452466612
경기도교육청,안양과천교육지원청,키즈브라운유치원,사립(사인),장종환,손미희,20060301,20060301,경기도 안양시 동안구 동안로 57,031-382-6982,031-383-6982, ,0900시0900분~1800시1800분,1,0,0,1,0,25,12,0,0,13,0,12,0,0,13,0,37.3836441516641,126.954308842324
경기도교육청,안양과천교육지원청,평촌초등학교병설유치원,공립(병설),황경태,황경태,20130301,20130301,경기도 안양시 동안구 평촌대로180번길 56,385-3201, , ,0900시0900분~1700시1700분,0,0,0,1,0,48,0,0,0,18,0,0,0,0,13,0,37.3884068847892,126.960963922434
경기도교육청,안양과천교육지원청,하나유치원,사립(사인),정승복,백상희,19990112,19990112,경기도 안양시 동안구 관양로305번길 34,031-424-1195,031-424-1197,http://www.hanakid.com,0800시0800분~1830시1830분,2,2,2,0,0,210,36,44,52,0,0,38,45,43,0,0,37.3980452268047,126.978646228112
경기도교육청,안양과천교육지원청,한가람유치원,사립(사인),김정옥,송민선,19950703,19950703,경기도 안양시 동안구 학의로 120,031-385-2447,031-385-2449, ,0800시0800분~1900시1900분,3,2,1,0,0,125,54,44,27,0,0,50,35,24,0,0,37.3995502271978,126.95343225358
경기도교육청,안양과천교육지원청,한라유치원,사립(사인),김민규,전경숙,20001023,20001023,경기도 안양시 만안구 박달로 451,031-464-7300,031-464-7301,http://www.hallakids.com,0830시0830분~1800시1800분,2,2,2,0,0,200,36,44,52,0,0,35,44,43,0,0,37.4027654091691,126.90274415874
경기도교육청,안양과천교육지원청,한림유치원,사립(사인),김종혁,오은주,19850531,19850531,경기도 안양시 만안구 석천로197번길 47,031-474-7771,031-474-7772,https://hanlim.kidis.co.kr,0900시0900분~1800시1800분,1,0,1,0,0,190,15,0,24,0,0,10,0,8,0,0,37.4152751634,126.9087760739
경기도교육청,안양과천교육지원청,한별유치원,사립(사인),김미란,문해영,20040305,20040305,경기도 안양시 동안구 관악대로121번길 11,031-441-0731, , ,0800시0800분~1900시1900분,2,2,2,0,0,147,36,44,52,0,0,36,44,49,0,0,37.3995920451856,126.937555103705
경기도교육청,안양과천교육지원청,한양샛별유치원,사립(사인),이숙재,성한나,19930901,19930901,경기도 안양시 동안구 평촌대로253번길 18,031-382-2231, , ,0800시0800분~1900시1900분,3,1,1,0,0,120,48,22,26,0,0,37,21,26,0,0,37.3939482669,126.9526666381
경기도교육청,안양과천교육지원청,해관유치원,사립(법인),박정선,박정선,19980928,19990301,경기도 안양시 만안구 예술공원로70번길 70,031-472-7487,031-472-7489,http://www.haegwan.org,0900시0900분~1700시1700분,1,2,1,0,0,150,18,44,26,0,0,15,29,17,0,0,37.4123938553249,126.919214627206
경기도교육청,안양과천교육지원청,해오름초등학교병설유치원,공립(병설),마경만,마경만,20120605,20120607,경기도 안양시 동안구 동편로 117,031-348-0893,031-348-0924,https://haeoleum-egoeay.kr,0900시0900분~1900시1900분,1,1,1,0,0,58,14,20,24,0,0,3,20,18,0,0,37.4107458519,126.9691934076
경기도교육청,안양과천교육지원청,햇빛유치원,사립(사인),이옥순,이옥순,20041018,20041018,경기도 안양시 동안구 달안로 69,031-386-7075,031-386-7075, ,0800시0800분~1830시1830분,3,2,3,0,0,200,54,44,78,0,0,54,44,74,0,0,37.3964040880427,126.950245181332
경기도교육청,안양과천교육지원청,호계초등학교병설유치원,공립(병설),김재경,김재경,19820302,19820302,경기도 안양시 동안구 경수대로707번길 27,031-455-1453,031-455-1453,https://ayhogye-e.goeay.kr/ayhogye-e/main.do,0900시0900분~1700시1700분,0,0,1,1,0,18,0,0,9,9,0,0,0,6,9,0,37.3838383235,126.9499153731
경기도교육청,안양과천교육지원청,호성초등학교병설유치원,공립(병설),이철수,이철수,19850901,19850901,경기도 안양시 동안구 호성로 43-2,031-458-6692,031-458-6693,https://hoseong-e.goeay.kr/hoseong-e/main.do,0900시0900분~1900시1900분,2,1,1,0,0,72,28,20,24,0,0,18,16,24,0,0,37.3658763575,126.9626010498
경기도교육청,안양과천교육지원청,호원초등학교병설유치원,공립(병설),이용기,이용기,19870310,19870310,경기도 안양시 동안구 경수대로623번길 72,031-452-6479,031-452-6474,https://howon-e.goeay.kr/,0900시0900분~1900시1900분,1,1,1,0,0,58,14,20,24,0,0,8,20,24,0,0,37.3758095116,126.9525760797
경기도교육청,양평교육지원청,강상초등학교병설유치원,공립(병설),박주복,박주복,19810115,19810310,경기도 양평군 강상면 신화길 86,031-771-1065,031-772-8223,http://www.kse.es.kr,0840시0840분~1800시1800분,0,0,0,1,0,18,0,0,0,18,0,0,0,0,6,0,37.4739223866,127.4798244314
경기도교육청,양평교육지원청,강하초등학교병설유치원,공립(병설),허은경,허은경,19820112,19820112,경기도 양평군 운심길 33,031-771-9246,031-772-4083,http://www.kangha.es.kr/,0900시0900분~1900시1900분,0,0,0,1,0,18,0,0,0,18,0,0,0,0,10,0,37.4963738086,127.4091294943
경기도교육청,양평교육지원청,개군초등학교병설유치원,공립(병설),김효중,김효중,19810301,19810301,경기도 양평군 개군면 자진개1길 23,031-774-1324,031-771-5994,www.gaegun.es.kr,0900시0900분~1900시1900분,0,0,0,1,0,20,0,0,0,20,0,0,0,0,2,0,37.4279535357,127.5343724487
경기도교육청,양평교육지원청,곡수초등학교병설유치원,공립(병설),나경준,나경준,19810310,19810310,경기도 양평군 곡수길56번길 17,031-771-1157,031-773-8323,http://koksu.es.kr,0900시0900분~1700시1700분,0,0,0,1,0,20,0,0,0,20,0,0,0,0,7,0,37.417947557869,127.611464186877
경기도교육청,양평교육지원청,다문초등학교병설유치원,공립(병설),김만겸,김만겸,19810301,19810301,경기도 양평군 용문면 다문중앙2길 27,070-5175-9676,031-773-3402,https://damoon-e.goeyp.kr,0900시0900분~1900시1900분,1,1,1,0,1,62,14,20,24,0,4,4,7,17,0,3,37.4863215112,127.5923487214
경기도교육청,양평교육지원청,대아초등학교병설유치원,공립(병설),홍영일,홍영일,19990901,19990901,경기도 양평군 방죽들길 5,031-771-4765,031-772-3762,https://ypdaea-e.goeyp.kr/ypdaea-e/main.do,0900시0900분~1700시1700분,0,0,0,1,0,18,0,0,0,18,0,0,0,0,12,0,37.5276388739,127.4156566151
경기도교육청,양평교육지원청,동산유치원,사립(사인),김진,이은진,19720105,19720302,경기도 양평군 시민로4번길 8,031-771-2603, ,http://cafe.daum.net/dongsan.kg,0800시0800분~1830시1830분,1,1,1,0,0,140,12,20,20,0,0,7,17,12,0,0,37.4886045243421,127.493293591675
경기도교육청,양평교육지원청,서종초등학교병설유치원,공립(병설),김영주,김영주,19850301,19850301,경기도 양평군 북한강로789번길 8,031-774-2241,031-773-6065,http://www.seojong.es.kr,0900시0900분~1900시1900분,0,0,0,1,0,16,0,0,0,16,0,0,0,0,5,0,37.609092168372,127.347770961913
경기도교육청,양평교육지원청,성림유치원,사립(사인),강진희,이화영,19811127,19820301,경기도 양평군 관문길22번길 25,031-771-4262,031-774-4269,http://www.seunglimkids.com/,0800시0800분~1800시1800분,0,0,0,2,0,80,0,0,0,42,0,0,0,0,37,0,37.493200711,127.4956666484
경기도교육청,양평교육지원청,세월초등학교병설유치원,공립(병설),최춘지,최춘지,19990113,19990301,경기도 양평군 강상면 세월길147번길 2,031-772-3507,031-772-9120,https://sewall-e.goeyp.kr/sewall-e/main.do,0900시0900분~1700시1700분,0,0,0,1,0,20,0,0,0,20,0,0,0,0,3,0,37.436053806,127.4951125671
경기도교육청,양평교육지원청,수입초등학교병설유치원,공립(병설),박상혁,박상혁,20000301,20000301,경기도 양평군 서종면 무드리2길 20,031-773-6184,031-773-6214,www.suip.es.kr,0840시0840분~1900시1900분,0,0,0,1,0,18,0,0,0,18,0,0,0,0,1,0,37.6445298296,127.3757388461
경기도교육청,양평교육지원청,양동초등학교고송분교장병설유치원,공립(병설),이현숙,이현숙,20070301,20070301,경기도 양평군 고송길 32-16,031-773-1174, , ,0900시0900분~1900시1900분,0,0,0,1,0,18,0,0,0,18,0,0,0,0,2,0,37.486409176,127.7005211426
경기도교육청,양평교육지원청,양동초등학교병설유치원,공립(병설),이현숙,이현숙,19810305,19810301,경기도 양평군 양동면 양동로 1671,031-770-8084,031-773-1170, ,0900시0900분~1900시1900분,0,0,0,1,0,18,0,0,0,18,0,0,0,0,6,0,37.4305312355,127.7506477482
경기도교육청,양평교육지원청,양서초등학교병설유치원,공립(병설),류근옥,류근옥,20100301,20100301,경기도 양평군 양서도곡길 8,031-772-7434,031-771-7614, ,0900시0900분~1900시1900분,0,0,0,1,0,18,0,0,0,18,0,0,0,0,2,0,37.5128512178804,127.383001334135
경기도교육청,양평교육지원청,양수초등학교병설유치원,공립(병설),박애경,박애경,19810302,19810301,경기도 양평군 양서면 용담3길 15,031-771-0569,031-771-3230,http://yangsu.es.kr,0900시0900분~1730시1730분,0,0,1,1,1,44,0,0,22,18,4,0,0,1,4,2,37.544917533,127.3249830055
경기도교육청,양평교육지원청,양평유치원,공립(단설),정경미,정경미,20160301,20160304,경기도 양평군 시민로24번길 49,031-775-6961,031-775-6965,https://yp-k.goeyp.kr,0800시0800분~1900시1900분,2,2,2,0,2,116,26,38,44,0,8,26,37,44,0,6,37.4872247008,127.4979017055
경기도교육청,양평교육지원청,양평하나유치원,사립(사인),박윤철,김혜인,19980220,19980220,경기도 양평군 충신로389번길 7,031-774-0021,031-774-0979, ,0730시0730분~1930시1930분,0,0,1,1,0,90,0,0,22,16,0,0,0,12,6,0,37.4744685172885,127.502151093132
경기도교육청,양평교육지원청,옥천초등학교병설유치원,공립(병설),김기동,김기동,19801230,19801230,경기도 양평군 옥천길 51,031-771-3453,031-772-5445, ,0900시0900분~1900시1900분,0,0,1,1,0,38,0,0,24,14,0,0,0,7,12,0,37.5197897114,127.4599955836
경기도교육청,양평교육지원청,용문초등학교병설유치원,공립(병설),박정현,박정현,19820302,19820302,경기도 양평군 용문로 837,031-774-3935, ,https://ymedu-e.goeyp.kr/ymedu-e/main.do,0900시0900분~1900시1900분,0,0,0,1,0,18,0,0,0,18,0,0,0,0,6,0,37.5100491592924,127.632919584732
경기도교육청,양평교육지원청,정배초등학교병설유치원,공립(병설),유미용,유미용,20140301,20140301,경기도 양평군 명덕길 10,031-774-7868,031-773-6215, ,0840시0840분~1730시1730분,0,0,0,1,0,18,0,0,0,18,0,0,0,0,2,0,37.6032538288,127.4238549327
경기도교육청,양평교육지원청,조현초등학교병설유치원,공립(병설),박성만,박성만,19820305,19820305,경기도 양평군 중원산로 157,031-774-2934,031-772-4940,http://www.johyeon.es.kr,0900시0900분~1900시1900분,0,0,0,1,0,18,0,0,0,18,0,0,0,0,8,0,37.5226755722,127.6156837033
경기도교육청,양평교육지원청,지평초등학교병설유치원,공립(병설),박기옥,박기옥,19810301,19810301,경기도 양평군 지평면 지평의병로 107,031-771-7705,031-773-7221,jipy.es.kr,0900시0900분~1800시1800분,0,0,0,1,1,22,0,0,0,18,4,0,0,0,8,1,37.4754571737,127.638601403
경기도교육청,여주교육지원청,강천초등학교병설유치원,공립(병설),차미란,차미란,19810301,19810301,경기도 여주군 강천면 간매3길 31,031-881-1356,031-881-1354,www.ges.es.kr,0900시0900분~1900시1900분,0,0,0,1,0,18,0,0,0,18,0,0,0,0,9,0,37.2691810388,127.7198316292
경기도교육청,여주교육지원청,금당초등학교병설유치원,공립(병설),이준혁,이준혁,19810312,19810312,경기도 여주군 가남면 가남로 649,031-881-5404,031-882-1941,www.gde.es.kr,0850시0850분~1900시1900분,0,0,0,1,0,18,0,0,0,18,0,0,0,0,4,0,37.1974367476,127.6062318685
경기도교육청,여주교육지원청,능북초등학교병설유치원,공립(병설),박재혁,박재혁,19810301,19810301,경기도 여주시 백석1길 8-16,031-884-5286,031-883-3426,https://neungbuk-e.goeyj.kr/neungbuk-e/main.do,0900시0900분~1900시1900분,0,0,0,1,0,18,0,0,0,18,0,0,0,0,2,0,37.3334316456813,127.591794360441
경기도교육청,여주교육지원청,능서초등학교병설유치원,공립(병설),이일현,이일현,19810301,19810301,경기도 여주시 세종대왕면 마장로 64,031-881-0848,031-883-7830,https://ns-e.goeyj.kr/ns-e/main.do,0900시0900분~1900시1900분,0,0,0,1,0,18,0,0,0,18,0,0,0,0,10,0,37.2985158775722,127.572736485514
경기도교육청,여주교육지원청,능현유치원,사립(사인),양부영,양부영,19931110,19931110,경기도 여주시 명성로 92,031-883-7066, , ,0800시0800분~1830시1830분,1,1,1,0,0,84,18,22,26,0,0,5,14,15,0,0,37.2587439078537,127.656804106012
경기도교육청,여주교육지원청,대신초등학교병설유치원,공립(병설),윤석길,윤석길,19810310,19810310,경기도 여주시 여양로 1440,031-881-2542,031-881-1143,https://daeshin-e.goeyj.kr,0840시0840분~1900시1900분,0,0,0,1,0,18,0,0,0,18,0,0,0,0,9,0,37.3752053592984,127.587352205352
경기도교육청,여주교육지원청,문장초등학교병설유치원,공립(병설),김명렬,김명렬,19830301,19830301,경기도 여주시 문바실길 20,031-884-0682, , ,0900시0900분~1900시1900분,0,0,0,1,0,20,0,0,0,20,0,0,0,0,2,0,37.3610788916098,127.512334906836
경기도교육청,여주교육지원청,북내초등학교병설유치원,공립(병설),김선영,김선영,19800301,19800301,경기도 여주군 북내면 여양2로 304,031-883-9567,031-883-9230,https://bn-e.goeyj.kr/,1300시1300분~1900시1900분,0,0,0,1,1,18,0,0,0,18,4,0,0,0,1,3,37.3303897283,127.6801756693
경기도교육청,여주교육지원청,상품초등학교병설유치원,공립(병설),우ㅇㅇ,우ㅇㅇ,19910201,19910301,경기도 여주군 산북면 금품1로 15,031-883-0077,031-882-9629,www.sangpum.es.kr,1300시1300분~1900시1900분,0,0,0,1,0,18,0,0,0,18,0,0,0,0,3,0,37.4045516742,127.4457275
경기도교육청,여주교육지원청,세종초등학교병설유치원,공립(병설),조성숙,조성숙,20050905,20050905,경기도 여주시 세종로 204-19,031-880-2680,031-882-0273,www.sejong.es.kr,0800시0800분~1900시1900분,1,1,1,0,0,58,14,20,24,0,0,10,18,20,0,0,37.2797972943,127.6338255293
경기도교육청,여주교육지원청,소화유치원,사립(법인),정은경,정은경,19541007,19550301,경기도 여주시 우암로 5,031-886-1278,031-886-1275,http://yeojusohwa.co.kr,0730시0730분~1930시1930분,3,2,2,0,0,150,44,44,44,0,0,33,44,43,0,0,37.2979146611894,127.634477064511
경기도교육청,여주교육지원청,송삼초등학교병설유치원,공립(병설),최건자,최건자,19850301,19850301,경기도 여주시 송삼로 165,031-881-3775, ,https://songsam-e.goeyj.kr,0900시0900분~1900시1900분,0,0,0,1,0,18,0,0,0,18,0,0,0,0,7,0,37.1765093269319,127.63398896553
경기도교육청,여주교육지원청,여주대학교부속유치원,사립(법인),우오현,김정주,20000302,20000302,경기도 여주시 세종로 338,031-880-5591,031-880-5592,http://www.yitkindergarten.co.kr,0900시0900분~1900시1900분,2,1,2,0,0,120,36,22,52,0,0,36,21,41,0,0,37.2685853846928,127.632480429685
경기도교육청,여주교육지원청,여주초등학교병설유치원,공립(병설),원용덕,원용덕,19820310,19820310,경기도 여주시 교동로 55,031-880-2972, ,https://yeoju-e.goeyj.kr,1300시1300분~1900시1900분,2,2,2,0,1,121,28,40,48,0,5,19,25,24,0,5,37.2987017268,127.6359272362
경기도교육청,여주교육지원청,여흥초등학교병설유치원,공립(병설),손용찬,손용찬,19810301,19810301,경기도 여주시 여양로 91,031-880-8480,031-886-2329,https://yhes-e.goeyj.kr/yhes-e/main.do,0820시0820분~1900시1900분,1,1,1,0,2,66,14,20,24,0,8,4,4,18,0,6,37.2935301671,127.6430191281
경기도교육청,여주교육지원청,연라초등학교병설유치원,공립(병설),정호동,정호동,19990310,19990310,경기도 여주시 여주남로 116,031-884-3067,031-884-0468,https://yeonra-e.goeyj.kr/,0900시0900분~1900시1900분,0,0,0,1,0,18,0,0,0,18,0,0,0,0,6,0,37.2774553886056,127.611251053623
경기도교육청,여주교육지원청,오산초등학교병설유치원,공립(병설),김미정,김미정,19810213,19810213,경기도 여주시 양화로 168,031-884-4423,031-881-2331,http://www.yjosan.es.kr,0900시0900분~1700시1700분,0,0,0,1,0,18,0,0,0,18,0,0,0,0,2,0,37.2388802514,127.5593808453
경기도교육청,여주교육지원청,오학초등학교병설유치원,공립(병설),강기호,강기호,19980605,19980605,경기도 여주시 도예로 117,031-883-8115, ,https://ohak-e.goeyj.kr,0800시0800분~1900시1900분,1,1,1,0,1,62,14,20,24,0,4,4,8,17,0,4,37.31243906373,127.647898595624
경기도교육청,여주교육지원청,이포초등학교병설유치원,공립(병설),마송희,마송희,19810310,19810310,경기도 여주시 이여로 1237,031-882-2570,031-884-2490,http://www.ipo.es.kr,0830시0830분~1900시1900분,0,0,0,1,0,20,0,0,0,20,0,0,0,0,3,0,37.3890998547349,127.529834852249
경기도교육청,여주교육지원청,임당유치원,사립(사인),임정순 정규호,임정순,20070301,20070301,경기도 여주시 대명산1길 26,031-884-8990,031-884-8991, ,0800시0800분~1830시1830분,1,1,1,0,0,128,32,44,52,0,0,5,10,14,0,0,37.2062114718863,127.537024760508
경기도교육청,여주교육지원청,재능유치원,사립(사인),이순자,이순자,19901228,19901228,경기도 여주시 세종로237번길 35,031-882-1475,031-886-1475,http://jaenung.co.kr,0740시0740분~1930시1930분,2,2,2,0,0,180,60,60,60,0,0,16,32,26,0,0,37.2773635717813,127.642279019682
경기도교육청,여주교육지원청,점동초등학교병설유치원,공립(병설),김동성,김동성,19810301,19810301,경기도 여주군 점동면 청안로 106,031-882-2213,031-881-6712,www.jde.es.kr,0900시0900분~1900시1900분,0,0,0,1,4,26,0,0,0,18,16,0,0,0,2,12,37.2045901916,127.6627469596
경기도교육청,여주교육지원청,점봉초등학교병설유치원,공립(병설),유영부,유영부,19820301,19820301,경기도 여주시 세종로 488-4,031-881-6607,031-881-6605,www.jbe.es.kr,1300시1300분~1900시1900분,0,0,0,1,0,20,0,0,0,20,0,0,0,0,5,0,37.2569036827,127.6451488745
경기도교육청,여주교육지원청,천남초등학교병설유치원,공립(병설),전진규,전진규,19810301,19810301,경기도 여주시 참샘2길 1,031-881-4068,031-884-6387,https://chonnam-e.goeyj.kr,0900시0900분~1900시1900분,0,0,0,1,0,18,0,0,0,18,0,0,0,0,12,0,37.3458506956,127.6313187984
경기도교육청,여주교육지원청,해님유치원,사립(사인),김웅분,이세나,20080501,20080501,경기도 여주시 월평로 11,031-885-5484,031-884-5484,https://blog.naver.com/haenim5484,0700시0700분~1930시1930분,2,1,1,0,0,78,16,15,20,0,0,14,12,19,0,0,37.2763828910794,127.611071252385
경기도교육청,여주교육지원청,흥천초등학교병설유치원,공립(병설),배향원,배향원,19810301,19810301,경기도 여주시 흥천면 효자로 155,031-881-0344,031-884-6966,www.heungcheon.es.kr,0900시0900분~1900시1900분,0,0,0,1,0,18,0,0,0,18,0,0,0,0,5,0,37.3328337117,127.5409169561
경기도교육청,연천교육지원청,군남초등학교병설유치원,공립(병설),김태훈,김태훈,19810309,19810309,경기도 연천군 진상17길 46,031-833-1970,031-833-3697, ,1300시1300분~1900시1900분,0,0,0,1,0,20,0,0,0,20,0,0,0,0,4,0,38.0667147588898,127.016326426295
경기도교육청,연천교육지원청,궁평초등학교병설유치원,공립(병설),장영희,장영희,19810309,19810309,경기도 연천군 궁평로45번길 52,031-835-1116,031-835-3490,https://gungpyung-e.goeyc.kr/gungpyung-e/main.do,0900시0900분~1900시1900분,0,0,0,1,0,20,0,0,0,20,0,0,0,0,8,0,38.0281193864,127.1040046653
경기도교육청,연천교육지원청,대광초등학교병설유치원,공립(병설),강석칠,강석칠,19810301,19810301,경기도 연천군 연신로 1127-1,031-834-1579,031-834-8435,http://www.taegwwang.es.kr.,1300시1300분~1900시1900분,0,0,0,1,0,20,0,0,0,20,0,0,0,0,7,0,38.182472839779,127.104385846015
경기도교육청,연천교육지원청,백의초등학교병설유치원,공립(병설),임수환,임수환,19810301,19810301,경기도 연천군 청창로726번길 38,031-835-8736,031-835-8735,https://baekuyi-e.goeyc.kr/baekuyi-e/main.do,1300시1300분~1900시1900분,0,0,0,1,0,18,0,0,0,18,0,0,0,0,3,0,38.0226672196814,127.133655146249
경기도교육청,연천교육지원청,백학초등학교병설유치원,공립(병설),박경재,박경재,19810305,19810305,경기도 연천군 백학면 백학로40번길 23,031-835-5011,031-835-6349,https://baekhak-e.goeyc.kr/baekhak-e/main.do,1300시1300분~1900시1900분,0,0,0,1,0,20,0,0,0,20,0,0,0,0,2,0,38.0325784915,126.9214485722
경기도교육청,연천교육지원청,본원유치원,사립(사인),윤자현,문성엽,19920201,19920225,경기도 연천군 선사로398번길 9,031-832-5892,031-832-5895, ,0900시0900분~1700시1700분,1,1,1,0,0,130,16,22,26,0,0,7,12,22,0,0,38.0250022565686,127.074202053733
경기도교육청,연천교육지원청,상리초등학교병설유치원,공립(병설),양애현,양애현,19810301,19810309,경기도 연천군 연천읍 상리로 70,031-834-7743,031-834-2618,www.sre.es.kr,0830시0830분~1900시1900분,0,0,0,1,0,20,0,0,0,20,0,0,0,0,5,0,38.1452077813,127.0681666722
경기도교육청,연천교육지원청,연천노곡초등학교병설유치원,공립(병설),박기천,박기천,19810301,19810301,경기도 연천군 진목로 26,031-835-8159,031-835-8593,https://ycnogok-e.goeyc.kr,1300시1300분~1700시1700분,0,0,0,1,0,18,0,0,0,18,0,0,0,0,7,0,37.9980980562,126.9170071779
경기도교육청,연천교육지원청,연천왕산초등학교병설유치원,공립(병설),손난영,손난영,19810301,19810301,경기도 연천군 왕산로 15,031-833-6001,031-833-8807, ,1300시1300분~1700시1700분,0,0,0,1,0,18,0,0,0,18,0,0,0,0,7,0,38.0557972585,127.0118731172
경기도교육청,연천교육지원청,연천초등학교병설유치원,공립(병설),조영진,조영진,19810301,19810309,경기도 연천군 연천로 228,031-834-8062,031-834-4112,http://www.yonchon-e.es.kr,1300시1300분~1900시1900분,0,0,1,1,0,38,0,0,24,14,0,0,0,10,10,0,38.0974679772104,127.075347923537
경기도교육청,연천교육지원청,온골유치원,공립(단설),장필남,장필남,20110301,20110301,경기도 연천군 전곡읍 전곡로 56,031-833-0613,031-832-2195,https://ongoll-k.goeyc.kr,0800시0800분~1900시1900분,2,2,2,0,1,116,28,40,48,0,4,15,21,41,0,4,38.0185646133,127.0737930344
경기도교육청,연천교육지원청,초성초등학교병설유치원,공립(병설),신상우,신상우,19830316,19830316,경기도 연천군 학담로 104,031-832-9780,031-832-9780,https://chosung-e.goeyc.kr/chosung-e/main.do,1300시1300분~1900시1900분,0,0,0,1,0,18,0,0,0,18,0,0,0,0,1,0,37.998481308,127.0730086227
경기도교육청,연천교육지원청,한여울유치원,사립(법인),최순호,최순호,19940101,19940101,경기도 연천군 전은길 14,031-832-4720,031-832-4730,https://www.instagram.com/hanyeoul_kindergarten?igsh=MWNwdW9iZGxodWMxNQ,0800시0800분~1830시1830분,1,2,2,0,0,110,16,44,50,0,0,16,28,39,0,0,38.0311415748062,127.071666084629
경기도교육청,용인교육지원청,가람유치원,사립(사인),신수한,김은하,20030301,20030303,경기도 용인시 기흥구 중부대로55번길 10-18,031-206-0901,031-206-0912,http://garamyua.kidis.co.kr/,0900시0900분~1830시1830분,1,1,1,0,0,70,15,15,15,0,0,10,12,12,0,0,37.2675642641601,127.077578696285
경기도교육청,용인교육지원청,갈곡초등학교병설유치원,공립(병설),유연숙,유연숙,20050301,20050301,경기도 용인시 기흥구 강남동로 61,031-285-9665, , ,0900시0900분~1900시1900분,0,0,0,1,0,18,0,0,0,18,0,0,0,0,6,0,37.2712832964,127.1332519859
경기도교육청,용인교육지원청,강남대학교사범대학부설유치원,사립(법인),정대인,박희숙,20100412,20100503,경기도 용인시 기흥구 강남로 40,031-275-0061,031-275-0069,http://www.knukids.com,1300시1300분~1800시1800분,2,2,2,0,0,200,36,44,40,0,0,22,36,37,0,0,37.2777184122189,127.13443337509
경기도교육청,용인교육지원청,강남유치원,사립(사인),최윤철,차영숙,20041122,20041122,경기도 용인시 기흥구 강남동로114번길 6,031-275-7171,031-275-7172, ,0900시0900분~1830시1830분,2,3,3,0,0,240,36,66,78,0,0,36,66,66,0,0,37.2738771212942,127.136925657166
경기도교육청,용인교육지원청,경희유치원,사립(사인),이은주,이채원,20191024,20200302,경기도 용인시 기흥구 서천동로21번길 6-2,031-202-1570,031-204-1570, ,0800시0800분~1900시1900분,5,4,3,0,0,254,90,86,78,0,0,90,86,78,0,0,37.2382394026392,127.076814203251
경기도교육청,용인교육지원청,고기초등학교병설유치원,공립(병설),정명희,정명희,19850301,19850301,경기도 용인시 수지구 고기로 385,031-263-9775,031-262-1478,www.kogi.es.kr,0900시0900분~1900시1900분,0,0,0,1,0,20,0,0,0,20,0,0,0,0,12,0,37.3587375412,127.065527647
경기도교육청,용인교육지원청,고림초등학교병설유치원,공립(병설),하경자,하경자,20020302,20020302,경기도 용인시 처인구 한터로152번길 22,031-321-0734,031-321-0797,http://www.gorim.es.kr,0900시0900분~1900시1900분,0,1,1,0,0,44,0,20,24,0,0,0,5,16,0,0,37.2474197983,127.2270746408
경기도교육청,용인교육지원청,고은유치원,사립(사인),한경미,최경주,20090401,20090401,경기도 용인시 처인구 석성로1069번길 8,031-334-4534,031-334-0600, ,0730시0730분~1930시1930분,1,1,1,0,0,215,18,22,25,0,0,8,11,9,0,0,37.2759824631676,127.213714248237
경기도교육청,용인교육지원청,고진초등학교병설유치원,공립(병설),전은정,전은정,20240302,20240302,경기도 용인시 처인구 고림로 165-1,031-690-8571, ,https://gojin-e.goeyi.kr,1300시1300분~1900시1900분,1,1,1,0,1,62,14,20,24,0,4,12,12,24,0,4,37.2474651415534,127.218592399646
경기도교육청,용인교육지원청,관곡초등학교병설유치원,공립(병설),배정환,배정환,20020301,20020301,경기도 용인시 기흥구 관곡로 61,031-283-7634,031-282-1445,http://www.gwan-gok.es.kr,1330시1330분~1900시1900분,0,0,0,1,0,20,0,0,0,20,0,0,0,0,13,0,37.2829790387,127.1137392619
경기도교육청,용인교육지원청,교동초등학교병설유치원,공립(병설),허경임,허경임,20030307,20030307,경기도 용인시 기흥구 마북로 124-10,031-287-6148,031-287-6145,http://www.kyunggi-kyodong.es.k,1300시1300분~1900시1900분,0,0,1,0,0,24,0,0,24,0,0,0,0,6,0,0,37.2999804966,127.1224872303
경기도교육청,용인교육지원청,구갈성민유치원,사립(사인),이금주,황효진,20011221,20011221,경기도 용인시 기흥구 관곡로64번길 6-1,031-285-6544,031-284-6545,https://www.sungmin-i.com/,0830시0830분~1800시1800분,4,3,3,0,0,345,72,66,78,0,0,60,63,78,0,0,37.2820478286359,127.112614596058
경기도교육청,용인교육지원청,구성초등학교병설유치원,공립(병설),정수근,정수근,19820118,19820301,경기도 용인시 기흥구 구성로 51,031-284-1117,031-283-6242,www.kusung.es.kr,1300시1300분~1900시1900분,1,1,1,0,0,58,14,20,24,0,0,14,15,21,0,0,37.2954282942,127.1154343658
경기도교육청,용인교육지원청,나곡초등학교병설유치원,공립(병설),박연자,박연자,20030301,20030301,경기도 용인시 기흥구 사은로126번길 26,031-274-6004,031-274-6196,www.nagok.es.kr,0900시0900분~1700시1700분,0,0,1,0,0,24,0,0,24,0,0,0,0,8,0,0,37.2535512723,127.1196257747
경기도교육청,용인교육지원청,나리유치원,사립(사인),신규교,정옥희,19970913,19970913,경기도 용인시 수지구 용구대로2771번길 80,031-264-0900, , ,0800시0800분~1900시1900분,2,2,2,0,0,250,32,44,52,0,0,27,34,22,0,0,37.3371155954318,127.104721748001
경기도교육청,용인교육지원청,나산초등학교병설유치원,공립(병설),양미란,양미란,20070301,20070301,경기도 용인시 기흥구 한보라1로43번길 8,031-8020-4180,031-8020-4189,nasan-p-e.goeyi.kr,0900시0900분~1900시1900분,0,0,0,1,0,18,0,0,0,18,0,0,0,0,8,0,37.2503837688,127.1093855087
경기도교육청,용인교육지원청,남곡초등학교병설유치원,공립(병설),이영만,이영만,20180917,20180917,경기도 용인시 처인구 남사읍 한숲로 110,031-5183-8180,031-337-3142,https://www.goeyi.kr/namgok-e/main.do,1300시1300분~1900시1900분,1,1,1,0,1,62,14,20,24,0,4,8,4,6,0,4,37.1578380898,127.1748334733
경기도교육청,용인교육지원청,남사초등학교병설유치원,공립(병설),김종봉,김종봉,19801027,19810302,경기도 용인시 처인구 처인성로185번길 9-10,031-333-9711, ,http://www.namsacho.es.kr,0900시0900분~1700시1700분,0,0,0,1,0,20,0,0,0,18,0,0,0,0,3,0,37.1137442681,127.1484809036
경기도교육청,용인교육지원청,남촌초등학교병설유치원,공립(병설),김 희 자,김 희 자,19810301,19810301,경기도 용인시 처인구 천덕산로 330,031-332-7503,031-333-0898,https://namchon-e.goeyi.kr/,1300시1300분~1700시1700분,0,0,0,1,0,18,0,0,0,18,0,0,0,0,5,0,37.1017402096,127.1368731417
경기도교육청,용인교육지원청,능원초등학교병설유치원,공립(병설),김은희,김은희,19830310,19830310,경기도 용인시 처인구 충렬로8번길 29,031-334-6284,031-333-8590, ,1300시1300분~1700시1700분,0,0,0,3,0,18,0,0,0,18,0,0,0,0,3,0,37.3427840164,127.1750726533
경기도교육청,용인교육지원청,대지초등학교병설유치원,공립(병설),손영순,손영순,19800309,19800309,경기도 용인시 수지구 대지로51번길 6,031-546-7187,031-546-7172,http://www.daiji.es.kr,0900시0900분~1730시1730분,0,0,1,0,0,24,0,0,24,0,0,0,0,7,0,0,37.3299550715,127.1159709423
경기도교육청,용인교육지원청,도담유치원,사립(사인),최원경,노영이,19991201,19991201,경기도 용인시 수지구 진산로 24,031-264-2344,031-272-0797, ,0900시0900분~1900시1900분,1,1,1,0,0,100,18,22,24,0,0,13,22,23,0,0,37.3132045787986,127.092001414825
경기도교육청,용인교육지원청,도현초등학교병설유치원,공립(병설),연승희,연승희,20250301,20250304,경기도 용인시 처인구 모현읍 왕산로 15,031-526-6913,031-526-6914, ,0900시0900분~1900시1900분,1,1,1,0,1,62,14,20,24,0,4,13,18,22,0,5,37.3461830569,127.2569538049
경기도교육청,용인교육지원청,독정초등학교병설유치원,공립(병설),신미영,신미영,20040304,20040304,경기도 용인시 기흥구 보정로 100,031-896-1631,031-896-1687,http://www.dokjeong.es.kr,0900시0900분~1730시1730분,0,0,1,0,0,24,0,0,24,0,0,0,0,6,0,0,37.3188698581,127.1162665045
경기도교육청,용인교육지원청,동그라미유치원,사립(사인),임양순,임양순,19850301,19850301,경기도 용인시 처인구 명지로 77-12,031-332-0607,031-322-8974, ,0800시0800분~1900시1900분,3,3,2,0,0,314,48,66,52,0,0,33,66,48,0,0,37.2291922748155,127.189985781125
경기도교육청,용인교육지원청,동막초등학교병설유치원,공립(병설),오은주,오은주,20060302,20060302,경기도 용인시 기흥구 동백8로 39,031-693-5025,031-8005-5021,http://www.dong-mak.es.kr,1300시1300분~1900시1900분,0,1,1,0,1,48,0,20,24,0,4,0,6,18,0,4,37.286079956,127.1555390965
경기도교육청,용인교육지원청,동백유치원,공립(단설),이민애,이민애,20130605,20140301,경기도 용인시 기흥구 동백5로 111,031-284-6797,031-282-7900,http://dong100-k.goeyi.kr,0800시0800분~1900시1900분,2,2,2,0,2,116,28,40,48,0,8,25,32,36,0,6,37.2757800394,127.1615925227
경기도교육청,용인교육지원청,동백초등학교병설유치원,공립(병설),원창국,원창국,20060301,20060301,경기도 용인시 기흥구 동백평촌로 69,031-300-2990,031-693-8577,https://yidb-e.goeyi.kr/yidb-e/main.do,1300시1300분~1900시1900분,0,1,1,0,1,44,0,20,24,0,4,0,4,16,0,0,37.2805513598,127.156353139
경기도교육청,용인교육지원청,동아유치원,사립(사인),김성환,김성환,19860601,19860601,경기도 용인시 수지구 신봉1로 52-10,031-263-0583,031-265-0510,http://www.dongakids.or.kr,0900시0900분~1900시1900분,4,3,5,0,0,335,72,66,120,0,0,68,66,110,0,0,37.3231515363788,127.079425569465
경기도교육청,용인교육지원청,동천초등학교병설유치원,공립(병설),김계형,김계형,20020301,20020301,경기도 용인시 수지구 고기로 71,031-272-1302,031-272-1286,www.dongcheon1.es.kr,1300시1300분~1900시1900분,0,0,0,1,0,20,0,0,0,20,0,0,0,0,4,0,37.3444122197,127.0943107889
경기도교육청,용인교육지원청,둔전제일초등학교병설유치원,공립(병설),정은희,정은희,20090301,20090301,경기도 용인시 처인구 포곡로141번길 28,031-337-3287, , ,0900시0900분~1900시1900분,0,0,1,1,1,38,0,0,24,14,4,0,0,5,4,3,37.2736104225357,127.218786365722
경기도교육청,용인교육지원청,매봉초등학교병설유치원,공립(병설),황현금,황현금,20130301,20130304,경기도 용인시 수지구 수지로 75-1,031-265-9405,031-265-9404, ,0900시0900분~1700시1700분,0,1,1,0,0,44,0,20,24,0,0,0,12,9,0,0,37.3100379364,127.073325121
경기도교육청,용인교육지원청,미래샘유치원,사립(사인),김태호,김주련,20060221,20060301,경기도 용인시 기흥구 한일로23번길 5,031-285-2003,031-287-0215,https://miresem.co.kr,0740시0740분~1930시1930분,3,2,3,0,0,297,48,48,72,0,0,35,40,50,0,0,37.244937527506,127.101276438691
경기도교육청,용인교육지원청,미래숲유치원,사립(사인),노정아,전혜숙,20151228,20160301,경기도 용인시 기흥구 이현로 86-4,031-262-0105,031-265-8114,http://mforest.co.kr/,0750시0750분~1830시1830분,3,2,2,0,0,300,54,44,52,0,0,42,40,46,0,0,37.3103949689,127.0940617693
경기도교육청,용인교육지원청,바나유치원,사립(사인),김미경,김미경,20141112,20150302,경기도 용인시 기흥구 마북로 112,031-283-9190, , ,0800시0800분~1900시1900분,3,3,3,0,0,240,54,66,78,0,0,48,40,71,0,0,37.3004780613826,127.120794367128
경기도교육청,용인교육지원청,백봉초등학교병설유치원,공립(병설),오양식,오양식,19850902,19850902,경기도 용인시 처인구 죽양대로748번길 12,031-332-4937, , ,0800시0800분~1900시1900분,0,0,0,1,0,20,0,0,0,20,0,0,0,0,6,0,37.1373776967,127.4006560208
경기도교육청,용인교육지원청,백암초등학교병설유치원,공립(병설),하춘식,하춘식,19810310,19810310,경기도 용인시 처인구 백암면 백원로 501,031-334-4389,031-334-5202,https://packam-e.goeyi.kr,0830시0830분~1900시1900분,0,0,0,1,0,18,0,0,0,18,0,0,0,0,5,0,37.1643407637,127.3681149809
경기도교육청,용인교육지원청,베스아이유치원,사립(사인),이은정 이지은,강민지,20160129,20160129,경기도 용인시 수지구 고기로139번길 26,031-889-1818,031-897-1818,http://best-i.kg.kr,0900시0900분~1800시1800분,5,4,3,0,0,320,90,88,78,0,0,81,61,62,0,0,37.3477038076216,127.086424264588
경기도교육청,용인교육지원청,보라초등학교병설유치원,공립(병설),오재길,오재길,19850901,19850901,경기도 용인시 기흥구 금화로105번길 33,031-282-2772,031-281-6321,https://bora-e.goeyi.kr/bora-e/main.do,0900시0900분~1700시1700분,0,0,0,1,0,18,0,0,0,18,0,0,0,0,9,0,37.2633466928999,127.106637920344
경기도교육청,용인교육지원청,보정초등학교병설유치원,공립(병설),민동섭,민동섭,20020301,20020301,경기도 용인시 기흥구 신촌로73번길 28,031-272-7323,031-272-7324,www.bojeong-e.goeyi.kr,0750시0750분~1900시1900분,0,0,0,1,0,20,0,0,0,20,0,0,0,0,16,0,37.3091052449,127.1107894273
경기도교육청,용인교육지원청,삼가초등학교병설유치원,공립(병설),이한배,이한배,20050308,20050308,경기도 용인시 처인구 중부대로1158번길 45,031-323-4308,031-323-4306, ,1300시1300분~1800시1800분,0,0,0,1,0,20,0,0,0,20,0,0,0,0,5,0,37.2367114433954,127.170496112529
경기도교육청,용인교육지원청,상갈초등학교병설유치원,공립(병설),김주원,김주원,20030301,20030301,경기도 용인시 기흥구 금화로58번길 17,031-274-1743,031-274-1747,https://sanggal-e.goeyi.kr,1300시1300분~1900시1900분,0,0,0,1,0,20,0,0,0,20,0,0,0,0,5,0,37.2642507773,127.1109978254
경기도교육청,용인교육지원청,상하초등학교병설유치원,공립(병설),김진순,김진순,20030301,20030301,경기도 용인시 기흥구 중부대로788번길 27,031-281-3123, ,https://sang-ha-e.goeyi.kr,0800시0800분~1700시1700분,0,0,0,1,0,18,0,0,0,18,0,0,0,0,13,0,37.2570284072,127.1405397308
경기도교육청,용인교육지원청,새빛초등학교병설유치원,공립(병설),박효정,박효정,20120301,20120309,경기도 용인시 수지구 광교마을로 63,031-8007-0892,031-8007-0810,http://www.saebit.es.kr,1300시1300분~1900시1900분,1,1,1,0,0,58,14,20,24,0,0,13,15,17,0,0,37.2989926466,127.072420662
경기도교육청,용인교육지원청,샘말초등학교병설유치원,공립(병설),김철애,김철애,20170901,20170901,경기도 용인시 기흥구 흥덕중앙로105번길 9,031-214-9610, ,https://y-sm-e.goeyi.kr/y-sm-e/na/ntt/selectNttList.do?mi=20848&bbsId=12708,0900시0900분~1900시1900분,1,1,1,0,0,58,14,20,24,0,0,14,12,23,0,0,37.27733746,127.078184769
경기도교육청,용인교육지원청,샛별유치원,사립(사인),최원경,박슬아(직무대리),19940816,19940816,경기도 용인시 기흥구 구갈로28번길 21-21,031-282-3128,031-548-1513, ,0800시0800분~1900시1900분,1,2,2,0,0,128,32,44,52,0,0,11,20,22,0,0,37.2794491965927,127.113468975402
경기도교육청,용인교육지원청,서농초등학교병설유치원,공립(병설),김학현,김학현,20110901,20110901,경기도 용인시 기흥구 서천동로21번길 5,031-206-9211,031-206-9207,https://seonong-e.goeyi.kr/seonong-e/main.do,0900시0900분~1900시1900분,1,1,1,0,1,62,14,20,24,0,4,10,7,20,0,3,37.2401543453,127.0784284056
경기도교육청,용인교육지원청,서룡초등학교병설유치원,공립(병설),김준태,김준태,19860301,19860301,경기도 용인시 처인구 중부대로1281번길 11,031-338-7420,031-336-2650, ,0900시0900분~1900시1900분,0,0,1,1,0,44,0,0,24,14,0,0,0,5,3,0,37.23817533947,127.186438438403
경기도교육청,용인교육지원청,서원초등학교병설유치원,공립(병설),김하진,김하진,20000105,20020301,경기도 용인시 수지구 상현로 45,031-266-2599,031-266-2295,http://www.seowon.es.kr,1300시1300분~1700시1700분,0,0,1,0,0,24,0,0,24,0,0,0,0,8,0,0,37.3033705706,127.0791746691
경기도교육청,용인교육지원청,서천초등학교병설유치원,공립(병설),박주화,박주화,20020525,20030301,경기도 용인시 기흥구 서그내로62번길 6,031-273-0945,031-273-0940,www.s1000.es.kr,1300시1300분~1700시1700분,0,0,1,0,0,24,0,0,24,0,0,0,0,8,0,0,37.2430935042,127.0721602849
경기도교육청,용인교육지원청,석성숲유치원,사립(사인),신정수,임은정,20140219,20140303,경기도 용인시 기흥구 동백중앙로16번길 50,0312870671,031-274-5696,http://www.ssf.kg.kr/,0800시0800분~1800시1800분,3,2,2,0,0,282,45,40,40,0,0,18,25,21,0,0,37.2586211567121,127.167684915682
경기도교육청,용인교육지원청,석성초등학교병설유치원,공립(병설),이동현,이동현,20060301,20060301,경기도 용인시 기흥구 동백2로 53,031-693-8826,031-693-8824, ,0900시0900분~1700시1700분,0,0,0,1,0,18,0,0,0,18,0,0,0,0,1,0,37.2703561274816,127.158070235743
경기도교육청,용인교육지원청,석현초등학교병설유치원,공립(병설),전인현,전인현,20090901,20090901,경기도 용인시 기흥구 흥덕3로 42,031-217-5137, ,https://y-sh-e.goeyi.kr/y-sh-e/main.do,0900시0900분~1700시1700분,0,0,1,1,0,38,0,0,24,14,0,0,0,5,9,0,37.2727865074552,127.083048187837
경기도교육청,용인교육지원청,성모유치원,사립(법인),이재선,이재선,20080829,20080829,경기도 용인시 기흥구 예현로 41,031-273-1123,031-202-1126, ,0730시0730분~1900시1900분,1,1,1,0,0,132,16,20,22,0,0,5,12,13,0,0,37.2435558105168,127.066675900978
경기도교육청,용인교육지원청,성민유치원,사립(사인),박은식,조춘희,19950412,19950412,경기도 용인시 수지구 풍덕천로148번길 11,031-263-0141,031-272-0689,http://www.sungmin-i.com,0830시0830분~1830시1830분,3,3,3,0,0,194,54,66,74,0,0,54,66,70,0,0,37.3234506541984,127.098588363291
경기도교육청,용인교육지원청,성복초등학교병설유치원,공립(병설),강현주,강현주,20020301,20020301,경기도 용인시 수지구 성복2로78번길 52,031-266-4588,031-266-2205,http://www.sungbok.es.kr/wah/main/index.htm,0900시0900분~1700시1700분,0,0,1,0,0,24,0,0,24,0,0,0,0,8,0,0,37.3195423823402,127.078159832972
경기도교육청,용인교육지원청,성서초등학교병설유치원,공립(병설),윤명자,윤명자,20100906,20100906,경기도 용인시 수지구 성복2로 210,031-896-7702, , ,0900시0900분~1900시1900분,0,1,1,0,0,44,0,20,24,0,0,0,6,10,0,0,37.3204440546,127.06504278
경기도교육청,용인교육지원청,성음유치원,사립(법인),오혁모,김현란,19990226,19990226,경기도 용인시 수지구 용구대로 2718,031-264-5303,031-272-0739,http://seongeum.or.kr,0800시0800분~1830시1830분,1,2,1,0,0,180,18,44,26,0,0,10,20,13,0,0,37.328538484037274,127.10932528876995
경기도교육청,용인교육지원청,성체유치원,사립(법인),이정남,이정남,19780227,19780313,경기도 용인시 처인구 백옥대로1832번길 40,031-332-5410,031-339-5410,https://sungche.modoo.at/?link=2yjg2jvi,0800시0800분~1800시1800분,2,3,2,0,0,315,32,66,48,0,0,30,52,32,0,0,37.2887160485724,127.238857464072
경기도교육청,용인교육지원청,소현초등학교병설유치원,공립(병설),배미랑,배미랑,20040130,20040130,경기도 용인시 수지구 만현로133번길 78,031-261-8143,031-261-9143,https://sohyun-e.goeyi.kr/sohyun-e/main.do,0840시0840분~1900시1900분,2,2,2,0,0,116,28,40,48,0,0,18,32,36,0,0,37.3019242703998,127.09243336749
경기도교육청,용인교육지원청,손곡초등학교병설유치원,공립(병설),정선이,정선이,20050301,20050301,경기도 용인시 수지구 손곡로 68,031-262-4987,031-262-4281,http://www.songok.es.kr,1300시1300분~1700시1700분,0,0,1,0,0,24,0,0,24,0,0,0,0,5,0,0,37.336446451,127.0947699672
경기도교육청,용인교육지원청,솔개초등학교병설유치원,공립(병설),김동식,김동식(직무대리),20030307,20030307,경기도 용인시 수지구 상현로 79,031-8014-9370,031-266-9749, ,1300시1300분~1700시1700분,0,0,1,0,1,24,0,0,23,0,1,0,0,4,0,1,37.3057989595551,127.081729769873
경기도교육청,용인교육지원청,송전초등학교병설유치원,공립(병설),김용수,김용수,19810301,19810301,경기도 용인시 처인구 경기동로687번길 14,031-336-6133,031-335-5414,http://www.songjeon.es.kr,0900시0900분~1900시1900분,0,0,0,1,0,18,0,0,0,18,0,0,0,0,8,0,37.1408167874,127.1986339525
경기도교육청,용인교육지원청,수지누리유치원,공립(단설),김미애,김미애,20200301,20200301,경기도 용인시 수지구 문인로31번길 7-52,031-8067-6377,031-8067-6379,https://sjnr-k.goeyi.kr,0800시0800분~1900시1900분,2,2,2,0,1,116,28,40,48,0,4,27,38,42,0,1,37.3321504511,127.100375853
경기도교육청,용인교육지원청,수지동아유치원,사립(사인),김기웅,김기웅,20131120,20140301,경기도 용인시 수지구 신봉1로 52-10,031-265-0583,031-265-0510,http://www.dongakids.or.kr,0900시0900분~1900시1900분,3,3,0,0,0,122,54,66,0,0,0,54,63,0,0,0,37.3231515363788,127.079425569465
경기도교육청,용인교육지원청,수지아이뜰유치원,사립(사인),홍성희,홍성희,20150601,20150601,경기도 용인시 수지구 만현로67번길 34-10,031-263-0110,031-265-4983,http://www.iddeulkinder.co.kr,0900시0900분~1900시1900분,5,6,6,0,0,384,90,132,154,0,0,90,132,154,0,0,37.3072110395486,127.090899035573
경기도교육청,용인교육지원청,수지초등학교병설유치원,공립(병설),한성은,한성은,19810202,19810302,경기도 용인시 수지구 정평로13번길 30,031-262-0317,031-262-4479,https://suji-e.goeyi.kr,1300시1300분~1900시1900분,1,1,1,0,1,62,14,20,24,0,4,12,13,22,0,2,37.3167417532359,127.08529540969
경기도교육청,용인교육지원청,숲리라유치원,사립(사인),라덕수,김주경,20121115,20130301,경기도 용인시 기흥구 흥덕4로30번길 34,031-216-6883,031-215-9963, ,0800시0800분~1900시1900분,5,5,4,0,0,405,90,110,104,0,0,90,104,104,0,0,37.2726571683596,127.093286220676
경기도교육청,용인교육지원청,숲속하늘유치원,사립(사인),백차녀,백차녀,20131217,20140301,경기도 용인시 기흥구 동백중앙로54번길 30,031-282-8822,031-284-5511,http://www.sh-kids.com,0830시0830분~1830시1830분,4,4,2,0,0,218,62,67,53,0,0,62,67,53,0,0,37.262511075975,127.164623604671
경기도교육청,용인교육지원청,신갈초등학교병설유치원,공립(병설),김복자,김복자,19910306,19910306,경기도 용인시 기흥구 신갈로 76,031-285-8287,031-281-5417,https://shingal-e.goeyi.kr/shingal-e/cm/cntnts/cntntsView.do?mi=8536&cntntsId=1548,0800시0800분~1900시1900분,1,1,1,0,3,70,14,20,24,0,12,10,11,15,0,8,37.2740140726,127.1067149586
경기도교육청,용인교육지원청,신월초등학교병설유치원,공립(병설),한지원,한지원,20020305,20020305,경기도 용인시 수지구 풍덕천로 86,031-265-7218,031-265-7017,https://sinwol-e.goeyi.kr/sinwol-e/main.do,1300시1300분~1700시1700분,1,1,1,0,1,62,14,20,24,0,4,3,8,14,0,4,37.3209719418105,127.093339206389
경기도교육청,용인교육지원청,신일초등학교병설유치원,공립(병설),남기화,남기화,20060301,20060301,경기도 용인시 수지구 신봉2로48번길 28,031-896-4818, ,https://sinil4u-e.goeyi.kr/sinil4u-e/main.do,1300시1300분~1700시1700분,0,0,0,1,0,20,0,0,0,20,0,0,0,0,11,0,37.329291025972,127.077694686256
경기도교육청,용인교육지원청,쏠티유치원,사립(사인),이인용,서자원,20090218,20090218,경기도 용인시 처인구 성산로341번길 93,031-323-3134,031-323-3135,http://www.instagram.com/iamsolti93,0900시0900분~1700시1700분,2,2,2,0,0,149,29,35,26,0,0,29,35,26,0,0,37.2720238379111,127.185762353338
경기도교육청,용인교육지원청,아이미래유치원,사립(사인),문현숙,문현숙,20100308,20100308,경기도 용인시 기흥구 흥덕2로65번길 17,0312147500,031-212-7501, ,0750시0750분~1830시1830분,5,4,3,0,0,312,90,88,78,0,0,67,80,66,0,0,37.273151101088,127.072054430088
경기도교육청,용인교육지원청,아이유치원,사립(사인),김혜란,김혜란,19970301,19970301,경기도 용인시 수지구 풍덕천로171번길 6,031-261-2272,031-272-0519, ,0830시0830분~1800시1800분,3,2,3,0,0,158,48,44,66,0,0,48,42,66,0,0,37.3262044736277,127.099676371389
경기도교육청,용인교육지원청,양지초등학교병설유치원,공립(병설),임기숙,임기숙,19810302,19810302,경기도 용인시 처인구 교동로 30,031-338-9475,031-338-0679,https://yangji-e.goeyi.kr/yangji-e/main.do,0900시0900분~1900시1900분,1,1,1,0,1,62,14,20,24,0,4,9,12,18,0,2,37.2371850885,127.2847128823
경기도교육청,용인교육지원청,어정초등학교병설유치원,공립(병설),김미애,김미애,19810301,19810301,경기도 용인시 기흥구 어정로 155,031-281-5459,031-281-4286,www.eojeong.es.kr,0900시0900분~1900시1900분,0,0,1,1,0,38,0,0,24,14,0,0,0,7,4,0,37.2770743933,127.1467640404
경기도교육청,용인교육지원청,예닮유치원,사립(사인),조희숙,조희숙,20130201,20130301,경기도 용인시 기흥구 서천서로 87,031-206-9116,031-206-9118, ,0800시0800분~1830시1830분,4,4,3,0,0,292,90,88,78,0,0,62,82,76,0,0,37.2370198021385,127.068414333831
경기도교육청,용인교육지원청,예성유치원,사립(사인),곽동근,최선욱,20091201,20100327,경기도 용인시 기흥구 동백1로38번길 17-4,031-8005-8270,031-8005-8269,http://www.yesungkid.co.kr,0740시0740분~1900시1900분,4,4,3,0,0,480,72,88,78,0,0,47,77,68,0,0,37.2635396430422,127.161796732337
경기도교육청,용인교육지원청,예은유치원,사립(사인),송순섭,김은숙,19960911,19960911,경기도 용인시 처인구 포곡로61번길 12,031-339-4670,031-334-7718, ,0800시0800분~1830시1830분,2,2,2,0,0,210,32,44,48,0,0,24,36,38,0,0,37.268239122,127.212834279
경기도교육청,용인교육지원청,예일유치원,사립(사인),이형순,장태형,20050322,20050607,경기도 용인시 기흥구 지삼로 73-3,031-275-3114,031-275-4972,http://www.yeil1004.com,0800시0800분~1830시1830분,4,5,3,0,0,297,72,110,78,0,0,64,105,78,0,0,37.2510550660587,127.12979098005
경기도교육청,용인교육지원청,온샘유치원,사립(사인),박성용,박준범,20080116,20080301,경기도 용인시 기흥구 한보라1로43번길 16,031-286-0053,031-285-0048,http://www.onsem.or.kr,0800시0800분~1900시1900분,3,3,3,0,0,272,54,66,78,0,0,54,47,55,0,0,37.2501588915114,127.110075855912
경기도교육청,용인교육지원청,왕산초등학교병설유치원,공립(병설),임화섭,입화섭,19810301,19810301,경기도 용인시 처인구 백옥대로2366번길 7-8,031-332-7576,031-333-9494, ,0900시0900분~1900시1900분,1,1,1,0,0,58,14,20,24,0,0,8,4,14,0,0,37.3356188300774,127.250841883776
경기도교육청,용인교육지원청,용인대덕초등학교병설유치원,공립(병설),이용숙,이용숙,20050301,20050301,경기도 용인시 수지구 죽전로293번길 14,031-896-2365,031-896-2369, ,0900시0900분~1700시1700분,0,0,0,1,0,18,0,0,0,18,0,0,0,0,3,0,37.3364210540009,127.125352919374
경기도교육청,용인교육지원청,용인대일초등학교병설유치원,공립(병설),이중형,이중형,20040304,20040304,경기도 용인시 수지구 푸른솔로 98,031-272-2153, ,https://www.goeyi.kr/yidaeil-e/main.do,0830시0830분~1630시1630분,0,0,0,1,0,22,0,0,0,22,0,0,0,0,9,0,37.3280088135,127.1189876341
경기도교육청,용인교육지원청,용인둔전초등학교병설유치원,공립(병설),박명숙,박명숙,20050301,20050301,경기도 용인시 처인구 포곡로118번길 61,070-4688-0567,031-323-3597,http://www.dunjeon.es.kr,1300시1300분~1900시1900분,0,0,0,1,0,20,0,0,0,20,0,0,0,0,7,0,37.268730979,127.2252390446
경기도교육청,용인교육지원청,용인백현초등학교병설유치원,공립(병설),김정애,김정애,20060301,20060301,경기도 용인시 기흥구 동백8로 108,031-275-8087,031-693-8085,https://baekhyun-e.goeyi.kr/,0900시0900분~1700시1700분,0,1,1,0,0,48,0,20,24,0,0,0,15,8,0,0,37.2835145214,127.1617686214
경기도교육청,용인교육지원청,용인솔빛초등학교병설유치원,공립(병설),최병준,최병준,20260301,20260301,경기도 용인시 처인구 낙은로 98,031-526-7498, ,https://solbit-e.goeyi.kr/solbit-e/main.do,1300시1300분~1900시1900분,0,0,1,1,0,38,0,0,24,14,0,0,0,1,1,0, , 
경기도교육청,용인교육지원청,용인신릉초등학교병설유치원,공립(병설),오춘옥,오춘옥,20050301,20050301,경기도 용인시 기흥구 새천년로 53,031-302-9276,031-275-2008,https://yisi-e.goeyi.kr,0900시0900분~1900시1900분,0,0,0,1,0,48,0,0,0,18,0,0,0,0,7,0,37.2902593579,127.1147724774
경기도교육청,용인교육지원청,용인신봉초등학교병설유치원,공립(병설),강춘희,강춘희,20100903,20100903,경기도 용인시 수지구 신봉2로 115,031-262-2197,031-262-2198,https://yongin-sinbong-e.goeyi.kr/,0900시0900분~1900시1900분,0,1,1,0,0,44,0,20,24,0,0,0,20,24,0,0,37.3298342052036,127.068106916952
경기도교육청,용인교육지원청,용인신촌초등학교병설유치원,공립(병설),김진경,김진경,20050301,20050301,경기도 용인시 수지구 죽전로27번길 14-19,031-896-2855,031-896-2858,https://shin-chon-e.goeyi.kr/shin-chon-e/main.do,0840시0840분~1900시1900분,0,0,1,0,0,24,0,0,24,0,0,0,0,8,0,0,37.3231410537,127.1136646938
경기도교육청,용인교육지원청,용인심곡초등학교병설유치원,공립(병설),이인아,이인아,20070301,20070301,경기도 용인시 수지구 심곡로 59,031-263-4915,031-263-4431, ,0900시0900분~1900시1900분,0,0,1,0,0,24,0,0,24,0,0,0,0,8,0,0,37.30900970728,127.078933120442
경기도교육청,용인교육지원청,용인아람유치원,공립(단설),오혜진,오혜진,20200301,20200301,경기도 용인시 기흥구 구성로 405,031-8067-6388,031-8067-6392,https://y-aram-k.goeyi.kr/y-aram-k/main.do,0800시0800분~1900시1900분,2,2,2,0,1,120,28,40,48,0,4,28,30,26,0,1,37.2926919922488,127.153060887116
경기도교육청,용인교육지원청,용인이동초등학교병설유치원,공립(병설),강정숙,강정숙,20050310,20050310,경기도 용인시 처인구 백옥대로587번길 22,031-323-3214,031-323-3219,http://www.2dong.es.kr,0900시0900분~1700시1700분,0,0,0,1,0,20,0,0,0,20,0,0,0,0,7,0,37.1912194530392,127.203310997976
경기도교육청,용인교육지원청,용인초등학교병설유치원,공립(병설),천현관,천현관,19850301,19850301,경기도 용인시 처인구 금학로367번길 14,031-8020-1350,031-336-2402,www.yongin.es.kr,0900시0900분~1900시1900분,0,0,1,1,1,42,0,0,24,14,4,0,0,8,7,4,37.237530552,127.2045572366
경기도교육청,용인교육지원청,용인한빛초등학교병설유치원,공립(병설),정혜정,정혜정,20100901,20100901,경기도 용인시 수지구 동천로153번길 23,031-896-7484,031-896-7551, ,0830시0830분~1900시1900분,0,1,1,0,0,44,0,20,24,0,0,0,6,13,0,0,37.335108164788,127.087286357541
경기도교육청,용인교육지원청,용인한얼초등학교병설유치원,공립(병설),신영숙,신영숙,20180901,20180901,경기도 용인시 기흥구 기흥역로58번길 57,031-727-4501, , ,0830시0830분~1900시1900분,1,2,1,0,1,82,14,40,24,0,4,4,19,7,0,3,37.2715555912,127.1286127725
경기도교육청,용인교육지원청,용인한일초등학교병설유치원,공립(병설),김의태,김의태,20070308,20070308,경기도 용인시 기흥구 한보라1로 145,031-8005-7957,031-8005-7956,http://www.yonginhanil.es.kr,0900시0900분~1900시1900분,1,0,0,1,0,34,14,0,0,20,0,6,0,0,9,0,37.2435550933,127.1064899384
경기도교육청,용인교육지원청,용천초등학교병설유치원,공립(병설),정희균,정희균,19810301,19810301,경기도 용인시 처인구 백옥대로 612,031-322-3732,031-334-2649,http://www.yong1000.es.kr,0900시0900분~1900시1900분,0,0,0,1,0,18,0,0,0,18,0,0,0,0,10,0,37.1918505002,127.2084182534
경기도교육청,용인교육지원청,운학초등학교병설유치원,공립(병설),전정선,전정선,19850902,19850902,경기도 용인시 처인구 동부로465번길 7,031-333-2586,031-333-5003,http://www.unhak.es.kr,0900시0900분~1700시1700분,0,0,0,1,0,18,0,0,0,18,0,0,0,0,5,0,37.2031392461357,127.246180160289
경기도교육청,용인교육지원청,원삼초등학교병설유치원,공립(병설),한진숙,한진숙,19800301,19800301,경기도 용인시 처인구 하사로 1,031-332-2720,031-334-4961, ,0900시0900분~1700시1700분,0,0,0,1,0,18,0,0,0,18,0,0,0,0,3,0,37.1642687778341,127.31611271939
경기도교육청,용인교육지원청,유정유치원,사립(사인),김지은,김선영,20061101,20070301,경기도 용인시 기흥구 용구대로2518번길 30,031-889-7726,031-889-8767,http://www.yujung.org/,0800시0800분~1900시1900분,7,7,5,0,0,448,126,154,130,0,0,125,157,129,0,0,37.309090885169,127.111631569433
경기도교육청,용인교육지원청,이현초등학교병설유치원,공립(병설),지정구,지정구,20040301,20040301,경기도 용인시 기흥구 이현로 83,031-276-7924,031-276-0970, ,0900시0900분~1900시1900분,0,0,0,1,0,20,0,0,0,20,0,0,0,0,7,0,37.3100871515811,127.09266364414
경기도교육청,용인교육지원청,자연유치원,사립(사인),오경숙,김미선,19980903,19980903,경기도 용인시 수지구 성복1로 118,262-7783,031-272-0849, ,0900시0900분~1900시1900분,8,6,4,0,0,458,144,132,104,0,0,142,121,104,0,0,37.31671254670964,127.0667861503636
경기도교육청,용인교육지원청,장평초등학교병설유치원,공립(병설),김숙경,김숙경,19810305,19810305,경기도 용인시 처인구 한택로 446,031-339-4982, , ,1300시1300분~1900시1900분,0,0,0,1,0,20,0,0,0,20,0,0,0,0,3,0,37.1189514902,127.3781930431
경기도교육청,용인교육지원청,정평초등학교병설유치원,공립(병설),조광호,조광호,20020301,20020301,경기도 용인시 수지구 정평로 64,031-266-0144,031-266-0175,http://jp-e.goeyi.kr,1300시1300분~1700시1700분,0,1,1,0,0,44,0,20,22,0,0,0,5,5,0,0,37.320833557,127.0885093306
경기도교육청,용인교육지원청,제일초등학교병설유치원,공립(병설),이은옥,이은옥,19850904,19850904,경기도 용인시 처인구 중부대로2517번길 42-7,031-338-0270, , ,1300시1300분~1900시1900분,0,0,0,1,0,18,0,0,0,18,0,0,0,0,6,0,37.2426569943512,127.313067081867
경기도교육청,용인교육지원청,조은유치원,사립(사인),손현실,손현실,20070217,20070217,경기도 용인시 처인구 동부로165번길 25,031-322-0900, , ,0800시0800분~1900시1900분,1,2,2,0,0,100,18,40,42,0,0,18,26,32,0,0,37.2239818744111,127.226462392526
경기도교육청,용인교육지원청,좌항초등학교병설유치원,공립(병설),이해연,이해연,19830301,19830301,경기도 용인시 처인구 원양로 603,031-333-6781,031-332-8029,http://www.jwahang.es.kr/,0820시0820분~1700시1700분,0,0,0,1,0,18,0,0,0,18,0,0,0,0,2,0,37.2015227561683,127.319858725589
경기도교육청,용인교육지원청,죽전자연유치원,사립(사인),신천호,최동민,20030925,20030925,경기도 용인시 수지구 달맞이로 53,031-263-7784,031-263-7988, ,0900시0900분~1800시1800분,4,2,2,0,0,284,72,44,52,0,0,58,31,51,0,0,37.3265536216519,127.116924427847
경기도교육청,용인교육지원청,중앙유치원,사립(사인),양철현,양철현,20081120,20081120,경기도 용인시 처인구 충렬로10번길 12,031-332-1355,031-332-1364, ,0800시0800분~1800시1800분,2,2,2,0,0,226,28,40,40,0,0,24,28,30,0,0,37.3413511411448,127.172576826387
경기도교육청,용인교육지원청,중일초등학교병설유치원,공립(병설),원용성,원용성,20130822,20130822,경기도 용인시 처인구 중부대로1161번길 69,031-546-3375,031-546-3309,http://jungil-e.goeyi.kr/jungil-e/main.do,1300시1300분~1700시1700분,0,1,1,0,0,44,0,20,24,0,0,0,4,9,0,0,37.2856919628,127.1432336781
경기도교육청,용인교육지원청,지곡초등학교병설유치원,공립(병설),박명순,박명순,20050305,20050305,경기도 용인시 기흥구 사은로 274-45,031-286-9059,031-286-7614,https://yijigok-e.goeyi.kr/yijigok-e/main.do,1300시1300분~1800시1800분,1,1,1,0,0,58,14,20,24,0,0,6,6,7,0,0,37.2521853004,127.1382088201
경기도교육청,용인교육지원청,지석초등학교병설유치원,공립(병설),김연희,김연희,20040105,20040105,경기도 용인시 기흥구 어정로 62-25,031-281-0837, ,http://www.jiseok.es.kr,1300시1300분~1900시1900분,1,0,0,1,0,34,14,0,0,20,0,4,0,0,8,0,37.270087447,127.1383318408
경기도교육청,용인교육지원청,처인성유치원,공립(단설),이순희,이순희,20200224,20200301,경기도 용인시 처인구 남사읍 한숲로 93,031-321-4525, ,https://cheoinseong-k.goeyi.kr/,0800시0800분~1900시1900분,3,3,3,0,1,178,42,60,72,0,4,34,58,64,0,4,37.1567368440441,127.172540462716
경기도교육청,용인교육지원청,청덕초등학교병설유치원,공립(병설),김영자,김영자,20080901,20080901,경기도 용인시 기흥구 구성1로 61,031-693-8915,031-693-6791,http://www.cheong-duck.es.kr,1300시1300분~1700시1700분,0,0,0,1,0,4,0,0,0,4,0,0,0,0,4,0,37.2943957986,127.1492569584
경기도교육청,용인교육지원청,체리아유치원,사립(사인),오인석,고재천,20050124,20050124,경기도 용인시 기흥구 갈곡로8번길 7,031-282-1779,070-4680-1719,http://www.cheria.kr,0800시0800분~1900시1900분,2,2,2,0,0,223,36,44,52,0,0,36,44,45,0,0,37.2717254491684,127.129926656955
경기도교육청,용인교육지원청,초롱유치원,공립(단설),김미영,김미영,20200301,20200301,경기도 용인시 기흥구 덕영대로2077번길 73,031-8067-6464,031-8067-6467,https://chorong-k.goeyi.kr,0800시0800분~1900시1900분,3,3,3,0,1,178,42,60,72,0,4,35,46,56,0,4,37.2659034421137,127.091266066776
경기도교육청,용인교육지원청,키드빌리지유치원,사립(사인),김기정,신재원,19950223,19950302,경기도 용인시 수지구 수풍로 94,031-264-1221,031-264-8121,http://cafe.naver.com/sjkid,0750시0750분~1900시1900분,1,2,1,1,0,128,16,44,26,16,0,8,22,14,8,0,37.332020008137,127.093795418271
경기도교육청,용인교육지원청,토월초등학교병설유치원,공립(병설),백인철,백인철,20120307,20120307,경기도 용인시 수지구 수지로296번길 3,031-264-4582, , ,1300시1300분~1630시1630분,1,1,1,0,1,58,14,20,24,0,4,7,10,14,0,3,37.3252266281,127.0915470174
경기도교육청,용인교육지원청,포곡초등학교병설유치원,공립(병설),정석,정석,19870301,19870301,경기도 용인시 처인구 부곡로 24,031-334-4984,031-321-5634,https://pogok-e.goeyi.kr/,0900시0900분~1900시1900분,1,1,1,0,2,66,14,20,24,0,8,11,17,22,0,3,37.282002912,127.2201285727
경기도교육청,용인교육지원청,푸른유치원,사립(사인),한나연,한나연,20021004,20021004,경기도 용인시 기흥구 용인향교로20번길 9,031-274-5538,031-274-5536, ,0800시0800분~1830시1830분,2,2,2,0,0,157,36,44,52,0,0,24,38,35,0,0,37.2965969750036,127.120609291935
경기도교육청,용인교육지원청,풍천초등학교병설유치원,공립(병설),이형미,이형미,20020301,20020301,경기도 용인시 수지구 진산로66번길 20,031-272-4759,031-272-4744,https://pung1000-e.goeyi.kr/pung1000-e/main.do,0900시0900분~1900시1900분,0,0,1,0,0,24,0,0,24,0,0,0,0,5,0,0,37.3161704781,127.0955108439
경기도교육청,용인교육지원청,프렌즈유치원,사립(사인),문금행,문옥춘,20100225,20100302,경기도 용인시 기흥구 흥덕중앙로105번길 32-7,031-212-0222,031-213-7787, ,0800시0800분~1900시1900분,5,3,2,0,0,326,85,63,42,0,0,81,57,37,0,0,37.2789237022435,127.080383899336
경기도교육청,용인교육지원청,한국유치원,사립(사인),장응만,하성희,19991217,19991217,경기도 용인시 수지구 정평로 8,031-265-5551,031-272-0869,http://koreakinder.co.kr/,0750시0750분~1830시1830분,2,2,2,0,0,150,36,44,52,0,0,36,44,49,0,0,37.3174003758773,127.089866903424
경기도교육청,용인교육지원청,한아름유치원,사립(사인),박혜정,송유진,20141212,20150301,경기도 용인시 기흥구 지삼로98번길 10,031-275-1234,031-286-0200,https://hanareum2015.kidsnote.ac,0800시0800분~1900시1900분,1,1,1,0,0,320,18,22,26,0,0,9,16,18,0,0,37.2493437170817,127.129345500244
경기도교육청,용인교육지원청,한터초등학교병설유치원,공립(병설),홍미경,홍미경,19850301,19850906,경기도 용인시 처인구 양지면 한터로571번길 4,031-332-0887,031-334-2665,hanter.es.kr,1330시1330분~1900시1900분,0,0,0,1,0,20,0,0,0,18,0,0,0,0,6,0,37.2620386528,127.2685093063
경기도교육청,용인교육지원청,함박초등학교병설유치원,공립(병설),김신배,김신배,20180301,20180301,경기도 용인시 처인구 명지로40번길 46,0312181480,031-218-1479,http://www.hambak.es.kr,0900시0900분~1900시1900분,1,1,1,0,0,58,14,20,24,0,0,10,15,17,0,0,37.2337358068,127.1841139732
경기도교육청,용인교육지원청,해나무유치원,사립(사인),김영숙,허수진,20050314,20050314,경기도 용인시 수지구 포은대로 235,031-896-1791,031-265-0660,https://www.suntree.co.kr,0800시0800분~1900시1900분,4,4,4,0,0,280,72,88,104,0,0,72,88,104,0,0,37.3097433638072,127.082473821951
경기도교육청,용인교육지원청,해오름유치원,사립(사인),송호숙,송호숙,20110301,20110301,경기도 용인시 처인구 낙은로97번길 19,031-338-2341,031-323-3867,http://nstagram.com/heorm_2011,0800시0800분~1900시1900분,3,3,2,1,0,199,54,66,52,22,0,51,65,38,21,0,37.2419901121,127.1922939689
경기도교육청,용인교육지원청,행복한유치원,사립(사인),엄기운,박인숙,20071123,20080301,경기도 용인시 기흥구 석성로521번길 15,031-287-0250,031-287-0250, ,0900시0900분~1800시1800분,4,5,3,0,0,360,72,110,78,0,0,72,110,78,0,0,37.2893188551544,127.156223804049
경기도교육청,용인교육지원청,현대유치원,사립(사인),김진주,강정희,20010331,20010331,경기도 용인시 수지구 정평로 139,031-263-4860,031-272-0469, ,0800시0800분~1830시1830분,3,2,2,0,0,138,46,44,48,0,0,44,48,44,0,0,37.3250210742307,127.094418558954
경기도교육청,용인교육지원청,현암초등학교병설유치원,공립(병설),정갑수,정갑수,20050301,20050301,경기도 용인시 수지구 대지로 146,031-896-4607,031-896-4605,https://hyeon-am-e.goeyi.kr/,1300시1300분~1700시1700분,1,1,1,0,0,58,14,20,24,0,0,10,8,15,0,0,37.3288150868,127.1247642214
경기도교육청,용인교육지원청,홍천초등학교병설유치원,공립(병설),최인자,최인자,20050301,20050301,경기도 용인시 수지구 신봉2로14번길 49,031-326-3791,031-266-1856,https://hongcheon-e.goeyi.kr/hongcheon-e/main.do,1300시1300분~1900시1900분,0,1,1,0,0,44,0,20,24,0,0,0,2,19,0,0,37.3266367343028,127.079801992815
경기도교육청,용인교육지원청,화산성민유치원,사립(사인),박성민,김명수,20060920,20070301,경기도 용인시 처인구 화산남로80번길 2,031-323-1944,031-323-1947, ,0810시0810분~1800시1800분,9,9,7,0,0,762,162,198,182,0,0,148,197,157,0,0,37.1431365536163,127.212594228434
경기도교육청,용인교육지원청,효자초등학교병설유치원,공립(병설),정계환,정계환,20040302,20040302,경기도 용인시 수지구 성복1로 106-1,031-276-3063, , ,1300시1300분~1900시1900분,0,0,1,0,0,24,0,0,24,0,0,0,0,11,0,0,37.3173517177,127.0673438639
경기도교육청,용인교육지원청,흥덕초등학교병설유치원,공립(병설),백현숙,백현숙,20090108,20090301,경기도 용인시 기흥구 흥덕1로62번길 26,031-214-9108,031-214-9103,http://www.yihd.co.kr,0900시0900분~1900시1900분,0,1,1,0,0,44,0,20,24,0,0,0,8,7,0,0,37.2723655116,127.0716739158
경기도교육청,의정부교육지원청,가능초등학교병설유치원,공립(병설),이수영,이수영,19850301,19850301,경기도 의정부시 의정로140번길 15,031-877-6799,031-872-8740,http://www.kaneung.es.kr/wah/main/index.htm,1300시1300분~1700시1700분,0,0,0,1,0,20,0,0,0,20,0,0,0,0,11,0,37.7456904381,127.0347752747
경기도교육청,의정부교육지원청,경민대학교부설유치원,사립(법인),이소영,홍지연,19941231,19950301,경기도 의정부시 서부로 545,0318287900,031-828-7958,https://cafe.naver.com/kmpreschool,0800시0800분~1800시1800분,3,2,1,0,0,150,48,44,26,0,0,44,44,16,0,0,37.7444870184306,127.022787483738
경기도교육청,의정부교육지원청,경의유치원,공립(단설),허현실,허현실,20140301,20140301,경기도 의정부시 경의로 135,031-872-0563,031-872-0564,https://gyungeui-k.goeujb.kr,0800시0800분~1900시1900분,3,2,2,0,1,134,42,40,48,0,4,42,41,46,0,1,37.7341924819678,127.051102422292
경기도교육청,의정부교육지원청,고산초등학교병설유치원,공립(병설),박경례,박경례,19820507,19820507,경기도 의정부시 문화로 41,031-870-9850,031-841-7131,https://kosan-e.goeujb.kr,0900시0900분~1900시1900분,1,1,1,0,0,58,14,20,24,0,0,13,19,24,0,0,37.72643162,127.1067938993
경기도교육청,의정부교육지원청,귀복유치원,사립(사인),권재범,권희연,19960301,19960301,경기도 의정부시 녹양로18번길 16,031-877-3282,031-878-3038, ,0830시0830분~1900시1900분,2,1,1,0,0,150,32,24,26,0,0,26,24,25,0,0,37.7527651040893,127.033001993533
경기도교육청,의정부교육지원청,금오초등학교병설유치원,공립(병설),유태환,유태환,19810301,19810301,경기도 의정부시 천보로 418,031-847-8463, , ,1300시1300분~1900시1900분,0,0,0,1,0,18,0,0,0,18,0,0,0,0,13,0,37.7562176267,127.0666306728
경기도교육청,의정부교육지원청,꿈나무유치원,사립(사인),이덕순,김한나,19930215,19930302,경기도 의정부시 평화로168번길 12-12,031-876-3204,031-876-3205, ,0800시0800분~1900시1900분,2,1,1,0,0,130,28,22,26,0,0,13,11,13,0,0,37.7061463801686,127.049096294881
경기도교육청,의정부교육지원청,노벨유치원,사립(사인),유선미,유선미,20030305,20030305,경기도 의정부시 용민로122번길 10-12,031-852-9100,031-852-9212, ,0800시0800분~1900시1900분,5,2,3,0,0,210,81,55,69,0,0,81,55,69,0,0,37.7394804169404,127.090681132706
경기도교육청,의정부교육지원청,녹양유치원,공립(단설),김원용,김원용,20100111,20100111,경기도 의정부시 체육로 265-25,031-829-5894,031-829-5985,https://nogyang-k.goeujb.kr/,0800시0800분~1900시1900분,2,1,1,0,2,72,28,20,24,0,8,13,17,15,0,6,37.7634095816,127.0357123408
경기도교육청,의정부교육지원청,늘푸른유치원,사립(사인),전해철,전지현,19860301,19860301,경기도 의정부시 녹양로 86-60,031-824-7279, , ,0750시0750분~1900시1900분,1,2,1,0,0,160,18,44,26,0,0,12,28,21,0,0,37.7590076732935,127.037121367563
경기도교육청,의정부교육지원청,도도유치원,사립(사인),한용호,정영주,20151103,20160301,경기도 의정부시 호암로109번길 82,031-878-0403,031-872-0501, ,0730시0730분~1900시1900분,4,3,3,1,0,250,72,66,77,20,0,72,66,77,20,0,37.7112345152163,127.042813450193
경기도교육청,의정부교육지원청,동암초등학교병설유치원,공립(병설),고영훈,고영훈,20060901,20060901,경기도 의정부시 장곡로 206,031-837-9921,031-837-9918,www.dongam.es.kr,1300시1300분~1900시1900분,0,0,0,1,0,18,0,0,0,18,0,0,0,0,9,0,37.7231750405,127.0542830637
경기도교육청,의정부교육지원청,민락초등학교병설유치원,공립(병설),강동국,강동국,20000301,20000301,경기도 의정부시 용현로159번길 26,031-851-4361,031-851-3815,https://minrak-e.goeujb.kr,0900시0900분~1900시1900분,1,1,1,0,0,58,14,20,24,0,0,6,9,11,0,0,37.7421779942,127.09483043
경기도교육청,의정부교육지원청,배영초등학교병설유치원,공립(병설),김동혁,김동혁,19810301,19810301,경기도 의정부시 가능로135번길 20,031-845-5409,031-845-5405,http://www.baeyoung.es.kr,1300시1300분~1900시1900분,0,0,0,1,0,15,0,0,0,15,0,0,0,0,5,0,37.7481943625,127.04658458
경기도교육청,의정부교육지원청,산내들유치원,사립(사인),이귀례 방은미,방은미,20000303,20000303,경기도 의정부시 용현로159번길 18,0318522004,031-852-2900, ,0730시0730분~2030시2030분,2,2,2,0,0,265,36,44,52,0,0,29,26,35,0,0,37.741299798229,127.094217320661
경기도교육청,의정부교육지원청,산들유치원,사립(사인),김미선,김혜란,20000124,20000327,경기도 의정부시 용현로 155,031-851-6387,031-825-6388, ,0900시0900분~1900시1900분,2,2,1,0,0,155,32,22,50,0,0,22,34,18,0,0,37.7408657192666,127.093275485971
경기도교육청,의정부교육지원청,삼현초등학교병설유치원,공립(병설),방정남,방정남,20160301,20160301,경기도 의정부시 송양로 87,031-830-2814,031-830-2888,http://www.samhyeon.es.kr,1300시1300분~1900시1900분,0,0,0,1,0,56,0,0,0,20,0,0,0,0,14,0,37.751375002,127.1158040498
경기도교육청,의정부교육지원청,새말초등학교병설유치원,공립(병설),김건희,김건희,20040302,20040302,경기도 의정부시 추동로124번길 37,031-853-0228,031-853-0221, ,0800시0800분~1900시1900분,0,0,1,1,0,38,0,0,24,14,0,0,0,7,5,0,37.7463940875,127.0693262311
경기도교육청,의정부교육지원청,샘터유치원,사립(사인),이계옥,원선미,20070724,20070724,경기도 의정부시 오목로122번길 20,031-851-0700,031-851-1370, ,0750시0750분~1900시1900분,2,0,1,1,0,250,36,0,26,22,0,36,0,21,14,0,37.7380317646033,127.09452809115
경기도교육청,의정부교육지원청,성모유치원,사립(법인),손희송,진은아,19540830,19550310,경기도 의정부시 신흥로265번길 27,031-872-0553,031-872-0533,http://cafe.naver.com/sungmo1954,0800시0800분~1900시1900분,1,2,1,0,0,200,18,44,24,0,0,9,27,21,0,0,37.7394088745401,127.041613077779
경기도교육청,의정부교육지원청,성심유치원,사립(사인),김성구,안남이,19940305,19940305,경기도 의정부시 능곡로 65,031-841-1527,031-842-1527,http://www.newsungshim.com,0900시0900분~1900시1900분,2,1,1,1,0,150,36,22,26,22,0,33,21,17,20,0,37.7434202269626,127.061396853818
경기도교육청,의정부교육지원청,세종유치원,사립(사인),용인순,용인순,19960301,19960301,경기도 의정부시 추동로 45,844-6400,031-844-6444,http://sejong1004.kidis.co.kr,0900시0900분~1900시1900분,2,3,2,0,0,180,36,66,52,0,0,37,64,46,0,0,37.7455001693093,127.059862908669
경기도교육청,의정부교육지원청,솔뫼초등학교병설유치원,공립(병설),이수연,이수연,20010312,20010312,경기도 의정부시 시민로 442,031-840-4278, , ,0900시0900분~1700시1700분,0,0,0,1,0,18,0,0,0,18,0,0,0,0,9,0,37.7320805436052,127.081187659869
경기도교육청,의정부교육지원청,솔빛유정유치원,사립(사인),김지은,백은주,20080301,20080301,경기도 의정부시 오목로91번길 45-20,031-853-4555,031-853-4544,http://www.solbits.co.kr ,0800시0800분~1800시1800분,4,5,5,0,0,448,80,125,135,0,0,80,125,135,0,0,37.7368138318709,127.089768799364
경기도교육청,의정부교육지원청,송양유치원,공립(단설),유은희,유은희,20160229,20160309,경기도 의정부시 민락로243번길 94,031-852-8161,031-852-8164,https://songyang-k.goeujb.kr,0800시0800분~1900시1900분,6,6,5,0,3,324,84,120,120,0,12,69,97,88,0,11,37.7477286215747,127.106619423634
경기도교육청,의정부교육지원청,신동초등학교병설유치원,공립(병설),김정은,김정은,20000308,20000308,경기도 의정부시 시민로179번길 42,031-840-4364,031-840-4368,http://www.ujbsindong.es.kr,1300시1300분~1900시1900분,1,1,1,0,0,58,14,20,24,0,0,5,11,14,0,0,37.7403731745681,127.054750975077
경기도교육청,의정부교육지원청,열매유치원,사립(사인),이광진,남래임,19960301,19960301,경기도 의정부시 평화로 364,031-878-0271,031-878-0272, ,0900시0900분~1800시1800분,2,2,2,0,0,123,29,44,50,0,0,23,38,44,0,0,37.7243746617776,127.048586608582
경기도교육청,의정부교육지원청,예린유치원,사립(사인),강현천,정미향,19940906,19950301,경기도 의정부시 상금로 41-9,031-847-6665,031-847-6666,http://cafe.daum.net/ylkidss,0730시0730분~1900시1900분,2,2,2,0,0,144,40,44,48,0,0,15,19,16,0,0,37.758530698464,127.074375249052
경기도교육청,의정부교육지원청,예지유치원,사립(사인),신영숙,신영숙,19990315,19990315,경기도 의정부시 동일로454번길 6,031-876-1853,031-826-1853,http://www.yae-ji.com,0800시0800분~1900시1900분,2,2,2,0,0,233,30,36,50,0,0,23,36,28,0,0,37.7286529974,127.0599618435
경기도교육청,의정부교육지원청,유정유치원,사립(사인),박민정,김미경,20040301,20040301,경기도 의정부시 부용로213번길 39,031-853-8393,031-853-6247,http://www.yujung.co.kr,0800시0800분~1820시1820분,5,6,5,0,0,450,90,132,130,0,0,90,132,130,0,0,37.7513100214304,127.081368083071
경기도교육청,의정부교육지원청,유지유치원,사립(사인),윤현자,김선정,19920915,20120915,경기도 의정부시 오목로 36,031-848-7268,031-848-7267,https://www.instagram.com/youji_kinder?igsh=MXF4eGhydDc4d21sOQ%3D%3D&utm_source=qr,0730시0730분~1930시1930분,1,2,2,0,0,152,15,36,44,0,0,10,32,42,0,0,37.7318879650631,127.08818163831
경기도교육청,의정부교육지원청,의순초등학교병설유치원,공립(병설),이희숙,이희숙,20030301,20030301,경기도 의정부시 부용로 77,031-852-8910,031-852-8026,https://uisun-e.goeujb.kr/,1300시1300분~1900시1900분,0,0,0,1,0,20,0,0,0,20,0,0,0,0,15,0,37.7510786997032,127.066006457673
경기도교육청,의정부교육지원청,의정부서초등학교병설유치원,공립(병설),고원모,고원모,19910301,19910301,경기도 의정부시 둔야로 57,031-877-0297, , ,1300시1300분~1900시1900분,0,0,0,1,0,18,0,0,0,18,0,0,0,0,5,0,37.7408032217722,127.038149897116
경기도교육청,의정부교육지원청,의정부송산초등학교병설유치원,공립(병설),정혜영,정혜영,20130301,20150301,경기도 의정부시 오목로 228,031-951-3476,031-951-3489,https://ujbsongsan-e.goeujb.kr/ujbsongsan-e/main.do,0800시0800분~1900시1900분,1,1,1,0,0,58,14,20,24,0,0,4,16,13,0,0,37.7464332016,127.100657902
경기도교육청,의정부교육지원청,의정부용현초등학교병설유치원,공립(병설),이명화,이명화,20050301,20050301,경기도 의정부시 용민로 87,031-852-6754,031-851-7489,www.ujyonghyun.es.kr,0900시0900분~1800시1800분,0,0,0,1,0,18,0,0,0,18,0,0,0,0,7,0,37.7386901087,127.0873643526
경기도교육청,의정부교육지원청,의정부장암초등학교병설유치원,공립(병설),백유신,백유신,19980311,19980311,경기도 의정부시 동일로 417,031-879-8104,031-873-9679,www.ujbjangam.es.kr,0900시0900분~1800시1800분,0,0,0,1,0,18,0,0,0,18,0,0,0,0,6,0,37.7254601269,127.059860904
경기도교육청,의정부교육지원청,의정부중앙초등학교병설유치원,공립(병설),강순철,강순철,19850301,19850301,경기도 의정부시 호국로1291번길 17,031-843-5452,031-840-1710,http://www.joongang.es.kr,0900시0900분~1900시1900분,0,0,0,1,0,18,0,0,0,18,0,0,0,0,5,0,37.7448872066853,127.0465309778
경기도교육청,의정부교육지원청,의정부초등학교병설유치원,공립(병설),김은주,김은주,19810301,19810301,경기도 의정부시 동일로522번길 30,031-842-0522, ,http://www.ujb.es.kr,0900시0900분~1900시1900분,0,0,0,1,0,20,0,0,0,20,0,0,0,0,8,0,37.7345856821,127.0602481373
경기도교육청,의정부교육지원청,의정부호동초등학교병설유치원,공립(병설),김헌희,김헌희,19980301,19980301,경기도 의정부시 호동로 45,031-849-4480,031-878-0194,https://uhodong-e.goeujb.kr/,1300시1300분~1800시1800분,0,0,0,1,0,18,0,0,0,18,0,0,0,0,12,0,37.7300914565,127.0417322535
경기도교육청,의정부교육지원청,의정부호원초등학교병설유치원,공립(병설),이유선,이유선,20040305,20040305,경기도 의정부시 전좌로156번길 20,031-876-2459,031-876-2518,https://ujbhowon-e.goeujb.kr/ujbhowon-e/main.do,0900시0900분~1900시1900분,0,0,0,1,0,22,0,0,0,18,0,0,0,0,8,0,37.7225450163,127.0406645734
경기도교육청,의정부교육지원청,의정부효자초등학교병설유치원,공립(병설),최승우,최승우,20060901,20060901,경기도 의정부시 부용로204번길 16,031-853-9815,031-853-9815,www.ujhyoja.es.kr,0840시0840분~1900시1900분,1,0,0,1,0,38,14,0,0,20,0,8,0,0,11,0,37.7502783647,127.0779301056
경기도교육청,의정부교육지원청,이화유치원,사립(사인),한상욱,한범식,19970301,19970301,경기도 의정부시 추동로24번길 14,031-840-8040,031-622-9772,http://cafe.daum.net/ewhakindergarten,0900시0900분~1930시1930분,4,3,3,1,0,220,68,63,75,14,0,68,63,75,8,0,37.742745836081,127.05868664847
경기도교육청,의정부교육지원청,자연유치원,사립(사인),박옥순,박옥순,20000331,20000331,경기도 의정부시 송산로971번길 76-17,031-841-0550,031-841-8091, ,0800시0800분~1900시1900분,3,2,2,0,0,165,62,50,53,0,0,62,50,53,0,0,37.7155215159524,127.10124436152
경기도교육청,의정부교육지원청,정음유치원,공립(단설),장영실,장영실,20220302,20220302,경기도 의정부시 솔향길 15,031-869-8520,031-869-8599,https://jeongeum-k.goeujb.kr,0800시0800분~1900시1900분,5,4,4,0,2,246,67,79,92,0,8,55,70,75,0,7,37.7381933799,127.1153517192
경기도교육청,의정부교육지원청,코코유치원,사립(사인),송은희,송은희,20130601,20130601,경기도 의정부시 누원로 37,02-951-6700,02-951-6701,http://coco.kg.kr,0750시0750분~1930시1930분,5,3,2,0,0,260,90,66,52,0,0,90,66,52,0,0,37.6885400903079,127.052957108201
경기도교육청,의정부교육지원청,한빛유치원,사립(사인),조영숙,이옥자,19991020,20000302,경기도 의정부시 범골로29번길 19-12,031-878-0671,031-872-2477,http://www.한빛유치원.com,0730시0730분~2000시2000분,2,1,1,0,0,119,36,22,26,0,0,36,22,26,0,0,37.7271479571811,127.040863783594
경기도교육청,의정부교육지원청,한아름유치원,사립(사인),최윤아,김태영,20030330,20030330,경기도 의정부시 호암로 248,031-873-5016,031-829-5017,https://blog.naver.com/hanarum5016,0800시0800분~1900시1900분,1,1,1,0,0,115,12,22,24,0,0,9,18,18,0,0,37.722570553927,127.044458679688
경기도교육청,의정부교육지원청,호암유치원,공립(단설),김경순,김경순,20110301,20110301,경기도 의정부시 호암로 47,031-826-1434, ,https://hoam-k.goeujb.kr,1320시1320분~1900시1900분,2,2,2,0,2,116,27,38,46,0,5,26,22,25,0,5,37.7047238362203,127.045744121789
경기도교육청,의정부교육지원청,훈민초등학교병설유치원,공립(병설),송영환,송영환,20200301,20200301,경기도 의정부시 훈민로 14,031-820-9920,031-820-9988,https://hunmin-e.goeujb.kr/hunmin-e/main.do,0900시0900분~1900시1900분,0,0,1,1,0,38,0,0,24,14,0,0,0,9,6,0,37.7387565208,127.1147618496
경기도교육청,이천교육지원청,그린나래유치원,사립(사인),이은주,이은주,20050406,20050406,경기도 이천시 증신로 22-57,031-632-6710,031-634-6710,https://gnpreschool.kidsnote.ac,0800시0800분~1900시1900분,2,3,2,0,0,121,27,53,41,0,0,27,53,41,0,0,37.2809782619773,127.464904633475
경기도교육청,이천교육지원청,나래초등학교병설유치원,공립(병설),이인숙,이인숙,19850302,19850302,경기도 이천시 이풍로63번길 114,031-641-4983,031-641-6153,http://www.naraeschool.es.kr/,0840시0840분~1640시1640분,0,0,0,1,0,18,0,0,0,18,0,0,0,0,3,0,37.169710195,127.588617737
경기도교육청,이천교육지원청,나루유치원,사립(사인),김경미,김경미,20170104,20170301,경기도 이천시 황무로 1911-79,031-632-7793,031-632-7706, ,0730시0730분~1930시1930분,1,1,2,0,0,142,36,44,62,0,0,12,14,41,0,0,37.2499582142,127.5166333902
경기도교육청,이천교육지원청,대서초등학교병설유치원,공립(병설),박관희,박관희,19840214,19850214,경기도 이천시 장호원읍 서동대로8487번길 23-24,031-642-4828,031-642-4829,www.daeseu.es.kr,1300시1300분~1900시1900분,0,0,0,1,0,18,0,0,0,18,0,0,0,0,5,0,37.1135432953,127.5759953464
경기도교육청,이천교육지원청,도암초등학교병설유치원,공립(병설),곽경수,곽경수,19810309,19810309,경기도 이천시 증신로 550,031-633-8611, , ,0900시0900분~1730시1730분,0,0,0,1,0,18,0,0,0,18,0,0,0,0,10,0,37.3188550067,127.4420612085
경기도교육청,이천교육지원청,마장초등학교병설유치원,공립(병설),김근호,김근호,19810309,19810309,경기도 이천시 마장면 중앙로 25,031-632-8763,031-633-4095, ,0900시0900분~1900시1900분,1,1,1,0,0,58,14,20,24,0,0,14,19,24,0,0,37.2533457996056,127.355843359943
경기도교육청,이천교육지원청,부발초등학교병설유치원,공립(병설),최은미,최은미,19810310,19810310,경기도 이천시 무촌로 155,031-633-3379,031-634-5025,https://bubal.goeic.kr/bubal/main.do,1300시1300분~1900시1900분,0,0,0,1,0,18,0,0,0,18,0,0,0,0,5,0,37.286746463,127.4885781759
경기도교육청,이천교육지원청,삼성숲유치원,사립(사인),오남혜,오남혜,20161005,20170301,경기도 이천시 부발읍 가좌로61번길 16,031-637-3777, , ,0800시0800분~1900시1900분,3,3,2,0,0,228,54,66,52,0,0,37,25,27,0,0,37.257522452118,127.468425784424
경기도교육청,이천교육지원청,설봉초등학교병설유치원,공립(병설),유태봉,유태봉,19940205,19940205,경기도 이천시 향교로 129,031-637-2505,031-638-5662,http://www.seolbong.es.kr,0830시0830분~1900시1900분,1,1,1,0,1,58,14,20,24,0,4,5,8,8,0,3,37.2843444078,127.4528491903
경기도교육청,이천교육지원청,성모유치원,사립(법인),이용훈,윤은희,19810323,19810323,경기도 이천시 중리천로 32,031-633-6370,031-637-3971,http://cafe.daum.net/love-sungmo,0900시0900분~1830시1830분,1,1,1,1,0,80,16,22,26,16,0,12,22,25,14,0,37.2798771585497,127.440985614372
경기도교육청,이천교육지원청,신둔초등학교병설유치원,공립(병설),원영효,원영효,19820301,19820301,경기도 이천시 경충대로3150번길 82-3,031-633-7522, , ,0900시0900분~1700시1700분,0,0,0,1,0,18,0,0,0,18,0,0,0,0,3,0,37.3108100960007,127.403452002684
경기도교육청,이천교육지원청,신하초등학교병설유치원,공립(병설),오혜숙,오혜숙,19850305,19850305,경기도 이천시 경충대로2250번길 12,031-638-4301,031-637-6755,http://shinha.es.kr/cafe/20173001,0800시0800분~1900시1900분,1,1,1,0,1,62,14,20,24,0,4,3,5,13,0,4,37.2610841114344,127.479281596701
경기도교육청,이천교육지원청,아미초등학교병설유치원,공립(병설),윤현봉,윤현봉,20020301,20020301,경기도 이천시 부발읍 신아로92번길 32,031-631-8745,031-631-8744,www.icami.es.kr,0800시0800분~1900시1900분,1,1,1,0,1,62,14,20,24,0,4,7,9,13,0,1,37.2584661279,127.4913214691
경기도교육청,이천교육지원청,아미하늘땅별땅유치원,사립(사인),이승수,이승수,20110301,20110301,경기도 이천시 신아로 101-69,031-638-8488,031-638-8491, ,0900시0900분~2100시2100분,2,2,2,1,0,140,36,44,46,14,0,36,44,37,14,0,37.2627386747725,127.489996502233
경기도교육청,이천교육지원청,안흥초등학교병설유치원,공립(병설),배석호,배석호,20020301,20020301,경기도 이천시 영창로300번길 16,031-631-7957,031-631-7956,https://icanheung.goeic.kr,0900시0900분~1800시1800분,0,0,0,1,0,20,0,0,0,20,0,0,0,0,6,0,37.2799514983,127.4565462838
경기도교육청,이천교육지원청,영재유치원,사립(사인),조은희,조은희,20011210,20011210,경기도 이천시 증신로271번길 32,031-631-1677, ,https://blog.naver.com/yj16778,0700시0700분~1900시1900분,3,2,2,0,0,144,54,44,46,0,0,45,39,39,0,0,37.29527115449831,127.43942171973012
경기도교육청,이천교육지원청,율면초등학교병설유치원,공립(병설),최병삼,최병삼,19820302,19820302,경기도 이천시 고당로 48,031-643-1929,031-643-1664,https://yulmyun.goeic.kr,0900시0900분~1900시1900분,0,0,0,1,0,18,0,0,0,18,0,0,0,0,2,0,37.088125263483,127.542749631901
경기도교육청,이천교육지원청,이천남초등학교병설유치원,공립(병설),김진경,김진경,19820209,19820209,경기도 이천시 경충대로2614번길 32,031-638-1846,031-635-3597, ,0830시0830분~1900시1900분,1,1,1,0,1,62,14,20,24,0,4,2,4,12,0,4,37.2769750497939,127.443657748548
경기도교육청,이천교육지원청,이천매곡초등학교병설유치원,공립(병설),김병렬,김병렬,19830307,19830307,경기도 이천시 이섭대천로96번길 8,031-694-1326, , ,0900시0900분~1900시1900분,0,0,0,1,0,20,0,0,0,18,0,0,0,0,8,0,37.2148715418,127.3944407879
경기도교육청,이천교육지원청,이천사동초등학교병설유치원,공립(병설),김진수,김진수,20100301,20100301,경기도 이천시 대월면 경충대로2003번길 124-87,031-638-9165,031-638-9168,https://icsadong.goeic.kr/,0900시0900분~1900시1900분,0,0,0,1,0,20,0,0,0,20,0,0,0,0,10,0,37.2420223205,127.4871375805
경기도교육청,이천교육지원청,이천송정초등학교병설유치원,공립(병설),남진,남진,20020301,20020301,경기도 이천시 영창로45번길 165,031-631-8436,031-631-8434, ,1300시1300분~1900시1900분,0,0,0,1,0,18,0,0,0,18,0,0,0,0,6,0,37.2941612041,127.4333890616
경기도교육청,이천교육지원청,이천유치원,사립(사인),한점숙,한점숙,20010302,20010302,경기도 이천시 증신로 290-6,031-633-1565,031-638-1565, ,0730시0730분~1900시1900분,2,2,2,0,0,134,36,40,42,0,0,34,30,38,0,0,37.2967028513734,127.441349774779
경기도교육청,이천교육지원청,이천은광유치원,사립(법인),김상기,이상희,20050128,20050128,경기도 이천시 증신로 22-60,031-638-3984,031-638-3977, ,0700시0700분~1830시1830분,2,2,2,0,0,96,32,28,36,0,0,29,26,34,0,0,37.2800532079998,127.464178825501
경기도교육청,이천교육지원청,이천중리초등학교병설유치원,공립(병설),신익호,신익호,20260301,20260301,경기도 이천시 신서희로 33,031-630-9780,031-631-7303,https://icjungri.goeic.kr,0800시0800분~1900시1900분,1,1,1,0,1,58,14,20,24,0,4,13,13,19,0,4, , 
경기도교육청,이천교육지원청,이화유치원,사립(사인),현성희,현성희,19960530,19960530,경기도 이천시 이여로101번길 163-59,031-638-7001,031-638-7003, ,0900시0900분~1830시1830분,2,2,2,0,0,110,30,40,40,0,0,20,35,31,0,0,37.3090253017349,127.456852528966
경기도교육청,이천교육지원청,장천초등학교병설유치원,공립(병설),박육순,박육순,19810216,19810216,경기도 이천시 설성로 165-25,031-642-8533, , ,0830시0830분~1700시1700분,0,0,0,1,0,18,0,0,0,18,0,0,0,0,2,0,37.1457513840751,127.528326931014
경기도교육청,이천교육지원청,증포초등학교병설유치원,공립(병설),서경란,서경란,20070301,20070301,경기도 이천시 이섭대천로 1418,031-637-2065,031-637-2066,jpo.es.kr,0830시0830분~1900시1900분,0,0,0,1,0,18,0,0,0,18,0,0,0,0,5,0,37.2940169554,127.4566135625
경기도교육청,이천교육지원청,지예슬유치원,사립(사인),이은영,이은영,19960901,19960906,경기도 이천시 증신로156번길 37,031-635-5084,031-633-1275, ,0730시0730분~1930시1930분,3,3,3,0,0,200,46,57,60,0,0,32,40,54,0,0,37.2909555311924,127.453513530022
경기도교육청,이천교육지원청,토마토유치원,사립(사인),최경수,최부연,20130301,20130302,경기도 이천시 대산로 626-3,010-3342-6766,031-631-0970, ,0900시0900분~1730시1730분,0,1,1,1,0,60,0,20,20,20,0,0,22,18,20,0,37.2696011003842,127.490596197147
경기도교육청,이천교육지원청,한내초등학교병설유치원,공립(병설),김성정,김성정,19980901,19980901,경기도 이천시 갈산로 71,031-636-9649,031-636-9385, ,0830시0830분~1900시1900분,0,0,0,1,1,26,0,0,0,22,4,0,0,0,4,2,37.290286887589,127.461596035074
경기도교육청,이천교육지원청,한마음유치원,사립(사인),김정덕,김정덕,19980228,19980228,경기도 이천시 청백리로 64-28,031-633-7799,031-634-0079, ,0730시0730분~1930시1930분,3,2,2,0,0,150,54,44,52,0,0,48,44,42,0,0,37.3021273790978,127.470023962973
경기도교육청,이천교육지원청,한울숲유치원,사립(사인),이종명,김희경,20000501,20000501,경기도 이천시 이섭대천로783번길 1,031-636-7878,031-636-9922, ,0900시0900분~1930시1930분,1,1,1,0,0,114,30,30,25,0,0,9,11,9,0,0,37.2412866248403,127.439863553109
경기도교육청,이천교육지원청,호법초등학교병설유치원,공립(병설),김동욱,김동욱,19810309,19810309,경기도 이천시 호법면 이섭대천로537번길 8,031-633-2898,031-632-0117,www.ichobub.es.kr,0900시0900분~1900시1900분,0,0,0,1,0,20,0,0,0,20,0,0,0,0,3,0,37.2240833875,127.4272291973
경기도교육청,파주교육지원청,가온유치원,공립(단설),정소영,정소영,20150301,20150310,경기도 파주시 가온로 134,031-949-7366,031-949-7365,https://goepj.kr/pjkgaon-k/main.do,0800시0800분~1900시1900분,2,2,2,0,1,120,28,40,48,0,4,27,29,47,0,4,37.7206826295,126.7472811476
경기도교육청,파주교육지원청,가온호수유치원,사립(사인),이희영황의원,김보경,20120924,20121001,경기도 파주시 한빛로 70,031-945-7008,031-949-7008,http://www.gaonhosu.co.kr,0730시0730분~1930시1930분,2,3,1,1,0,157,36,66,26,20,0,36,66,26,20,0,37.7151318093128,126.756715355249
경기도교육청,파주교육지원청,갈현초등학교병설유치원,공립(병설),박숙자,박숙자,19990901,19990901,경기도 파주시 탄현면 평화로591번길 76,031-945-9022,031-944-7819,http://www.goepj.kr.pgh-e/main.do,0830시0830분~1900시1900분,0,0,0,1,0,20,0,0,0,20,0,0,0,0,6,0,37.7718250515,126.716362605
경기도교육청,파주교육지원청,검산초등학교병설유치원,공립(병설),김윤순,김윤순,19990901,19990901,경기도 파주시 검산로 10,031-950-8370,031-945-1810,https://pjgs-e.goepj.kr/pjgs-e/main.do,0830시0830분~1900시1900분,0,0,0,1,0,18,0,0,0,18,0,0,0,0,6,0,37.7761284952,126.7394277995
경기도교육청,파주교육지원청,교하초등학교병설유치원,공립(병설),이종만,이종만,19850207,19850307,경기도 파주시 동편길 13,031-943-8812,031-945-1950,http://gyoha-e.goepj.kr,0900시0900분~1900시1900분,0,0,0,1,0,18,0,0,0,18,0,0,0,0,3,0,37.7534478051,126.7478190878
경기도교육청,파주교육지원청,군내초등학교병설유치원,공립(병설),진남균,진남균,19850301,19850301,경기도 파주시 통일촌길 226,031-952-4391,031-954-2117,https://kunnae-e.goepj.kr/kunnae-e/main.do,1330시1330분~1730시1730분,0,0,0,1,0,18,0,0,0,18,0,0,0,0,2,0,37.9057406771,126.7320269931
경기도교육청,파주교육지원청,금릉초등학교병설유치원,공립(병설),신현숙,신현숙,20050301,20050301,경기도 파주시 후곡로 56,031-8071-9070,031-8071-9028,https://geumneung-e.goepj.kr/,0830시0830분~1900시1900분,1,1,1,0,1,62,14,20,24,0,4,7,11,11,0,2,37.7525582304,126.7728094298
경기도교육청,파주교육지원청,금신초등학교병설유치원,공립(병설),최정하,최정하,19860301,19860301,경기도 파주시 마음밭길 70,031-941-1937,031-943-2667,https://geumshin-e.goepj.kr,0830시0830분~1900시1900분,0,0,0,1,0,18,0,0,0,18,0,0,0,0,8,0,37.7670718051,126.7723395452
경기도교육청,파주교육지원청,금촌유치원,공립(단설),윤현주,윤현주,20130913,20130901,경기도 파주시 동산3길 38-11,031-945-4392,031-945-4394,http://kumchonpreschool-k.goepj.kr,0810시0810분~1900시1900분,2,1,2,0,2,96,27,19,44,0,6,27,19,33,0,6,37.7620168646,126.7703787875
경기도교육청,파주교육지원청,금향초등학교병설유치원,공립(병설),김미경,김미경,20050301,20050301,경기도 파주시 쇠재로 123,031-957-9056,031-957-9058,https://gh-e.goepj.kr.,0830시0830분~1900시1900분,0,0,1,1,1,42,0,0,24,14,4,0,0,13,9,1,37.7525934782,126.7767799906
경기도교육청,파주교육지원청,금화초등학교병설유치원,공립(병설),정윤동,정윤동,20041202,20041202,경기도 파주시 새꽃로 55,031-957-9916,031-957-0474,https://pjgeumhwa-e.goepj.kr,0830시0830분~1900시1900분,1,1,1,0,1,62,14,20,24,0,4,4,3,8,0,5,37.7550418619,126.767654026
경기도교육청,파주교육지원청,꿈의유치원,사립(사인),박창순,전미경,20090303,20090303,경기도 파주시 정담길 112,031-944-7959,031-944-7951,http://www.dreamkindergarten.net,0730시0730분~1930시1930분,1,3,2,0,0,120,32,40,48,0,0,11,30,32,0,0,37.7707908908248,126.77326322646
경기도교육청,파주교육지원청,능안초등학교병설유치원,공립(병설),윤주현,윤주현,20000108,20000108,경기도 파주시 능안로 145,031-948-0891, ,https://neungan-e.goepj.kr/neungan-e/main.do,0900시0900분~1900시1900분,0,0,0,1,0,18,0,0,0,18,0,0,0,0,5,0,37.7403605826,126.7926212618
경기도교육청,파주교육지원청,다온유치원,사립(사인),김윤임,이수빈,20030721,20030721,경기도 파주시 가온로 205,031-941-4997, , ,0700시0700분~1930시1930분,1,1,1,0,0,123,16,20,24,0,0,10,11,6,0,0,37.7207920493644,126.752721480927
경기도교육청,파주교육지원청,다율유치원,공립(단설),이소영,이소영,20220301,20220301,경기도 파주시 다율로 20,031-570-6900,031-570-6999,https://dayul-k.goepj.kr,0800시0800분~1900시1900분,3,3,3,0,0,174,42,60,72,0,0,42,60,70,0,0, , 
경기도교육청,파주교육지원청,대성동초등학교병설유치원,공립(병설), 최일용,최일용(직무대리),19830124,20110301,경기도 파주시 대성동길 150,031-954-0407,031-954-0408,https://daesungdong-e.goepj.kr/,1300시1300분~1900시1900분,0,0,0,1,0,5,0,0,0,5,0,0,0,0,5,0,37.9433846192564,126.680734496091
경기도교육청,파주교육지원청,덕암초등학교병설유치원,공립(병설),정귀우,정귀우,19850204,19850204,경기도 파주시 등원로 199,031-941-4153,031-944-0484,https://pjdeokam-e.goepj.kr/pjdeokam-e/cm/cntnts/cntntsView.do?mi=9625&cntntsId=3116,0830시0830분~1900시1900분,0,0,0,1,0,18,0,0,0,18,0,0,0,0,11,0,37.7652381018,126.8196379086
경기도교육청,파주교육지원청,동패유치원,공립(단설),김정희,김정희,20220301,20220301,경기도 파주시 교하로 272,031-540-7400, ,https://dongpae-k.goepj.kr,0800시0800분~1900시1900분,6,6,6,0,6,372,84,120,144,0,24,81,118,117,0,20,37.7173894269694,126.740109657174
경기도교육청,파주교육지원청,동화나라유치원,사립(사인),류진순,김덕희,20070302,20070302,경기도 파주시 소라지로 243,031-948-8889, ,http://www.donghwakids.com,0900시0900분~1900시1900분,4,3,1,0,0,160,72,66,22,0,0,67,59,21,0,0,37.7446998790668,126.691749658858
경기도교육청,파주교육지원청,두일유치원,공립(단설),김영화,김영화,20060501,20060501,경기도 파주시 책향기숲길 47,031-949-2013,031-949-6121,duil-k.goepj.kr,0800시0800분~1900시1900분,2,2,2,0,1,120,28,40,48,0,4,27,33,42,0,4,37.7196810257,126.7134196664
경기도교육청,파주교육지원청,마정초등학교병설유치원,공립(병설),신동길,신동길,19440331,19810309,경기도 파주시 문산읍 마정로124번길 13,031-953-4085,031-954-2069,https://majeong-e.goepj.kr/,0830시0830분~1900시1900분,0,0,0,1,0,20,0,0,0,20,0,0,0,0,2,0,37.8921224001,126.7606251728
경기도교육청,파주교육지원청,마지초등학교병설유치원,공립(병설),서선영,서선영,19810301,19810310,경기도 파주시 칠중1길 39,031-959-7320,031-959-7555,https://maji-e.goepj.kr/maji-e/cm/cntnts/cntntsView.do?mi=8183&cntntsId=2939,0900시0900분~1900시1900분,0,0,0,1,0,18,0,0,0,18,0,0,0,0,10,0,37.9516473867698,126.919483033887
경기도교육청,파주교육지원청,문발유치원,공립(단설),김인옥,김인옥,20060301,20060301,경기도 파주시 노을빛로 21,031-949-9466,031-949-9469,https://munbal-k.goepj.kr/munbal-k/main.do,0800시0800분~1900시1900분,2,2,2,0,1,121,28,40,48,0,5,28,37,33,0,5,37.7259160797,126.7062608636
경기도교육청,파주교육지원청,문산동초등학교병설유치원,공립(병설),김광찬,김광찬,19810309,19810309,경기도 파주시 선유울3길 85,031-8095-9448,031-953-2677,https://munsandong-e.goepj.kr/,1300시1300분~1900시1900분,0,0,0,1,0,18,0,0,0,18,0,0,0,0,12,0,37.86563145,126.7981374129
경기도교육청,파주교육지원청,문산중앙유치원,사립(사인),유춘분,유춘분,19820330,19820330,경기도 파주시 장승배기로 54-22,031-953-2323,031-954-1608, ,0900시0900분~1500시1500분,0,0,1,1,0,200,0,0,20,15,0,0,0,9,6,0,37.8726475841002,126.8087274081
경기도교육청,파주교육지원청,문산초등학교병설유치원,공립(병설),이희정,이희정,19840601,19840601,경기도 파주시 문향로67번길 58,070-5088-4711,031-954-2027,http://www.munsan1914.es.kr,1300시1300분~1900시1900분,0,0,0,1,0,18,0,0,0,18,0,0,0,0,4,0,37.8608784879,126.782956935
경기도교육청,파주교육지원청,물향기초등학교병설유치원,공립(병설),김우현,김우현,20260301,20260301,경기도 파주시 물향기1로 15,031-540-9070,031-540-9098,https://mulhyanggi-e.goepj.kr,0730시0730분~1900시1900분,1,1,1,0,0,58,14,20,24,0,0,14,20,18,0,0, , 
경기도교육청,파주교육지원청,봉일천초등학교병설유치원,공립(병설),김병욱,김병욱,19860301,19860301,경기도 파주시 통일로 333,031-941-4015,031-942-9974,http://www.bic.es.kr,0900시0900분~1700시1700분,0,0,0,1,0,18,0,0,0,18,0,0,0,0,16,0,37.7448661717135,126.807329755381
경기도교육청,파주교육지원청,빛고운유치원,사립(사인),정현숙,정현숙,20110418,20110418,경기도 파주시 미래로 345,031-947-9987,031-947-9987,https://bitgoun.kidsnote.ac/home/main,0730시0730분~1900시1900분,1,2,2,1,0,107,18,36,35,20,0,18,36,33,19,0,37.708887073667,126.744453632663
경기도교육청,파주교육지원청,뽀뽀뽀유치원,사립(사인),이정근,이정근,19880226,19880226,경기도 파주시 충현로 42-6,031-954-1900,031-952-1900,https://blog.naver.com/bbo9541900,0730시0730분~2000시2000분,3,5,5,0,0,240,60,92,88,0,0,48,88,87,0,0,37.8488988433713,126.793454664563
경기도교육청,파주교육지원청,산들초등학교병설유치원,공립(병설),도경순,도경순,20200301,20200301,경기도 파주시 교하로 60,031-589-1870, , ,0900시0900분~1900시1900분,1,1,1,0,0,58,14,20,24,0,0,14,17,24,0,0,37.7293777746427,126.731249950439
경기도교육청,파주교육지원청,삼성초등학교병설유치원,공립(병설),안철회,안철회,19990901,19990901,경기도 파주시 탄현면 방촌로 1009-20,031-942-7326,031-942-9967,www.pjsamsung.es.kr,0830시0830분~1900시1900분,0,0,0,1,0,18,0,0,0,18,0,0,0,0,4,0,37.8254841466,126.7328233575
경기도교육청,파주교육지원청,새금초등학교병설유치원,공립(병설),임은정,임은정,20060301,20060301,경기도 파주시 후곡로 104,031-8071-9571,031-957-5907,https://saegeum-e.goepj.kr/,0900시0900분~1900시1900분,1,1,1,0,0,58,14,20,24,0,0,7,7,12,0,0,37.7481938132,126.7729110524
경기도교육청,파주교육지원청,새아란유치원,사립(사인),김명숙,김명숙,20010526,20010526,경기도 파주시 와석순환로 347,031-947-5100,031-947-5103,http://www.newaran.com,0800시0800분~1900시1900분,3,3,2,1,0,210,54,66,52,22,0,54,66,52,22,0,37.7272975850562,126.744357408378
경기도교육청,파주교육지원청,석곶초등학교병설유치원,공립(병설),나건웅,나건웅,20060301,20060301,경기도 파주시 책향기로 451,031-949-8319, , ,0840시0840분~1900시1900분,0,0,1,1,0,38,0,0,24,14,0,0,0,18,6,0,37.7251937863843,126.721754913265
경기도교육청,파주교육지원청,솔가람유치원,사립(사인),신인숙,신인숙,20171025,20180301,경기도 파주시 가람로116번길 40,031-946-2123,031-946-5123, ,0800시0800분~1900시1900분,3,2,2,0,0,164,54,44,52,0,0,49,31,33,0,0,37.7347501348,126.7634839807
경기도교육청,파주교육지원청,수정유치원,사립(사인),최수일,문정숙,20000302,20000302,경기도 파주시 대원로 215,031-943-3939, ,https://m.blog.naver.com/soojungyuch,0730시0730분~1900시1900분,1,2,2,0,0,249,18,44,52,0,0,9,30,35,0,0,37.7355944469702,126.801996305931
경기도교육청,파주교육지원청,숲노을초등학교병설유치원,공립(병설),박종승,박종승,20260301,20260301,경기도 파주시 초롱꽃로 61,031-934-1300, ,https://www.goepj.kr/soopnoeul-e,0800시0800분~1900시1900분,2,2,2,0,0,116,28,40,48,0,0,23,40,28,0,0, , 
경기도교육청,파주교육지원청,신산초등학교병설유치원,공립(병설),신은식,신은식,19801226,19810310,경기도 파주시 심궁로 13,031-947-4179, ,http://www.sinsan.es.kr,0900시0900분~1900시1900분,0,0,0,1,0,18,0,0,0,18,0,0,0,0,9,0,37.7800150805,126.8534153305
경기도교육청,파주교육지원청,심학초등학교병설유치원,공립(병설),박홍석,박홍석,19820301,19820301,경기도 파주시 교하로681번길 33,031-957-1905,031-957-1906,https://simhak-e.goepj.kr/simhak-e/main.do,0900시0900분~1900시1900분,0,0,0,1,0,18,0,0,0,18,0,0,0,0,5,0,37.7076784963,126.7029881395
경기도교육청,파주교육지원청,아트숲유치원,사립(사인),박현,이은주,20140220,20140301,경기도 파주시 송학1길 126-50,031-945-8333,031-945-8335,http://www.artsoop.kr/,0900시0900분~1900시1900분,4,3,2,0,0,185,72,66,52,0,0,68,55,47,0,0,37.7158518542414,126.765470782537
경기도교육청,파주교육지원청,연풍초등학교병설유치원,공립(병설),원영숙,원영숙,19810301,19810301,경기도 파주시 파주읍 연풍초교길 25,031-954-2177,031-953-0623,yunpoong.e-wut.co.kr,0730시0730분~1900시1900분,0,0,0,1,0,18,0,0,0,18,0,0,0,0,5,0,37.8308065702,126.833726557
경기도교육청,파주교육지원청,예성유치원,사립(사인),이미진,이미진,20120209,20120209,경기도 파주시 가람로 22,031-946-3373,031-946-3356,http://www.yehseong.kg.kr/,0730시0730분~1900시1900분,2,2,2,0,0,111,36,35,40,0,0,36,35,40,0,0,37.7330840084439,126.754264840864
경기도교육청,파주교육지원청,예원유치원,사립(사인),윤용철 임재숙,임재숙,20180921,20190301,경기도 파주시 교하로 100,031-942-5585,031-942-5584,https://www.pajuyeawon.co.kr/,0730시0730분~2000시2000분,2,2,2,0,0,112,31,41,40,0,0,32,40,40,0,0,37.72397561700087,126.73517460369806
경기도교육청,파주교육지원청,예은유치원,사립(사인),곽동근,이경숙,20131210,20131210,경기도 파주시 한빛로 30,031-948-0202,031-948-6006,http://yekids.co.kr,0730시0730분~1900시1900분,9,10,9,0,0,750,162,220,234,0,0,162,219,234,0,0,37.7124109342,126.7547472098
경기도교육청,파주교육지원청,예일유치원,사립(사인),곽동근,김성순,20070210,20070210,경기도 파주시 책향기로 395,031-942-6633,031-949-8327,http://www.oyeil.co.kr,0800시0800분~1900시1900분,4,4,4,0,0,366,72,88,104,0,0,72,88,104,0,0,37.7246031045053,126.715451316747
경기도교육청,파주교육지원청,와석초등학교병설유치원,공립(병설),안영돈,안영돈,20060301,20060301,경기도 파주시 한빛로 7,031-957-8715,031-957-8725,http://pajuwaseok.es.kr,0800시0800분~1900시1900분,1,1,1,0,1,58,14,17,23,0,4,14,16,21,0,3,37.7104938301,126.753036953
경기도교육청,파주교육지원청,용미초등학교병설유치원,공립(병설),황경숙,황경숙,19850301,19850301,경기도 파주시 장지산로 78,031-943-9640,031-943-3986,https://yongmi-e.goepj.kr/yongmi-e/main.do,1330시1330분~1700시1700분,0,0,0,1,0,20,0,0,0,18,0,0,0,0,6,0,37.7431354077,126.8885863484
경기도교육청,파주교육지원청,용연초등학교병설유치원,공립(병설),한재화,한재화,19810310,19810310,경기도 파주시 청송로402번길 31,031-959-8309,031-959-7544,http://www.yongyeon.es.kr,0830시0830분~1900시1900분,0,0,0,1,0,20,0,0,0,20,0,0,0,0,5,0,37.9285629955,126.8577809633
경기도교육청,파주교육지원청,운광초등학교병설유치원,공립(병설),임은희,임은희,20100309,20100309,경기도 파주시 한울로 90,031-909-5780,031-909-5797,http://www.unkwang.es.kr,0800시0800분~1900시1900분,1,1,1,0,0,58,14,20,24,0,0,12,20,24,0,0,37.7097047247,126.7409702318
경기도교육청,파주교육지원청,운정중앙초등학교병설유치원,공립(병설),강미정,강미정,20260301,20260301,경기도 파주시 물향기1로 141,031-937-6991, ,https://unjeongjungang-e.goepj.kr/unjeongjungang-e/main.do,0800시0800분~1900시1900분,1,1,1,0,0,58,14,20,24,0,0,14,17,17,0,0, , 
경기도교육청,파주교육지원청,운정초등학교병설유치원,공립(병설),윤광헌,윤광헌,20121015,20130308,경기도 파주시 와석순환로 35-34,031-8071-9470,031-8071-9489,http://www.unjeong.es.kr/,0900시0900분~1900시1900분,1,1,1,0,1,58,14,20,24,0,4,12,9,24,0,4,37.7079032758,126.7538634429
경기도교육청,파주교육지원청,운정초롱유치원,공립(단설),이미성,이미성,20210901,20210901,경기도 파주시 양지로 101,031-869-8900,031-869-8998,http://unjeongchorong-k.goepj.kr,0800시0800분~1900시1900분,3,3,3,0,2,174,42,55,68,0,9,42,55,68,0,9,37.7102082815,126.7199053625
경기도교육청,파주교육지원청,운정해오름초등학교병설유치원,공립(병설),김후성,김후성(직무대리),20240901,20240901,경기도 파주시 범벅들길 155,031-869-3575, ,https://ujhaeoleum-e.goepj.kr/ujhaeoleum-e/main.do,1300시1300분~1900시1900분,1,1,1,0,0,58,14,20,24,0,0,14,20,24,0,0,37.7418368778,126.7311241295
경기도교육청,파주교육지원청,월롱초등학교병설유치원,공립(병설),김상용,김상용,19681125,19820309,경기도 파주시 월롱면 월롱초교길 40,031-945-8655,031-944-2568,www.wollong.es.kr,0840시0840분~1900시1900분,0,0,0,1,0,18,0,0,0,18,0,0,0,0,7,0,37.801067985,126.7799446246
경기도교육청,파주교육지원청,유정유치원,사립(사인),김지은,이정숙,20101126,20101126,경기도 파주시 금바위로 35,031-945-4575,031-945-6393,http://pjyujung.com/,0800시0800분~1830시1830분,6,8,7,0,0,567,108,176,182,0,0,108,176,183,0,0,37.7276135773048,126.758206315891
경기도교육청,파주교육지원청,임진초등학교병설유치원,공립(병설),홍희경,홍희경,20050301,20050301,경기도 파주시 문향로17번길 36,031-954-4008, , ,0830시0830분~1700시1700분,0,0,0,1,0,18,0,0,0,18,0,0,0,0,4,0,37.8548457219387,126.785114001917
경기도교육청,파주교육지원청,자유초등학교병설유치원,공립(병설),채복식,채복식,20110301,20110301,경기도 파주시 방촌로 1722,031-954-3815,031-954-3822,https://jayu-e.goepj.kr,0830시0830분~1900시1900분,1,1,1,0,2,59,13,18,20,0,8,13,16,20,0,7,37.8651255873725,126.786700133798
경기도교육청,파주교육지원청,장파초등학교병설유치원,공립(병설),정혜정,정혜정,19801230,19810301,경기도 파주시 장마루5길 11,031-958-9990,031-959-8152, ,1300시1300분~1900시1900분,0,0,0,1,0,18,0,0,0,18,0,0,0,0,5,0,37.9413881547,126.8371166228
경기도교육청,파주교육지원청,적서초등학교병설유치원,공립(병설),사공란,사공란,19820309,19820309,경기도 파주시 적성면 적서초교길 3,031-959-4315,031-959-7553,www.jeokseo.es.kr,1300시1300분~1900시1900분,0,0,0,1,0,20,0,0,0,20,0,0,0,0,3,0,37.9510430128,126.8969824218
경기도교육청,파주교육지원청,지산초등학교병설유치원,공립(병설),조용남,조용남,19810301,19810301,경기도 파주시 경의로 1274,031-942-6744,031-945-2389,http://www.jisan.es.kr,1330시1330분~1900시1900분,1,1,1,0,0,58,14,20,24,0,0,9,9,24,0,0,37.7310088854267,126.761662047939
경기도교육청,파주교육지원청,참한빛유치원,사립(사인),정희경,정희경,20141215,20150305,경기도 파주시 와석순환로 61,031-948-7955,031-948-7958,https://0319487955.kidsnote.ac,0730시0730분~1930시1930분,2,2,2,0,0,150,36,44,52,0,0,36,44,50,0,0,37.7083511838868,126.751438984277
경기도교육청,파주교육지원청,천현초등학교병설유치원,공립(병설),이용현,이용현,19801227,19801227,경기도 파주시 사임당로 875,031-958-7957,031-958-7924,http://www.chunhyun.es.kr,0900시0900분~1900시1900분,0,0,0,1,0,18,0,0,0,18,0,0,0,0,5,0,37.8489867402,126.877380541
경기도교육청,파주교육지원청,청미르초등학교병설유치원,공립(병설),황경화,황경화,20260301,20260301,경기도 파주시 운정중앙로 230,031-540-7291,031-540-7296,https://cheongmireu-e.goepj.kr/cheongmireu-e/main.do,0900시0900분~1900시1900분,1,1,1,0,0,58,14,20,24,0,0,14,7,8,0,0, , 
경기도교육청,파주교육지원청,청석초등학교병설유치원,공립(병설),이인미,이인미,19850302,19850302,경기도 파주시 청석로 330,031-943-9312,031-948-9323,http://www.cheongseok.es.kr,0900시0900분~1900시1900분,0,0,1,1,0,38,0,0,24,14,0,0,0,12,10,0,37.7309027867617,126.719588587596
경기도교육청,파주교육지원청,탄현초등학교병설유치원,공립(병설),고창균,고창균,19710301,19810310,경기도 파주시 방촌로653번길 4,031-942-7943,031-942-9978,http://www.th.es.kr,0830시0830분~1900시1900분,0,0,0,1,0,18,0,0,0,18,0,0,0,0,13,0,37.8033661423,126.7171832129
경기도교육청,파주교육지원청,통일초등학교병설유치원,공립(병설),김정현,김정현,20010301,20010301,경기도 파주시 탄현면 사슴벌레로 14,031-945-1964,031-945-1994,https://tongil-e.goepj.kr,1300시1300분~1900시1900분,1,1,1,0,0,58,14,20,24,0,0,5,8,7,0,0,37.7746039149,126.7036482309
경기도교육청,파주교육지원청,파양초등학교병설유치원,공립(병설),강정수,강정수,19830301,19830301,경기도 파주시 문산읍 배머리길 90-70,031-954-2494,031-954-2043,https://payang-e.goepj.kr/payang-e/main.do,0900시0900분~1900시1900분,0,0,0,1,0,20,0,0,0,18,0,0,0,0,3,0,37.861220951,126.8362913894
경기도교육청,파주교육지원청,파주국제유치원,사립(사인),김다정,박형선,20131213,20140304,경기도 파주시 반구정로2번길 35-16,0319538617,031-953-8610, ,0900시0900분~1900시1900분,4,2,2,0,0,199,72,44,52,0,0,44,34,37,0,0,37.8673912654611,126.760522770092
경기도교육청,파주교육지원청,파주대원초등학교병설유치원,공립(병설),손은경,손은경,20010108,20010305,경기도 파주시 조리읍 대원로 30,031-948-7027,031-948-7023,pjdaewon.cafe24.com,0830시0830분~1900시1900분,0,0,0,1,0,18,0,0,0,18,0,0,0,0,16,0,37.7276677452,126.8191640518
경기도교육청,파주교육지원청,파주송화초등학교병설유치원,공립(병설),최미자,최미자,20020301,20020301,경기도 파주시 송화로 39,031-947-1654,031-947-6090,www.shw.es.kr,0840시0840분~1900시1900분,1,1,1,0,0,58,14,20,24,0,0,11,14,16,0,0,37.7741443555,126.7790838537
경기도교육청,파주교육지원청,파주와동초등학교병설유치원,공립(병설),용을미,용을미,20020305,20020305,경기도 파주시 금바위로 17,031-946-3265,031-946-2684, ,0900시0900분~1900시1900분,0,0,1,1,1,48,0,0,24,20,4,0,0,7,7,2,37.7264939513,126.7567443369
경기도교육청,파주교육지원청,파주초등학교병설유치원,공립(병설),박진현,박진현,19820301,19820301,경기도 파주시 우계로53번길 15,031-953-5024, ,http://www.paju.es.kr,1300시1300분~1900시1900분,0,0,0,1,0,18,0,0,0,18,0,0,0,0,12,0,37.8314089319,126.815235234
경기도교육청,파주교육지원청,프라임유치원,사립(사인),운수진 김민호,권유주,20120227,20120301,경기도 파주시 가온로 245,031-957-0068,031-957-2559,http://www.프라임유치원.com,0800시0800분~1900시1900분,1,1,1,0,0,66,18,22,26,0,0,18,17,18,0,0,37.7262427341538,126.754357503032
경기도교육청,파주교육지원청,학이유치원,사립(사인),이영만,이영만,19910301,19910301,경기도 파주시 사임당로 30,031-954-1114,031-954-3253, ,0720시0720분~1930시1930분,3,1,1,0,0,170,32,22,26,0,0,30,14,19,0,0,37.8598581866683,126.797604549977
경기도교육청,파주교육지원청,한가람유치원,공립(단설),전순희,전순희,20120301,20120301,경기도 파주시 금바위로 87,031-8071-5284,031-8071-5257,https://han-k.goepj.kr,0750시0750분~1900시1900분,2,2,2,0,2,116,28,40,48,0,8,23,34,39,0,8,37.7320775834,126.7560303149
경기도교육청,파주교육지원청,한빛초등학교병설유치원,공립(병설),이상훈,이상훈,20100301,20100301,경기도 파주시 미래로408번길 77,031-950-3180, ,http://www.hanbit.es.kr,0800시0800분~1900시1900분,1,2,2,0,0,102,14,40,48,0,0,14,25,27,0,0,37.7143720334102,126.751165679413
경기도교육청,파주교육지원청,한예술유치원,사립(사인),최영종,정자연,20130401,20130401,경기도 파주시 휴암로635번길 7,031-952-3911,031-952-3912,http://tp555.thechakan.kr,0800시0800분~2000시2000분,1,2,1,0,0,138,18,44,26,0,0,12,41,23,0,0,37.8461713982297,126.777834100555
경기도교육청,파주교육지원청,해솔빛유치원,공립(단설),전혜정,전혜정,20210302,20210302,경기도 파주시 해솔로 80,031-8071-2021, ,https://haesolbit-k.goepj.kr/,0800시0800분~1900시1900분,3,3,3,0,2,182,42,60,72,0,8,40,55,57,0,8,37.7279754158972,126.746084047599
경기도교육청,파주교육지원청,해솔초등학교병설유치원,공립(병설),최순월,최순월,20100316,20100316,경기도 파주시 해솔로 40,031-8035-7243,031-8035-7298,https://haesol-e.goepj.kr,0800시0800분~1900시1900분,1,1,1,0,0,58,14,20,24,0,0,14,10,17,0,0,37.7266463156,126.7473753454
경기도교육청,파주교육지원청,홍익늘푸른유치원,사립(사인),박승철,이해숙,20121127,20121128,경기도 파주시 동산3길 5,031-945-2934,031-941-0772,https://www.hongik2934.co.kr,0730시0730분~1930시1930분,0,1,1,0,0,78,0,20,22,0,0,0,10,7,0,0,37.7592911858,126.7699223932
경기도교육청,파주교육지원청,홍익유치원,사립(사인),이혜경,이혜경,20110401,20110401,경기도 파주시 성재길 3,031-948-2137,031-948-2128, ,0810시0810분~1830시1830분,5,5,4,0,0,316,88,104,104,0,0,87,103,79,0,0,37.7367653022366,126.750056298425
경기도교육청,평택교육지원청,가내초등학교병설유치원,공립(병설),이미옥,이미옥,20171030,20171030,경기도 평택시 비전2로 265,031-686-1603,031-686-1603,http://ganae-e.goept.kr/ganae-e/main.do,0900시0900분~1900시1900분,1,1,1,0,0,58,14,20,24,0,0,8,6,20,0,0,37.0170121301,127.1158533003
경기도교육청,평택교육지원청,가람유치원,사립(사인),김미란,정윤희,20120224,20120301,경기도 평택시 둥구재길 22,031-668-3791,031-668-3990,http://www.garam.or.kr,0800시0800분~1900시1900분,4,4,4,0,0,264,72,88,104,0,0,72,87,104,0,0,37.0585823273707,127.061538331201
경기도교육청,평택교육지원청,가재초등학교병설유치원,공립(병설),김창숙,김창숙,20260301,20260302,경기도 평택시 가재3로 15,031-611-4969, ,https://gajae-e.goept.kr/gajae-e/main.do,0900시0900분~1900시1900분,0,0,1,1,0,42,0,0,24,14,0,0,0,3,4,0, , 
경기도교육청,평택교육지원청,갈곶초등학교병설유치원,공립(병설),김동천,김동천,19800301,19800301,경기도 평택시 엘지로 57,031-669-9096,031-372-5124,https://galgot-e.goept.kr,0900시0900분~1900시1900분,0,0,0,1,0,20,0,0,0,20,0,0,0,0,3,0,37.1256278507,127.0720308489
경기도교육청,평택교육지원청,계성초등학교병설유치원,공립(병설),최종옥,최종옥,19810301,19810301,경기도 평택시 계성새싹길 85,031-691-2789, , ,0900시0900분~1900시1900분,0,0,0,8,0,18,0,0,0,18,0,0,0,0,8,0,36.9425034572649,127.007244816071
경기도교육청,평택교육지원청,고덕초등학교병설유치원,공립(병설),정미하,정미하,19810301,19810301,경기도 평택시 함박산로 161 (고덕동),031-647-5378,031-664-6144,https://www.goept.kr/godeok-e/main.do,0830시0830분~1900시1900분,2,2,2,0,1,120,28,40,48,0,4,28,40,47,0,4,37.04089697390719,127.02846376778989
경기도교육청,평택교육지원청,고덕함박초등학교병설유치원,공립(병설),권혁인,권혁인,20250301,20250310,경기도 평택시 고덕국제5로 80,0316156475, , ,0900시0900분~1900시1900분,1,1,1,0,1,62,14,20,24,0,4,11,15,18,0,4,37.032876102903,127.032098155929
경기도교육청,평택교육지원청,군문유치원,공립(단설),이명원,이명원,20200301,20200301,경기도 평택시 군문1길 12-10,031-692-2131,031-692-2134,http://gm-k.goept.kr,0800시0800분~1900시1900분,2,2,2,0,0,116,28,40,48,0,0,13,32,35,0,0,36.9845628646748,127.0827292728
경기도교육청,평택교육지원청,군문초등학교병설유치원,공립(병설),최완오,최완오,20000308,20000308,경기도 평택시 원평로 21,031-618-5765, , ,0900시0900분~1900시1900분,0,0,0,1,0,18,0,0,0,18,0,0,0,0,9,0,36.9879809635843,127.085543977625
경기도교육청,평택교육지원청,꿈꾸는숲유치원,사립(사인),김미화허제규,김미화,20070402,20070402,경기도 평택시 이충로 19,031-666-0086,031-611-6547, ,0730시0730분~1830시1830분,3,2,2,0,0,169,54,44,50,0,0,54,42,44,0,0,37.058797373957,127.069553113359
경기도교육청,평택교육지원청,꿈터유치원,사립(사인),정세관,김두례,19850611,19850615,경기도 평택시 매봉산1길 11,031-654-0933,031-656-0933, ,0930시0930분~1700시1700분,1,1,2,0,0,74,14,20,40,0,0,10,20,31,0,0,36.998874781277,127.106179526649
경기도교육청,평택교육지원청,내기초등학교병설유치원,공립(병설),김진호,김진호,19820301,19820301,경기도 평택시 내기새싹길 23,031-682-4487,031-681-1883,https://naegi-e.goept.kr/naegi-e/main.do,0900시0900분~1900시1900분,0,0,0,1,0,20,0,0,0,18,0,0,0,0,8,0,36.9797155637,126.8721601326
경기도교육청,평택교육지원청,노루유치원,공립(단설),이해정,이해정,20220301,20220301,경기도 평택시 송탄로40번길 71-20,031-8054-8333,031-647-6869,https://noru-k.goept.kr,0800시0800분~1900시1900분,1,2,2,0,1,102,14,40,48,0,4,14,34,33,0,3,37.0514149929,127.0570981736
경기도교육청,평택교육지원청,대일유치원,사립(사인),정동오,장성오,20051025,20051025,경기도 평택시 학현4길 26,031-682-1100,031-686-7447,http://daeilkid.com,0930시0930분~1800시1800분,4,5,5,0,0,360,90,110,120,0,0,72,105,117,0,0,36.9922687388037,126.922559032727
경기도교육청,평택교육지원청,덕동초등학교병설유치원,공립(병설),표인용,표인용,19970310,19970310,경기도 평택시 매봉산1길 5,031-654-0692,031-651-0697,deokdong-e.goept.kr,0900시0900분~1900시1900분,0,0,0,1,0,18,0,0,0,18,0,0,0,0,3,0,36.9976335784,127.1072909024
경기도교육청,평택교육지원청,동삭초등학교병설유치원,공립(병설),김남석,김남석,20030302,20030302,경기도 평택시 동삭로 370,031-618-9672,031-618-9675, ,1330시1330분~1900시1900분,0,0,1,0,0,24,0,0,24,0,0,0,0,9,0,0,37.0184869904515,127.097484111251
경기도교육청,평택교육지원청,동아유치원,사립(사인),김지수,김지수,20120322,20120326,경기도 평택시 지산로37번길 36,031-666-0378,031-662-0378, ,0730시0730분~2000시2000분,2,2,2,0,0,200,36,44,52,0,0,22,23,28,0,0,37.080823206,127.0595967617
경기도교육청,평택교육지원청,동화나라유치원,사립(사인),김경희,김경희,19980301,19980301,경기도 평택시 이화로 134-26,031-658-3233, , ,0800시0800분~1900시1900분,3,2,2,0,0,189,54,44,48,0,0,47,42,44,0,0,37.0069402254065,127.138570069595
경기도교육청,평택교육지원청,드림153유치원,사립(사인),안미경,이주영,20121120,20130301,경기도 평택시 여술4길 18-9,031-684-0382,031-682-0384, ,0730시0730분~1930시1930분,2,2,2,0,0,243,36,44,52,0,0,24,28,29,0,0,36.9901473124962,126.84487724961
경기도교육청,평택교육지원청,리라유치원,사립(사인),김해경,김해경,19920301,19920301,경기도 평택시 지산1로24번길 32,031-662-7293,031-667-8088, ,0900시0900분~1800시1800분,2,2,2,0,0,175,45,46,50,0,0,31,26,28,0,0,37.0766296748,127.0595675783
경기도교육청,평택교육지원청,민세초등학교병설유치원,공립(병설),허명현,허명현,20240901,20240901,경기도 평택시 고덕국제1로 200,031-690-7670,031-690-7699,https://minse-e.goept.kr,0900시0900분~1900시1900분,1,1,1,0,1,62,14,20,24,0,4,8,7,11,0,3,37.0554520557,127.0399656006
경기도교육청,평택교육지원청,반디유치원,사립(사인),임귀택,김은주,20221227,20230301,경기도 평택시 고덕여염17길 29,031-665-0070,031-665-0773, ,0730시0730분~1930시1930분,7,6,4,0,0,368,126,132,104,0,0,126,130,104,0,0,37.0470373401883,127.050663234849
경기도교육청,평택교육지원청,반지초등학교병설유치원,공립(병설),최수봉,최수봉,20080301,20080301,경기도 평택시 이충로 7,031-610-8698,031-611-4194,https://banji-e.goept.kr/banji-e/main.do,0900시0900분~1900시1900분,0,0,0,1,0,20,0,0,0,20,0,0,0,0,8,0,37.0579184088,127.069532772
경기도교육청,평택교육지원청,부용초등학교병설유치원,공립(병설),우영숙,우영숙,19820301,19820301,경기도 평택시 동서촌로 65,031-692-1380,031-691-7081,https://buyung.es.kr,0900시0900분~1700시1700분,0,0,0,1,0,18,0,0,0,18,0,0,0,0,9,0,36.9661685083812,127.059662031544
경기도교육청,평택교육지원청,사랑유치원,사립(사인),양유찬,이선미,20161117,20170301,경기도 평택시 비전8길 2-10,031-667-8226,031-692-6500,http://www.sr8226.co.kr,0750시0750분~1830시1830분,5,5,4,0,0,322,90,110,104,0,0,90,100,102,0,0,37.0023586419,127.106353366
경기도교육청,평택교육지원청,삼덕초등학교병설유치원,공립(병설),나종철,나종철,19840702,19840702,경기도 평택시 청북중앙로 226,031-683-3151,031-683-5037,http://samduck-pt.es.kr/,0830시0830분~1900시1900분,0,0,0,1,0,18,0,0,0,18,0,0,0,0,5,0,37.0395527449875,126.911835603778
경기도교육청,평택교육지원청,새말유치원,공립(단설),유숙종,유숙종,20220301,20220301,경기도 평택시 신촌3로 25,031-666-6500,031-666-5127,http://saemal-k.goept.kr,0800시0800분~1900시1900분,3,3,3,0,2,174,40,56,70,0,8,40,52,69,0,8,37.0252650205109,127.108512793091
경기도교육청,평택교육지원청,서정리초등학교병설유치원,공립(병설),홍석모,홍석모,19820301,19820301,경기도 평택시 서두물로 21,031-664-0214,031-665-2300,https://sjr-e.goept.kr/sjr-e/main.do,0900시0900분~1900시1900분,0,0,1,1,1,34,0,0,20,14,4,0,0,9,4,3,37.0587931213,127.0573741745
경기도교육청,평택교육지원청,서탄초등학교병설유치원,공립(병설),최미향,최미향,19850206,19850206,경기도 평택시 서탄면 금암2길 121,031-611-1926,031-663-8174,https://seotan-e.goept.kr/,0900시0900분~1900시1900분,0,0,0,1,0,18,0,0,0,18,0,0,0,0,9,0,37.1072245615,127.0367882226
경기도교육청,평택교육지원청,세교초등학교병설유치원,공립(병설),김경자,김경자,19970301,19970301,경기도 평택시 세교공원로 32,031-653-6075,031-647-8651,https://sekyo-e.goept.kr/,0900시0900분~1700시1700분,0,0,0,1,0,18,0,0,0,18,0,0,0,0,13,0,37.0021883361,127.0831762062
경기도교육청,평택교육지원청,세아초등학교병설유치원,공립(병설),홍승찬,홍승찬,20190901,20190901,경기도 평택시 세교4로 50,031-650-2170,031-692-2151,http://se-a.es.kr,0830시0830분~1900시1900분,1,1,1,0,0,58,14,20,22,0,0,10,12,10,0,0,37.0085133867,127.088334998
경기도교육청,평택교육지원청,소사벌초등학교병설유치원,공립(병설),송명수,송명수,19970301,19970301,경기도 평택시 동부공원로 59,031-654-1195,031-654-1194,https://sosabul-e.goept.kr,0830시0830분~1900시1900분,1,1,1,0,1,60,15,18,24,0,3,7,6,11,0,3,36.9953176097,127.1168918197
경기도교육청,평택교육지원청,소화데레사유치원,사립(법인),유순란,유순란,19921222,19930302,경기도 평택시 탄현로 28,031-667-1703,031-667-1785, ,1300시1300분~1830시1830분,2,2,2,0,0,172,36,44,48,0,0,36,43,36,0,0,37.0552530567,127.0549217407
경기도교육청,평택교육지원청,솔가람유치원,사립(사인),윤숙현,윤숙현,20180209,20180301,경기도 평택시 옥길1길 295,031-684-1137, , ,0730시0730분~1930시1930분,2,1,1,0,0,208,30,22,26,0,0,28,22,18,0,0,37.0243463077,126.9081715276
경기도교육청,평택교육지원청,송북초등학교병설유치원,공립(병설),김문국,김문국,19820301,19820301,경기도 평택시 지산로 90,031-664-1514,031-664-1512,www.songbuk.es.kr,0900시0900분~1900시1900분,1,1,1,0,0,58,14,20,24,0,0,10,8,13,0,0,37.0801582004,127.0667610093
경기도교육청,평택교육지원청,송신초등학교병설유치원,공립(병설),김석기,김석기,19810301,19810301,경기도 평택시 송월로32번길 32,031-664-1036,031-664-1034, ,0900시0900분~1900시1900분,1,1,1,0,1,58,13,20,21,0,4,8,11,8,0,4,37.075191097,127.0521305551
경기도교육청,평택교육지원청,송일초등학교병설유치원,공립(병설),정미경,정미경,19980301,19991101,경기도 평택시 송일로 6,031-611-5904,031-611-5903,https://ptsongil-e.goept.kr/,1330시1330분~1900시1900분,0,0,0,1,0,18,0,0,0,18,0,0,0,0,5,0,37.0627657559,127.0595669781
경기도교육청,평택교육지원청,송탄초등학교병설유치원,공립(병설),최현일,최현일,19850301,19850301,경기도 평택시 막곡길 67,031-664-9096,031-664-9094, ,1300시1300분~1900시1900분,0,0,0,1,0,18,0,0,0,18,0,0,0,0,11,0,37.0423993179,127.0872618981
경기도교육청,평택교육지원청,숲아이유치원,사립(사인),오현미,오현미,20141204,20150301,경기도 평택시 안청로1길 84,031-681-1305,031-681-1387, ,0720시0720분~1900시1900분,3,2,2,0,0,324,108,108,108,0,0,34,32,48,0,0,37.0198867425833,126.911187716993
경기도교육청,평택교육지원청,아이들천국유치원,사립(사인),서재홍,서재홍,19910604,19910604,경기도 평택시 세교2로 38,031-652-3018,031-618-5358, ,0830시0830분~1730시1730분,0,0,0,1,0,36,0,0,0,18,0,0,0,0,14,0,37.0018129104633,127.082029051459
경기도교육청,평택교육지원청,안중유치원,사립(사인),임민숙,이미숙,19820601,19820601,경기도 평택시 경성1길 27,031-682-1288,031-681-3147,https://anjungkids.modoo.at,0730시0730분~2000시2000분,1,1,1,0,0,90,10,10,15,0,0,3,4,10,0,0,36.9895010277881,126.940182365246
경기도교육청,평택교육지원청,안중초등학교병설유치원,공립(병설),김신영,김신영,19810301,19810301,경기도 평택시 안중로 89,031-681-2010,031-681-7884,https://anjoong-e.goept.kr/anjoong-e/main.do,0900시0900분~1900시1900분,0,0,1,1,1,42,0,0,24,14,4,0,0,4,7,3,36.9893244052,126.9260374187
경기도교육청,평택교육지원청,안중파랑새유치원,사립(사인),김현숙,김동숙,20071217,20080301,경기도 평택시 삼정길 25,031-684-0072,031-684-0075, ,0800시0800분~1900시1900분,4,3,3,0,0,330,72,66,78,0,0,65,65,66,0,0,36.9656746749628,126.952438136554
경기도교육청,평택교육지원청,엔젤라유치원,사립(법인),이영선,김수진,19900530,20131105,경기도 평택시 송탄2로 10-5,031-666-3118,031-667-3118, ,0700시0700분~1900시1900분,3,2,2,0,0,220,54,44,52,0,0,53,30,41,0,0,37.0709907784779,127.05605180611
경기도교육청,평택교육지원청,예림유치원,사립(사인),최유출,최유출,19890316,19890316,경기도 평택시 만세로 1627-45,031-655-9990,031-652-9590,http://yerim.kidis.co.kr/,0830시0830분~1800시1800분,2,1,1,1,0,112,36,22,26,22,0,36,21,26,20,0,37.0200848094,127.1212654174
경기도교육청,평택교육지원청,예일유치원,사립(사인),이문영,김은숙,20021125,20021125,경기도 평택시 화촌2길 7-11,031-657-7472,031-658-7472,https://www.instagram.com/?hl=ko,0800시0800분~1830시1830분,3,2,1,0,0,170,54,44,26,0,0,48,28,20,0,0,36.992026979179,127.072179367816
경기도교육청,평택교육지원청,오렌지유치원,사립(사인),한 명숙,한 명숙,19961216,19961216,경기도 평택시 송탄공원로 146,031-662-4005,031-667-6889,https://orange-kids.my.canva.site/2-146-031-662-4005-orghan4005-naver-com,0900시0900분~1830시1830분,1,1,1,0,0,120,26,20,18,0,0,22,10,10,0,0,37.0772955192,127.0655946674
경기도교육청,평택교육지원청,오성초등학교병설유치원,공립(병설),김정아,김정아,19810301,19810301,경기도 평택시 오성면 숙성시장길 15,031-682-1495,031-681-6454,http://www.osung.es.kr/,0830시0830분~1700시1700분,0,0,0,1,0,18,0,0,0,18,0,0,0,0,2,0,37.0082414025,126.9786932022
경기도교육청,평택교육지원청,용이초등학교병설유치원,공립(병설),여명현,여명현,20100301,20100301,경기도 평택시 현신7길 36,031-692-4805,031-692-4804,https://yongi-e.goept.kr/yongi-e/main.do,0900시0900분~1900시1900분,0,1,1,0,0,44,0,20,24,0,0,0,15,21,0,0,36.9995074906666,127.146525153901
경기도교육청,평택교육지원청,용죽초등학교병설유치원,공립(병설),남궁경희,남궁경희,20190301,20190308,경기도 평택시 용죽2로 23,031-639-9670, ,https://yongjuk-e.goept.kr/yongjuk-e/cm/cntnts/cntntsView.do?mi=4313&cntntsId=640,0900시0900분~1900시1900분,1,1,1,0,1,60,14,20,24,0,4,9,14,20,0,1,36.995064368,127.1240116487
경기도교육청,평택교육지원청,원정초등학교병설유치원,공립(병설),이정규,이정규,19850301,19850301,경기도 평택시 평택항로 469,031-681-1856,02-682-5444,https://wonjeong-e.goept.kr/wonjeong-e/main.do,0900시0900분~1900시1900분,0,0,0,1,0,18,0,0,0,18,0,0,0,0,13,0,36.9940471013656,126.841657069409
경기도교육청,평택교육지원청,율포숲유치원,공립(단설),박금숙,박금숙,20250301,20250301,경기도 평택시 함박산4길 27,031-8098-8000, ,https://www.goept.kr/yulposup-k/main.do,0800시0800분~1900시1900분,4,4,3,0,2,216,56,80,72,0,8,54,70,45,0,7,37.0401429792,127.0394011756
경기도교육청,평택교육지원청,율포초등학교병설유치원,공립(병설),유찬관,유찬관,20230901,20230911,경기도 평택시 함박산로 10,031-647-2790,031-647-2789,https://goept.kr/yulpo-e/main.do ,1300시1300분~1900시1900분,2,2,2,0,1,120,28,40,48,0,4,17,25,44,0,4,37.0426733968881,127.043483106027
경기도교육청,평택교육지원청,이충초등학교병설유치원,공립(병설),조향미,조향미,19970301,19970301,경기도 평택시 이충로 93-5,031-668-2785,031-668-2784,https://leechoong-e.goept.kr/leechoong-e/main.do,1300시1300분~1900시1900분,1,1,1,0,1,62,14,20,24,0,4,5,7,16,0,4,37.0633841274983,127.066663061448
경기도교육청,평택교육지원청,이화유치원,사립(사인),윤혜영,윤혜영,20000901,20000901,경기도 평택시 평택5로 174,031-651-9986,031-653-9932, ,0830시0830분~1800시1800분,3,3,2,0,0,234,54,66,52,0,0,52,64,41,0,0,36.9963690091163,127.104619863749
경기도교육청,평택교육지원청,자란초등학교병설유치원,공립(병설),전규창,전규창,20130301,20130301,경기도 평택시 만세로 1886,031-618-7463,031-618-7464,http://www.jaran.es.kr,0900시0900분~1900시1900분,0,0,0,1,0,20,0,0,0,20,0,0,0,0,11,0,37.0034149347,127.0998656393
경기도교육청,평택교육지원청,자연과미술유치원,사립(사인),백정흠,송은정,20130114,20130301,경기도 평택시 정암로 104-33,031-663-4441,031-663-4414, ,0900시0900분~1800시1800분,4,3,3,0,0,194,63,64,67,0,0,63,64,67,0,0,37.054507907633,127.066698805496
경기도교육청,평택교육지원청,자연유치원,사립(사인),홍성단,홍성단,20051011,20060301,경기도 평택시 평택5로 272-10,031-692-6700,031-692-6703,https://www.jayeoni.com,0800시0800분~1830시1830분,2,1,2,0,0,137,36,22,52,0,0,36,22,43,0,0,37.0003880078,127.096963531
경기도교육청,평택교육지원청,장당초등학교병설유치원,공립(병설),주형운,주형운,20050310,20050310,경기도 평택시 송탄로 46,031-611-8927,031-611-5861, ,0830시0830분~1900시1900분,0,0,0,1,0,20,0,0,0,20,0,0,0,0,10,0,37.0501152066234,127.057649499407
경기도교육청,평택교육지원청,종덕초등학교병설유치원,공립(병설),박주환,박주환,19980301,19980301,경기도 평택시 고덕국제2로 111,031-615-3670,031-615-3699,https://chongdok.es.kr,0900시0900분~1900시1900분,1,1,1,0,0,64,14,20,24,0,0,10,14,5,0,0,37.0573514566941,127.016651022226
경기도교육청,평택교육지원청,죽백초등학교병설유치원,공립(병설),심은보,심은보,19850301,19850301,경기도 평택시 죽백1길 41,031-656-9638,031-656-2362,http://www.jb.es. kr,0800시0800분~1900시1900분,0,0,0,1,0,20,0,0,0,20,0,0,0,0,10,0,37.0137522917,127.1373589755
경기도교육청,평택교육지원청,중앙유치원,사립(사인),김대영,이미선,19920320,19920320,경기도 평택시 포승장안로 55-48,031-682-0192,031-681-9664, ,0730시0730분~1900시1900분,1,2,2,0,0,180,18,36,40,0,0,10,24,35,0,0,36.9931087674868,126.899643644339
경기도교육청,평택교육지원청,지장초등학교병설유치원,공립(병설),지선아,지선아,19940901,19940901,경기도 평택시 지장로 15,031-668-9714,031-668-9715, ,0900시0900분~1900시1900분,0,0,0,1,0,18,0,0,0,18,0,0,0,0,10,0,37.0680334961,127.0575777472
경기도교육청,평택교육지원청,지제초등학교병설유치원,공립(병설),진근식,진근식,20230302,20230303,경기도 평택시 영신로 5,031-647-4323,031-647-4313,https://jije-e.goept.kr/jije-e/main.do,1330시1330분~1900시1900분,1,1,1,0,1,62,14,20,24,0,4,10,16,17,0,2,37.0191848514,127.0725537707
경기도교육청,평택교육지원청,진위초등학교병설유치원,공립(병설),노병섭,노병섭,19810301,19810301,경기도 평택시 봉남길 49,031-662-8246, , ,0900시0900분~1900시1900분,0,0,0,1,1,22,0,0,0,18,4,0,0,0,6,1,37.101394689252,127.090315401135
경기도교육청,평택교육지원청,진위초등학교산대분교장병설유치원,공립(병설),노병섭,노병섭,19980301,19980301,경기도 평택시 은산3길 46,031-664-7354,031-611-9842,http://www.chinwi.es.kr,0900시0900분~1900시1900분,0,0,0,1,0,18,0,0,0,18,0,0,0,0,1,0,37.0840907728,127.1211646647
경기도교육청,평택교육지원청,창신초등학교병설유치원,공립(병설),최상길,최상길,19850401,19850401,경기도 평택시 창신뜰길 138,031-682-7010,031-681-6382,http://www.changsin.es.kr,0900시0900분~1700시1700분,0,0,0,1,0,20,0,0,0,20,0,0,0,0,3,0,37.004604989469,127.006735378351
경기도교육청,평택교육지원청,청북유치원,공립(단설),최미란,최미란,20210301,20210301,경기도 평택시 안청로4길 49,031-8054-7501,031-8054-7505,https://cb-k.goept.kr/cb-k/main.do,0800시0800분~1900시1900분,3,2,2,0,1,134,42,40,48,0,4,30,33,38,0,3,37.0234655735,126.9200991807
경기도교육청,평택교육지원청,청북초등학교병설유치원,공립(병설),김의경,김의경,19820226,19820226,경기도 평택시 청북새싹길 25,031-683-3887,031-683-3294,http://www.cheongbuk.es.kr/ ,0900시0900분~1800시1800분,0,0,0,1,0,18,0,0,0,18,0,0,0,0,6,0,37.0432644144429,126.936266055374
경기도교육청,평택교육지원청,청옥초등학교병설유치원,공립(병설),최재영,최재영,20110307,20110307,경기도 평택시 안청로1길 76,031-684-2706,031-684-2705,http://www.cheong-ok.es.kr,0900시0900분~1900시1900분,0,1,1,0,0,44,0,20,24,0,0,0,7,9,0,0,37.0192321888893,126.91189109892
경기도교육청,평택교육지원청,팽성유치원,사립(사인),강성해,이상금,20070306,20070306,경기도 평택시 동서촌로129번길 16,031-653-2663,031-691-3434,http://www.paeng seong.co.kr,0730시0730분~1830시1830분,2,2,2,0,0,200,36,46,50,0,0,24,28,34,0,0,36.9659453829264,127.065406636654
경기도교육청,평택교육지원청,팽성초등학교병설유치원,공립(병설),편재국,편재국,19830212,19830212,경기도 평택시 팽성읍 송화2길 2,031-691-4177,031-691-7476,www.pps.es.kr,0900시0900분~1700시1700분,0,0,0,1,0,18,0,0,0,18,0,0,0,0,4,0,36.9505457983,127.0517585499
경기도교육청,평택교육지원청,평일초등학교병설유치원,공립(병설),이재학,이재학,19850310,19850310,경기도 평택시 평남로 626,031-651-4536,031-651-4535,https://pyeong-il-e.goept.kr,0900시0900분~1900시1900분,1,1,1,0,0,58,14,20,24,0,0,4,8,11,0,0,36.9893756790992,127.107071304678
경기도교육청,평택교육지원청,평택고덕유치원,공립(단설),이임옥,이임옥,20210301,20210301,경기도 평택시 고덕국제2로 107,031-657-6888,031-647-6869,https://pyeongtaekgodeok-k.goept.kr/pyeongtaekgodeok-k/main.do,0800시0800분~1910시1910분,5,4,4,0,3,246,66,76,92,0,12,66,76,86,0,12,37.0524045168808,127.046442882799
경기도교육청,평택교육지원청,평택대동유치원,공립(단설),민정임,민정임,20220301,20220301,경기도 평택시 소사6길 34,031-692-2200,031-692-2140,http://daedong-k.goept.kr,0800시0800분~1900시1900분,3,3,2,0,2,158,42,60,48,0,8,37,42,43,0,7,36.991088584,127.131243844
경기도교육청,평택교육지원청,평택대동초등학교병설유치원,공립(병설),이호현,이호현,20200301,20200301,경기도 평택시 소사서로 17,031-8053-0980,031-653-8151,https://ptdd-e.goept.kr/ptdd-e/main.do,1330시1330분~1900시1900분,1,1,1,0,0,58,14,20,24,0,0,2,15,14,0,0,36.9893645667251,127.131790395925
경기도교육청,평택교육지원청,평택도곡초등학교병설유치원,공립(병설),임준환 ,임준환 ,20070307,20070307,경기도 평택시 여술로44번길 5,070-4022-1503,031-683-3940,http://ptdogok.es.kr,0900시0900분~1900시1900분,1,1,1,1,0,68,14,20,24,10,0,6,7,12,10,0,36.9889245437,126.8480734668
경기도교육청,평택교육지원청,평택모산초등학교병설유치원,공립(병설),이수영,이수영,20200901,20200901,경기도 평택시 지제동삭1로 175,0316861405, ,https://ptmosan-e.goept.kr,1330시1330분~1900시1900분,1,1,1,0,0,58,14,20,24,0,0,7,15,20,0,0,37.0199315908836,127.089908753862
경기도교육청,평택교육지원청,평택새빛초등학교병설유치원,공립(병설),홍석기,홍석기,20190901,20190901,경기도 평택시 원칠원길 20,031-659-7670, ,http://ptsaebit-e.goept.kr/ptsaebit-e,1330시1330분~1900시1900분,1,1,1,0,0,58,14,20,24,0,0,14,18,19,0,0,37.0285843063,127.1015033391
경기도교육청,평택교육지원청,평택서재초등학교병설유치원,공립(병설),이금숙,이금숙,20181101,20181101,경기도 평택시 상서재로6길 19,031-8024-9170, ,https://sujae-e.goept.kr/sujae-e/main.do,0900시0900분~1900시1900분,1,1,1,0,0,58,14,20,24,0,0,13,6,18,0,0,37.0182486067,127.1039662601
경기도교육청,평택교육지원청,평택성동유치원,공립(단설),정혜욱,정혜욱,20100301,20100301,경기도 평택시 중앙로 89,031-658-3108,031-658-3150,https://sungdong-k.goept.kr/sungdong-k/main.do,0800시0800분~1900시1900분,2,1,2,0,1,100,28,20,48,0,4,15,17,28,0,1,36.9953610865,127.0933784352
경기도교육청,평택교육지원청,평택소화유치원,사립(법인),이용훈,박명희,19820301,19820301,경기도 평택시 평택2로 61,031-654-2703,031-657-1558,http://cafe.daum.net/sohwa.81,0800시0800분~1730시1730분,2,2,1,0,0,200,36,44,48,0,0,34,42,17,0,0,36.9964894603913,127.090428645747
경기도교육청,평택교육지원청,평택송화초등학교병설유치원,공립(병설),박지홍,박지홍,20050301,20050301,경기도 평택시 송화택지로25번길 14,031-658-1479, , ,0900시0900분~1700시1700분,0,0,0,1,0,20,0,0,0,20,0,0,0,0,15,0,36.9629439923267,127.056979634703
경기도교육청,평택교육지원청,평택안일초등학교병설유치원,공립(병설),김형진,김형진,20050204,20050304,경기도 평택시 안중로 13,031-686-5270,031-686-5265,https://ptai-e.goept.kr,0900시0900분~1900시1900분,0,0,0,1,0,18,0,0,0,18,0,0,0,0,6,0,36.9824005032922,126.923990394299
경기도교육청,평택교육지원청,평택연화초등학교병설유치원,공립(병설),김미경,김미경,20250901,20250901,경기도 평택시 현덕면 운정화양1로 95,031-681-1752,031-681-1755,https://ptyh-e.goept.kr,0900시0900분~1900시1900분,1,1,1,0,0,58,14,20,24,0,0,9,9,18,0,0,36.9736496971954,126.907343793199
경기도교육청,평택교육지원청,평택영신초등학교병설유치원,공립(병설),최운필,최운필,20240901,20240919,경기도 평택시 지제동삭2로 123,031-647-6216, ,https://ptyoungshin-e.goept.kr,0900시0900분~1900시1900분,0,1,1,0,0,44,0,20,24,0,0,0,18,16,0,0,37.0173237898,127.0850007187
경기도교육청,평택교육지원청,평택이화초등학교병설유치원,공립(병설),고상명,고상명,20160301,20160301,경기도 평택시 평남로 906,031-647-5080, ,http://www.ehwa-pt.es.kr,0800시0800분~1900시1900분,1,1,1,0,0,58,14,20,24,0,0,7,13,19,0,0,37.0035643997,127.1082245497
경기도교육청,평택교육지원청,평택중앙초등학교병설유치원,공립(병설),오윤실,오윤실,19810309,19810309,경기도 평택시 세교로 11,031-651-5145,031-651-5145,https://ptja-e.goept.kr/ptja-e/main.do,0900시0900분~1700시1700분,0,0,0,1,0,20,0,0,0,20,0,0,0,0,6,0,37.0021052159,127.0780206754
경기도교육청,평택교육지원청,평택지산초등학교병설유치원,공립(병설),구미순,구미순,19940401,19940401,경기도 평택시 지산2로 57,031-668-9286, ,ptjisan-e.goept.kr,0900시0900분~1900시1900분,0,0,0,1,0,18,0,0,0,18,0,0,0,0,5,0,37.0773066663,127.0620077872
경기도교육청,평택교육지원청,평택초등학교병설유치원,공립(병설),정영미,정영미,19810301,19810301,경기도 평택시 원평2로 4,031-651-3814,031-657-3815,http://www.pyongtaek.es.kr,0900시0900분~1700시1700분,0,0,0,1,0,20,0,0,0,20,0,0,0,0,4,0,36.9894546031,127.0813732211
경기도교육청,평택교육지원청,평택파랑새유치원,사립(사인),이종우,이종우,20110112,20110301,경기도 평택시 청룡길 107,031-651-0932,031-655-0935, ,0800시0800분~1830시1830분,6,6,5,0,0,405,108,132,130,0,0,108,132,130,0,0,37.0227296115,127.1254680706
경기도교육청,평택교육지원청,평택화양초등학교병설유치원,공립(병설),서은진,서은진,20250901,20250901,경기도 평택시 현덕면 화양현화2로 10,031-682-1709,031-682-1710,https://pthwayang-e.goept.kr/pthwayang-e/main.do,1300시1300분~1900시1900분,1,1,1,0,1,58,13,19,22,0,4,5,9,6,0,1,36.9849112235,126.9054435676
경기도교육청,평택교육지원청,푸른동삭유치원,공립(단설),김정혜,김정혜,20210901,20210901,경기도 평택시 상서재로2길 45,031-289-9000,031-289-9099,https://prds-k.goept.kr/prds-k/main.do,0800시0800분~1900시1900분,5,5,5,0,3,290,70,100,120,0,12,66,95,101,0,10,37.0153749119,127.1016456666
경기도교육청,평택교육지원청,풀꽃향기유치원,사립(사인),김경숙,한재옥,20180119,20180301,경기도 평택시 청북남로 365,031-686-7796, , ,0730시0730분~1930시1930분,2,2,3,0,0,178,36,44,75,0,0,30,29,53,0,0,37.0214074674,126.9064759351
경기도교육청,평택교육지원청,피터팬유치원,사립(사인),박상수,박상수,20091120,20110301,경기도 평택시 동령길 33,031-665-3388,031-611-3389,http://www.peterpankids.co.kr,0750시0750분~1850시1850분,3,4,3,0,0,297,54,88,78,0,0,54,88,76,0,0,37.0627208240412,127.074673482356
경기도교육청,평택교육지원청,한솔유치원,사립(사인),이혜경,이혜경,20080302,20080302,경기도 평택시 만세로 1690,031-658-0606,031-658-3425,http://hansol0606.kidswon.com,0800시0800분~1900시1900분,0,6,5,0,0,236,0,132,104,0,0,0,132,104,0,0,37.0161187552,127.1139855322
경기도교육청,평택교육지원청,한스유치원,사립(사인),엄인수,한영희,20061013,20061101,경기도 평택시 정암로 126-39,031-666-0279,031-668-9033,http://www.hans5665.happyihome.com,0800시0800분~1830시1830분,4,4,4,0,0,331,72,88,104,0,0,72,77,82,0,0,37.0545757028765,127.071465769905
경기도교육청,평택교육지원청,함박유치원,공립(단설),이경희,이경희,20230301,20230301,경기도 평택시 함박산8길 16,031-685-9800,031-685-9807,https://hambak-k.goept.kr/hambak-k/main.do,0800시0800분~1900시1900분,4,4,5,0,3,256,52,76,116,0,12,52,76,99,0,11,37.0381236606797,127.033240110334
경기도교육청,평택교육지원청,합정초등학교병설유치원,공립(병설),최성윤,최성윤,19920309,19920309,경기도 평택시 평택4로 11,031-656-3051, , ,0900시0900분~1900시1900분,0,0,0,1,0,18,0,0,0,18,0,0,0,0,5,0,36.9893912913392,127.097737264273
경기도교육청,평택교육지원청,해창초등학교병설유치원,공립(병설),심진택,심진택,20240901,20240901,경기도 평택시 고덕국제5로 165,031-612-3170, ,https://haechang-e.goept.kr,0900시0900분~1900시1900분,1,1,1,0,1,59,14,20,24,0,4,14,19,23,0,3,37.0357544036,127.0237112571
경기도교육청,평택교육지원청,행복한아이유치원,사립(사인),신향숙,신향숙,20021215,20030301,경기도 평택시 문화촌로11번길 19,031-651-5671, ,https://blog.naver.com/pthappykid,0900시0900분~1830시1830분,2,2,1,0,0,260,30,40,25,0,0,23,33,20,0,0,36.997529596309,127.113511183064
경기도교육청,평택교육지원청,현덕초등학교광덕분교장병설유치원,공립(병설),이광영,이광영,19850912,19850912,경기도 평택시 현덕로 934,031-681-3069,031-681-3009,http://hyunduk.es.kr,1300시1300분~1900시1900분,0,0,0,1,0,18,0,0,0,18,0,0,0,0,8,0,36.9444523997,126.9445411431
경기도교육청,평택교육지원청,현일초등학교병설유치원,공립(병설),서준석,서준석,20050310,20050310,경기도 평택시 현화중앙길 83,031-682-1968,031-682-1964,https://hyunil-e.goept.kr/,0900시0900분~1900시1900분,0,0,0,1,0,20,0,0,0,20,0,0,0,0,5,0,36.9861123843,126.9198728973
경기도교육청,평택교육지원청,현촌유치원,공립(단설),유미숙,유미숙,20180901,20180901,경기도 평택시 현촌4길 3,0316576879, ,https://hc593-k.goept.kr/hc593-k/main.do,0800시0800분~1900시1900분,2,2,2,0,2,124,28,40,48,0,8,21,25,32,0,5,36.9994781753,127.1320806197
경기도교육청,평택교육지원청,현촌초등학교병설유치원,공립(병설),조진수,조진수,20151103,20151103,경기도 평택시 현촌3길 10,031-617-8670,031-617-8695,http://hyeonchon-e.goept.kr,0900시0900분~1900시1900분,1,1,1,0,0,58,14,20,24,0,0,5,10,15,0,0,37.0005632006,127.1319701509
경기도교육청,평택교육지원청,현화유치원,공립(단설),김봉련,김봉련,20200301,20200406,경기도 평택시 안중로8번길 44,031-8054-7451,031-8054-7454,https://www.goept.kr/hh-k/main.do,0800시0800분~1900시1900분,2,1,2,0,2,104,28,20,48,0,8,17,11,20,0,5,36.9824997285537,126.927594857336
경기도교육청,평택교육지원청,현화초등학교병설유치원,공립(병설),이근복,이근복,20000301,20000301,경기도 평택시 안현로서7길 80,031-682-4904,031-682-4907,http://hyunhwa.es.kr,0900시0900분~1900시1900분,1,1,1,0,0,58,14,20,24,0,0,4,7,7,0,0,36.9823671479703,126.918995357899
경기도교육청,평택교육지원청,효덕초등학교병설유치원,공립(병설),권영희,권영희,19810309,19810309,경기도 평택시 효덕새싹길 6-5,031-662-7263, , ,0800시0800분~1900시1900분,1,1,1,0,0,58,14,20,24,0,0,9,16,18,0,0,37.0161513677,127.03553817
경기도교육청,포천교육지원청,동심유치원,사립(사인),이민우,이민우,20010309,20010309,경기도 포천시 송선로 268-10,031-541-8886,031-541-8555, ,0730시0730분~1900시1900분,1,4,2,0,0,172,18,40,44,0,0,15,19,36,0,0,37.8561806928,127.1513836437
경기도교육청,포천교육지원청,선단초등학교병설유치원,공립(병설),이광현,이광현,19810301,19810301,경기도 포천시 삼육사로2111번길 29,031-542-0438,031-542-0633,http://seondan.es.kr/,0900시0900분~1800시1800분,0,0,0,1,0,42,0,0,0,18,0,0,0,0,8,0,37.8621116729077,127.155800815888
경기도교육청,포천교육지원청,세화유치원,사립(사인),김영미,고다예,20120315,20120315,경기도 포천시 솔모루로3번길 52-36,031-543-5275,031-542-2825,https://sehwakindergarten.kidsnote.ac/home/facility,0730시0730분~1930시1930분,1,1,1,0,0,109,18,22,26,0,0,4,15,15,0,0,37.8282697328166,127.137324313432
경기도교육청,포천교육지원청,숲속유정유치원,사립(사인),김지은,문영미,20070301,20070301,경기도 포천시 광릉수목원로779번길 82,031-544-4546,031-544-4544,http://soupsokyujung.com,0800시0800분~1800시1800분,6,6,5,0,0,435,121,134,125,0,0,121,134,125,0,0,37.7663945995225,127.147205062989
경기도교육청,포천교육지원청,아람유치원,사립(사인),박광민,이혜련,19890301,19890301,경기도 포천시 신읍4길 5,031-535-2357,031-533-7737,https://blog.naver.com/aram_2022,0750시0750분~1900시1900분,1,1,2,0,0,120,20,23,40,0,0,18,20,25,0,0,37.8958834294096,127.197420127794
경기도교육청,포천교육지원청,영북초등학교병설유치원,공립(병설),심은행,심은행,19850310,19850310,경기도 포천시 영북로148번길 46,031-532-5011, ,https://youngbuk-e.goepc.kr/youngbuk-e/main.do,0900시0900분~1900시1900분,0,0,1,1,0,42,0,0,26,16,0,0,0,7,11,0,38.0900271110373,127.275804503569
경기도교육청,포천교육지원청,왕방초등학교병설유치원,공립(병설),오인순,오인순,20030306,20030306,경기도 포천시 신북면 학동로 52,031-536-9573,031-536-9574,http://www.wb.es.kr/ ,0900시0900분~1900시1900분,0,0,0,1,0,20,0,0,0,20,0,0,0,0,3,0,37.9042221684,127.2016643816
경기도교육청,포천교육지원청,외북초등학교병설유치원,공립(병설),한광연,한광연,19810305,19810305,경기도 포천시 포천로 2199,031-531-7512, ,https://oebuk-e.goepc.kr/oebuk-e/main.do,0800시0800분~1700시1700분,0,0,0,1,0,18,0,0,0,18,0,0,0,0,2,0,37.9470852423,127.1877308326
경기도교육청,포천교육지원청,운담초등학교병설유치원,공립(병설),허태강,허태강,19810311,19810311,경기도 포천시 화동로 1239,031-532-5402,031-536-8364, ,1300시1300분~1900시1900분,0,0,0,1,0,18,0,0,0,18,0,0,0,0,5,0,37.9719760623578,127.329515877843
경기도교육청,포천교육지원청,이곡초등학교병설유치원,공립(병설),한용희,한용희,19830301,19830301,경기도 포천시 이곡길 5,031-543-8773,031-544-8874, ,1300시1300분~1900시1900분,0,0,0,1,0,18,0,0,0,18,0,0,0,0,7,0,37.7790704968787,127.148923491415
경기도교육청,포천교육지원청,일동유치원,공립(단설),전수진,전수진,20110301,20110301,경기도 포천시 일동면 화동로 1019,031-533-2383,031-533-2386, http://ildong-k.goepc.kr	 ,0800시0800분~1900시1900분,2,2,2,0,1,121,28,40,48,0,5,16,40,29,0,0,37.9556585323,127.3143047
경기도교육청,포천교육지원청,창수초등학교병설유치원,공립(병설),손문연,손문연,19820302,19820302,경기도 포천시 옥수로58번길 4,031-532-9882, ,https://changsu-e.goepc.kr/changsu-e/main.do,1300시1300분~1900시1900분,0,0,0,1,0,20,0,0,0,20,0,0,0,0,5,0,37.9902015267,127.1821229921
경기도교육청,포천교육지원청,청성초등학교병설유치원,공립(병설),송상미,송상미,19810301,19810301,경기도 포천시 솔밭길 12-1,031-535-5710,031-536-0165,http://www.cheongseong.es.kr,1300시1300분~1900시1900분,0,0,0,2,0,40,0,0,0,40,0,0,0,0,8,0,37.8746683543358,127.223366301586
경기도교육청,포천교육지원청,추산유치원,공립(단설),유인지,유인지,20180301,20180301,경기도 포천시 소흘읍 솔모루로3번길 52-4,031-8089-7893,031-8089-7895,http://chusan-k.goepc.kr,0800시0800분~1900시1900분,1,1,1,0,2,66,14,20,24,0,8,11,11,19,0,7,37.825303311,127.1364184593
경기도교육청,포천교육지원청,포담초등학교병설유치원,공립(병설),한정희,한정희,20220302,20220302,경기도 포천시 영중면 양문로 163,031-538-0905,031-538-0997,http://podam-e.goepc.kr,0900시0900분~1900시1900분,0,0,0,1,0,20,0,0,0,20,0,0,0,0,7,0,38.0069457491,127.2457710935
경기도교육청,화성오산교육지원청,가람유치원,사립(사인),채홍진,채홍진,20151016,20151102,경기도 화성시 동탄구 동탄대로시범길 20,031-374-6004,031-374-8103, ,0900시0900분~1900시1900분,4,2,2,0,0,180,60,44,52,0,0,54,33,43,0,0,37.196383,127.099569
경기도교육청,화성오산교육지원청,갈담초등학교병설유치원,공립(병설),전미영,전미영,19850902,19850902,경기도 화성시 효행구 갈담초교길 24,031-227-0233,031-297-9143,http://www.galdam.kr,0900시0900분~1900시1900분,0,0,0,1,0,18,0,0,0,18,0,0,0,0,3,0,37.175142447568,126.932910063713
경기도교육청,화성오산교육지원청,경기유치원,사립(사인),김정례,이루리,20020202,20020202,경기도 화성시 병점구 한신대길 65-33,031-223-8000,031-234-8110,http://ggkindergt.forkids.kr,0800시0800분~1900시1900분,1,1,1,0,0,246,15,20,22,0,0,7,14,4,0,0,37.199660681404,127.026971962248
경기도교육청,화성오산교육지원청,경기지혜숲유치원,사립(사인),김경준,박진희,20081118,20081118,경기도 화성시 효행구 기배로30번길 23,031-226-1004,050-2206-1004,http://www.instagram.com/ghs_2261004,0800시0800분~1900시1900분,4,3,0,0,0,197,72,66,0,0,0,63,35,0,0,0,37.219279954706,126.979121107209
경기도교육청,화성오산교육지원청,고정초등학교병설유치원,공립(병설),이인옥,이인옥,19810301,19810301,경기도 화성시 만세구 송산면 공룡로 326,031-357-1322,031-357-6135,https://gojung-e.goehs.kr/,1300시1300분~1900시1900분,0,0,0,1,0,20,0,0,0,18,0,0,0,0,12,0,37.237717414,126.7381743072
경기도교육청,화성오산교육지원청,광성초등학교병설유치원,공립(병설),백금자,백금자,19860211,19860211,경기도 오산시 수목원로 577-18,031-372-3118,031-372-4333,http://kseong-e.goehs.kr,0800시0800분~1900시1900분,0,0,0,1,0,44,0,0,0,18,0,0,0,0,7,0,37.1841462878,127.0397107659
경기도교육청,화성오산교육지원청,구봉초등학교병설유치원,공립(병설),정영란,정영란,20040901,20040901,경기도 화성시 병점구 병점1로 105,031-225-9409,031-225-8544,https://e-gubong-e.goehs.kr/e-gubong-e/main.do,0900시0900분~1900시1900분,0,0,1,1,0,38,0,0,24,14,0,0,0,7,6,0,37.2056609169,127.044813262
경기도교육청,화성오산교육지원청,기산초등학교병설유치원,공립(병설),이향숙,이향숙,20040915,20040915,경기도 화성시 병점구 동탄지성로 344,031-224-9056, ,https://hskisan-e.goehs.kr,0900시0900분~1900시1900분,1,0,0,1,0,34,14,0,0,20,0,6,0,0,8,0,37.224601259,127.0507343247
경기도교육청,화성오산교육지원청,기안초등학교병설유치원,공립(병설),나길수,나길수,19860306,19860306,경기도 화성시 기안길 18,031-222-0046,031-222-9859,kian-e.goehs.kr,0800시0800분~1900시1900분,1,0,0,1,1,42,14,0,0,20,4,9,0,0,14,2,37.2254588463,126.98257165
경기도교육청,화성오산교육지원청,깊은샘유치원,공립(단설),임금선,임금선,20090309,20090309,경기도 화성시 만세구 향남읍 행정서로2길 21,031-8059-4024,031-8059-4039,http://kipeunsam-k.goehs.kr/,0730시0730분~1900시1900분,2,2,2,0,1,116,28,40,48,0,4,13,26,41,0,3,37.1300724081,126.9126176784
경기도교육청,화성오산교육지원청,꿈드림유치원,사립(사인),김재창,임지혜(직무대리),20141124,20150301,경기도 화성시 동탄구 동탄대로시범길 122,031-373-8100, ,https://blog.naver.com/kkumdream8100,0750시0750분~1900시1900분,2,1,1,0,0,220,30,22,26,0,0,15,19,20,0,0,37.1979549461703,127.10650702735
경기도교육청,화성오산교육지원청,꿈사랑유치원,사립(사인),김미란,김동욱(직무대리),20180301,20180301,경기도 화성시 동탄구 동탄순환대로20길 104,031-373-2004,031-372-2028,http://dreamlove2004.com,0800시0800분~1900시1900분,2,3,3,0,0,176,36,66,78,0,0,28,39,46,0,0,37.1848788614,127.1248798949
경기도교육청,화성오산교육지원청,꿈열매유치원,사립(사인),이계훈,김성윤,20180212,20180301,경기도 화성시 만세구 수노을1로 236,031-647-3080, , ,0810시0810분~1900시1900분,2,2,2,0,0,154,36,44,48,0,0,27,31,39,0,0,37.2793199145709,126.823416583173
경기도교육청,화성오산교육지원청,나루아이유치원,공립(단설),조성희,조성희,20230301,20230301,경기도 화성시 동탄구 동탄나루로 20,031-210-9400,031-240-9499,https://narui-k.goehs.kr/narui-k/main.do,0800시0800분~1900시1900분,4,3,2,0,1,164,56,60,48,0,4,51,42,40,0,4,37.187339563,127.0795289472
경기도교육청,화성오산교육지원청,나인유치원,사립(사인),최민숙,황윤정(직무대리),20120301,20120301,경기도 화성시 병점구 여울로 115,031-226-1200,031-235-3434, ,0800시0800분~1830시1830분,5,4,4,0,0,322,90,88,104,0,0,72,79,86,0,0,37.2097564882,127.0525135131
경기도교육청,화성오산교육지원청,남양초등학교병설유치원,공립(병설),한상훈,한상훈,19810320,19810320,경기도 화성시 만세구 남양시장로55번길 7,031-357-9636, , ,0900시0900분~1700시1700분,0,0,0,1,0,18,0,0,0,18,0,0,0,0,10,0,37.2103812324183,126.815573840461
경기도교육청,화성오산교육지원청,내리숲초등학교병설유치원,공립(병설),김태환,김태환,20240901,20240901,경기도 화성시 효행구 봉담읍 삼봉안1길 21-7,031-5190-2650, ,https://naerisoop-e.goehs.kr/naerisoop-e/main.do,0900시0900분~1900시1900분,2,2,2,0,0,116,28,40,48,0,0,28,40,48,0,0,37.2260183600807,126.924502342499
경기도교육청,화성오산교육지원청,노블킨더유치원,사립(사인),윤완섭,이순화,20130924,20140301,경기도 오산시 외삼미로 127,031-373-8181,031-373-8184, ,0800시0800분~2000시2000분,4,3,2,0,0,225,76,60,56,0,0,72,57,53,0,0,37.1966482065293,127.060686931177
경기도교육청,화성오산교육지원청,노진초등학교병설유치원,공립(병설),박용희,박용희,19860222,19860222,경기도 화성시 만세구 장안면 화곡로 166,031-351-2191,031-351-7341,https://nojinpia-e.goehs.kr,0930시0930분~1700시1700분,0,0,0,1,0,18,0,0,0,18,0,0,0,0,1,0,37.0516026517,126.8091906892
경기도교육청,화성오산교육지원청,노틀담유치원,사립(법인),정봉미,박경화,19770929,19780301,경기도 오산시 가장로 709,031-374-2274,031-375-3822, ,0800시0800분~1900시1900분,2,2,2,0,0,210,36,44,52,0,0,36,42,31,0,0,37.1539698143897,127.056738337354
경기도교육청,화성오산교육지원청,늘봄초등학교병설유치원,공립(병설),최진우,최진우,20210301,20210303,경기도 화성시 동탄구 동탄대로24길 51,031-8055-0270, , ,0900시0900분~1900시1900분,1,1,1,0,0,58,14,20,24,0,0,11,10,11,0,0,37.2174853261,127.109838571
경기도교육청,화성오산교육지원청,늘푸른유치원,사립(사인),김효녀,김효녀,19950221,19950221,경기도 화성시 효행구 배양북길32번길 18-11,031-222-3979, ,https://cafe.naver.com/everg3997,0800시0800분~1900시1900분,2,2,1,0,0,266,104,81,81,0,0,25,33,19,0,0,37.223448075131,126.995584735981
경기도교육청,화성오산교육지원청,능동초등학교병설유치원,공립(병설),유혜근,유혜근,20080301,20080301,경기도 화성시 동탄구 동탄원천로 315-27,031-613-4207, ,http://www.ndong.es.kr/wah/main/index.htm,0830시0830분~1900시1900분,1,1,1,0,0,58,14,20,24,0,0,6,4,8,0,0,37.2133147421318,127.058872248912
경기도교육청,화성오산교육지원청,다온유치원,사립(사인),한숙영,한숙영,20120130,20120130,경기도 화성시 효행구 효행로265번길 48,031-224-5524,031-224-2523, ,0900시0900분~1900시1900분,4,4,3,0,0,256,72,88,72,0,0,72,88,67,0,0,37.2250787783638,126.97567635847
경기도교육청,화성오산교육지원청,다원유치원,공립(단설),홍정희,홍정희,20200901,20200901,경기도 화성시 동탄영천로 88,031-378-6511,031-378-6512,https://dongtandawon-k.goehs.kr,0800시0800분~1900시1900분,4,3,2,0,0,164,56,60,48,0,0,50,44,41,0,0,37.185873358,127.0618798184
경기도교육청,화성오산교육지원청,다원초등학교병설유치원,공립(병설),최봉규,최봉규,20180901,20180901,경기도 화성시 동탄구 동탄대로24길 112,031-378-7690, ,http://www.dawon.es.kr/wah/main/index.htm,0900시0900분~1900시1900분,1,1,1,0,1,58,14,20,24,0,4,4,8,12,0,1,37.1858728162,127.0618821829
경기도교육청,화성오산교육지원청,다일유치원,사립(사인),최영길,최영길,20070307,20070307,경기도 화성시 병점구 병점중앙로242번길 15-5,031-232-8984,031-232-8979, ,0730시0730분~1900시1900분,2,1,1,0,0,106,28,20,24,0,0,20,13,17,0,0,37.2191624712524,127.036303346363
경기도교육청,화성오산교육지원청,대양초등학교병설유치원,공립(병설),김혜경,김혜경,20170901,20170901,경기도 화성시 남양읍 시청로32번길 80,031-8024-9470,031-8024-9499,http://www.daeyang.es.kr/,0900시0900분~1900시1900분,1,1,1,0,0,58,14,20,24,0,0,14,19,15,0,0,37.264342956,126.8049527999
경기도교육청,화성오산교육지원청,대호초등학교병설유치원,공립(병설),이선심,이선심,20050301,20050301,경기도 오산시 궐리사로46번길 3,031-378-3185,031-378-3188,http://www.dho.es.kr,0900시0900분~1900시1900분,0,0,1,1,0,0,0,0,24,14,0,0,0,13,5,0,37.1588769482,127.0576627092
경기도교육청,화성오산교육지원청,도담유치원,사립(사인),신용수 이은미,이은미,20180227,20180307,경기도 화성시 동탄구 동탄순환대로20길 31,031-8050-3557,031-8050-5614, ,0750시0750분~1900시1900분,3,2,2,0,0,154,54,44,52,0,0,53,42,52,0,0,37.1901243598,127.1269833719
경기도교육청,화성오산교육지원청,도이초등학교병설유치원,공립(병설),조성기,조성기,20081001,20081001,경기도 화성시 만세구 행정동로 87,031-8059-1602,031-8059-1604,http://www.doi.es.kr/wah/main/index.htm,0900시0900분~1900시1900분,1,1,1,0,0,58,14,20,24,0,0,7,10,17,0,0,37.13263363,126.9261164109
경기도교육청,화성오산교육지원청,동산숲유치원,사립(사인),함승자,박민경,20110301,20110301,경기도 화성시 만세구 향봉로10번길 20,031-8059-8885,031-8059-8887,https://dongsansup.kidsnote.ac,0730시0730분~1930시1930분,1,2,2,0,0,169,14,36,40,0,0,14,12,18,0,0,37.1358463982844,126.943347744275
경기도교육청,화성오산교육지원청,동실유치원,사립(사인),정성재,한미양,20070302,20070302,경기도 화성시 병점구 병점동로 45-3,031-224-1114,031-221-3851, ,0730시0730분~1830시1830분,2,2,2,0,0,128,32,44,52,0,0,30,21,26,0,0,37.2084901018352,127.042885973105
경기도교육청,화성오산교육지원청,동양초등학교병설유치원,공립(병설),변영자,변영자,20050301,20050301,경기도 화성시 만세구 시청로45번길 11,031-355-4539,031-355-4530, ,0900시0900분~1900시1900분,0,0,1,1,0,38,0,0,24,14,0,0,0,8,6,0,37.2069930784,126.8221900433
경기도교육청,화성오산교육지원청,동탄국제유치원,사립(사인),허창범,조현주,20171020,20171023,경기도 화성시 동탄구 동탄대로10길 56,031-378-7707,031-378-7057, ,0800시0800분~1830시1830분,10,9,5,0,0,512,180,198,130,0,0,175,198,130,0,0,37.1751173564,127.1117252494
경기도교육청,화성오산교육지원청,동탄꿈의유치원,사립(사인),정영순,정영순,20070301,20070301,경기도 화성시 동탄구 노작로4길 5-4,031-613-2011,031-613-2016, ,0800시0800분~1900시1900분,2,4,3,0,0,533,30,80,66,0,0,18,53,58,0,0,37.1969879008738,127.077248960584
경기도교육청,화성오산교육지원청,동탄목동초등학교병설유치원,공립(병설),최금화,최금화,20190301,20190306,경기도 화성시 동탄구 동탄순환대로20길 10,031-378-2752, , ,0830시0830분~1900시1900분,1,1,1,0,0,58,14,20,24,0,0,9,11,14,0,0,37.18951785983508,127.12452262891955
경기도교육청,화성오산교육지원청,동탄사관유치원,사립(사인),이순래,이순래,20200423,20200501,경기도 화성시 동탄구 동탄대로6길 50,0313757905,070-7500-9807,http://www.dongtankids.com,0750시0750분~1900시1900분,4,3,3,0,0,218,72,66,78,0,0,59,47,75,0,0,37.167313338190056,127.11073702530308
경기도교육청,화성오산교육지원청,동탄숲유치원,사립(사인),강경자,이혜선,20160218,20160301,경기도 오산시 경기대로632번길 132,031-375-6211,031-374-7990,http://www.woodkids.co.kr,0800시0800분~1900시1900분,6,5,4,0,0,15,96,110,100,0,0,95,110,99,0,0,37.1853619387885,127.057844931811
경기도교육청,화성오산교육지원청,동탄에이스유치원,사립(사인),허은정,윤영주(직무대리),20230511,20240501,경기도 화성시 동탄구 동탄순환대로2길 13,031-377-5768, ,https://dtacek.kidsnote.ac,0800시0800분~1900시1900분,1,2,2,0,0,114,18,48,52,0,0,7,11,14,0,0,37.1639263414754,127.094183044595
경기도교육청,화성오산교육지원청,동탄유치원,공립(단설),양은실,양은실,20170901,20170901,경기도 화성시 동탄구 동탄기흥로353번길 17,031-378-2062,031-378-2064,http://dongtan-k.goehs.kr,0800시0800분~1900시1900분,5,3,3,0,3,214,70,60,72,0,12,61,52,64,0,0,37.1915236905,127.0906970127
경기도교육청,화성오산교육지원청,동탄이화유치원,사립(사인),김계선,김계선,20080415,20080415,경기도 화성시 병점구 동탄숲속로35번길 2-7,031-234-7979,031-234-7970,https://dongtanewha.kidsnote.ac,0900시0900분~2000시2000분,2,2,3,0,0,169,36,44,66,0,0,30,30,48,0,0,37.2089817420592,127.052396937602
경기도교육청,화성오산교육지원청,동탄중앙초등학교병설유치원,공립(병설),한진숙,한진숙,20150309,20150309,경기도 화성시 동탄대로시범길 117,031-8077-9059,031-8077-9053,https://dtc-e.goehs.kr/,0830시0830분~1900시1900분,0,0,1,1,0,38,0,0,24,14,0,0,0,11,7,0,37.1992020523,127.1112881466
경기도교육청,화성오산교육지원청,동탄창의나라유치원,사립(사인),이기우,김미현(직무대리),20160822,20160901,경기도 화성시 동탄구 동탄대로24길 136,031-376-0070,031-374-4747,http://www.crenara.co.kr,0800시0800분~1900시1900분,3,3,3,0,0,448,54,66,78,0,0,52,66,66,0,0,37.210619058,127.1114801584
경기도교육청,화성오산교육지원청,동탄초등학교병설유치원,공립(병설),박윤숙,박윤숙,19820305,19820305,경기도 화성시 동탄구 동탄감배산로 26,031-378-4763,031-378-4762,https://dongtan-e.goehs.kr/dongtan-e/main.do,0900시0900분~1900시1900분,0,0,0,1,0,20,0,0,0,20,0,0,0,0,7,0,37.1891361692,127.0912847593
경기도교육청,화성오산교육지원청,동탄프라임유치원,사립(사인),김수련,김수련,20101113,20101113,경기도 화성시 동탄구 동탄공원로2길 7,031-8015-1234,031-8015-3526,https://www.primekids.kr,0750시0750분~1900시1900분,5,3,2,0,0,290,80,63,46,0,0,76,58,43,0,0,37.2064980633455,127.060741859984
경기도교육청,화성오산교육지원청,동탄호수유치원,공립(단설),강정숙,강정숙,20200301,20200301,경기도 화성시 동탄구 동탄대로6길 62,031-372-2385,031-372-2389,https://dongtanhosu-k.goehs.kr,0800시0800분~1900시1900분,4,3,3,0,0,188,56,60,72,0,0,56,60,51,0,0,37.1680874327,127.1135961051
경기도교육청,화성오산교육지원청,동하유치원,사립(사인),진복례,진복례,20161201,20161201,경기도 화성시 동탄구 동탄대로9길 19,031-375-4156,031-375-4157,http://donghakids.com,0800시0800분~1830시1830분,3,2,3,0,0,192,54,44,78,0,0,51,44,57,0,0,37.174891,127.104612
경기도교육청,화성오산교육지원청,동학초등학교병설유치원,공립(병설),임정미,임정미,20010903,20010903,경기도 화성시 병점구 영통로27번길 46,031-205-0238,031-273-0240,https://donghak-e.goehs.kr/,0800시0800분~1900시1900분,1,1,1,0,0,58,14,20,24,0,0,12,15,11,0,0,37.2330299278879,127.058799009603
경기도교육청,화성오산교육지원청,동화마을유치원,사립(사인),엄수빈,엄수빈,20100301,20100301,경기도 오산시 운천로165번길 31-20,031-372-1148,031-372-1870,http://donghwamaeul.kidsnote.ac/,0740시0740분~1900시1900분,2,2,2,0,0,248,36,44,40,0,0,36,38,31,0,0,37.1570524570435,127.076405694206
경기도교육청,화성오산교육지원청,동화초등학교병설유치원,공립(병설),최종협,최종협,20071017,20071017,경기도 화성시 효행구 동화새터길 130,031-298-1073,031-298-1049,http://www.hsdonghwa.es.kr,0900시0900분~1900시1900분,1,1,1,0,1,62,14,20,24,0,4,14,16,13,0,2,37.2148867620776,126.961633914777
경기도교육청,화성오산교육지원청,라온유치원,공립(단설),장석례,장석례,20210301,20210315,경기도 화성시 동탄구 동탄순환대로16길 6-13,031-219-1460,031-219-1498,https://raon-k.goehs.kr/raon-k/main.do,0800시0800분~1900시1900분,4,4,4,0,3,232,56,74,90,0,12,54,74,85,0,12,37.172627488,127.1220300967
경기도교육청,화성오산교육지원청,리더스유치원,사립(사인),이덕선,김민숙,20141125,20150302,경기도 화성시 동탄구 동탄대로시범길 276,031-372-3130,031-372-3140,http://leaderskids.co.kr,0800시0800분~1900시1900분,6,5,3,0,0,346,108,110,78,0,0,108,98,77,0,0,37.2024473298342,127.100514033849
경기도교육청,화성오산교육지원청,마도초등학교병설유치원,공립(병설),이화신,이화신,19840911,19840911,경기도 화성시 만세구 석교로 157,031-356-0408,031-356-1894,https://mado-e.goehs.kr/,0730시0730분~1900시1900분,0,0,0,1,0,20,0,0,0,18,0,0,0,0,6,0,37.2041735832,126.7726564433
경기도교육청,화성오산교육지원청,마루초등학교병설유치원,공립(병설),정미진,정미진,20250901,20250901,경기도 오산시 초평중앙로 52,031-375-1509, ,https://maru-e.goehs.kr/,0900시0900분~1900시1900분,1,1,1,0,0,58,14,20,24,0,0,10,19,18,0,0,37.1374670577,127.045689322
경기도교육청,화성오산교육지원청,무봉유치원,공립(단설),김미숙,김미숙,20150301,20150310,경기도 화성시 동탄구 동탄치동천로3길 9-7,031-8077-4941,031-8077-4944,https://mubong-k.goehs.kr,0800시0800분~1900시1900분,3,3,2,0,1,154,42,60,48,0,4,37,42,40,0,2,37.203789053,127.1237719227
경기도교육청,화성오산교육지원청,무봉초등학교병설유치원,공립(병설),이형국,이형국,20150301,20150301,경기도 화성시 동탄구 동탄청계로 303-34,031-8077-2315,031-8077-2330,https://mubong-e.goehs.kr/,0800시0800분~1900시1900분,1,1,1,0,0,116,14,20,24,0,0,14,14,12,0,0,37.2029970308,127.1168391463
경기도교육청,화성오산교육지원청,문시초등학교병설유치원,공립(병설),황호영,황호영,20100301,20100301,경기도 오산시 여계산로 52-6,031-378-2851,031-378-2855,http://www.munsi.es.kr/,0900시0900분~1900시1900분,0,0,1,1,1,42,0,0,24,14,4,0,0,11,10,2,37.1740826694,127.045705456
경기도교육청,화성오산교육지원청,물빛나래유치원,공립(단설),김미숙,김미숙,20240301,20240304,경기도 오산시 죽담로 77,031-690-8100,031-690-8106,https://mulbitnarae-k.goehs.kr,0800시0800분~1900시1900분,3,4,4,0,2,226,42,80,96,0,8,41,77,94,0,6,37.1629998121,127.049350432
경기도교육청,화성오산교육지원청,물향기유치원,사립(사인),문미진,문미진,20110301,20110301,경기도 오산시 수청로 80-8,031-374-2854, , ,0730시0730분~1900시1900분,3,4,3,0,0,267,54,88,78,0,0,39,69,49,0,0,37.1758300862121,127.054858969075
경기도교육청,화성오산교육지원청,민들레유치원,사립(사인),김춘희,김춘희,20070301,20070301,경기도 화성시 효행구 진등3길 11-3,031-227-7600,031-227-2451, ,0800시0800분~1830시1830분,3,2,2,0,0,140,44,44,52,0,0,44,44,52,0,0,37.2212926773002,126.947856775384
경기도교육청,화성오산교육지원청,바다유치원,사립(사인),변미옥,박혜정,20100901,20100901,경기도 화성시 만세구 행정서로1길 53,031-366-6868,031-8059-7789,http://www.바다유치원.com,0730시0730분~1900시1900분,1,2,3,0,0,356,18,44,78,0,0,14,43,56,0,0,37.1295605259075,126.914828867637
경기도교육청,화성오산교육지원청,반디유치원,공립(단설),신순남,신순남,20200301,20200301,경기도 화성시 병점구 병점4로 126,031-8067-7970,031-8067-7971,https://bandi-k.goehs.kr,0800시0800분~1900시1900분,3,3,3,0,1,178,42,60,72,0,4,30,50,48,0,4,37.2173414789384,127.043743367744
경기도교육청,화성오산교육지원청,반석초등학교병설유치원,공립(병설),권태주,권태주,20070901,20070901,경기도 화성시 동탄구 동탄반석로 22,031-8050-3438,031-613-2694,https://hsbanseok-e.goehs.kr/,0900시0900분~1900시1900분,1,1,1,0,0,58,14,20,24,0,0,9,9,13,0,0,37.1936979813,127.0783208192
경기도교육청,화성오산교육지원청,반송초등학교병설유치원,공립(병설),장미숙,장미숙,20071001,20071001,경기도 화성시 동탄구 동탄솔빛로 14,031-613-3926,031-613-3925,https://hs-bansong-e.goehs.kr/hs-bansong-e/main.do,0900시0900분~1900시1900분,0,0,0,1,1,21,0,0,0,20,1,0,0,0,6,1,37.1907661849967,127.070176923266
경기도교육청,화성오산교육지원청,방교초등학교병설유치원,공립(병설),양은자,양은자,20161201,20161201,경기도 화성시 동탄구 동탄산척로1길 11,031-378-6716, ,https://banggyo-e.goehs.kr/,1330시1330분~1900시1900분,1,1,1,0,0,58,14,20,24,0,0,4,14,10,0,0,37.1732631518,127.1015253934
경기도교육청,화성오산교육지원청,배양초등학교병설유치원,공립(병설),석남기,석남기,20060301,20060301,경기도 화성시 효행구 융건로 90,031-898-7975,031-898-7974,https://hsbaeyang-e.goehs.kr/hsbaeyang-e/main.do,1300시1300분~1900시1900분,0,0,0,1,0,20,0,0,0,20,0,0,0,0,6,0,37.2188550064158,126.988755303957
경기도교육청,화성오산교육지원청,별새꽃유치원,사립(사인),이희석,김영옥,19860411,19860411,경기도 오산시 경기대로 74,031-372-1100,031-372-5300,https://blog.naver.com/daijin1234,0930시0930분~1600시1600분,1,2,1,0,0,123,31,42,50,0,0,10,25,16,0,0,37.130920116761,127.072544256963
경기도교육청,화성오산교육지원청,봉담초등학교병설유치원,공립(병설),백운수,백운수,19860301,19860301,경기도 화성시 효행구 진등3길 15,031-227-1381, ,https://bongdam-e.goehs.kr,1300시1300분~1900시1900분,1,1,1,0,0,58,14,20,24,0,0,10,13,11,0,0,37.2228056087,126.9473597062
경기도교육청,화성오산교육지원청,비봉초등학교병설유치원,공립(병설),김삼수,김삼수,19810301,19810310,경기도 화성시 효행구 양노로 71,031-356-2085,031-356-3289, ,0900시0900분~1900시1900분,0,0,0,1,0,18,0,0,0,18,0,0,0,0,8,0,37.23702751977,126.869014991676
경기도교육청,화성오산교육지원청,비손유치원,사립(사인),제갈정란,제갈정란,20100226,20100226,경기도 화성시 효행구 샘마을길 22-13,031-296-1488, ,http://www.tomoring.co.kr,0730시0730분~1830시1830분,0,4,3,4,0,248,0,88,78,82,0,0,88,78,82,0,37.2174725153485,126.949010368567
경기도교육청,화성오산교육지원청,빛여울유치원,공립(단설),한미경,한미경,20210301,20210301,경기도 화성시 동탄구 동탄대로1길 58,031-377-6353,031-377-7156,https://bityeoul-k.goehs.kr,0800시0800분~1900시1900분,5,3,3,0,2,232,70,60,68,0,8,69,52,72,0,6,37.1613880703,127.0980624384
경기도교육청,화성오산교육지원청,뿌리유치원,사립(사인),박윤현,윤혜순,20130227,20130301,경기도 오산시 양산로348번길 23,031-374-9495,031-374-9496,https://blog.naver.com/bburipreschool,0800시0800분~1830시1830분,2,1,1,0,0,221,32,22,26,0,0,11,12,17,0,0,37.1960048868787,127.025694798965
경기도교육청,화성오산교육지원청,삼미별하유치원,공립(단설),정수영,정수영,20230901,20230901,경기도 오산시 문시로 183-5,031-220-9200,031-220-9298,https://sammibyoelha-k.goehs.kr,0800시0800분~1900시1900분,4,2,2,0,0,174,56,40,48,0,0,54,25,48,0,0,37.1906022791,127.0663538246
경기도교육청,화성오산교육지원청,삼미초등학교병설유치원,공립(병설),박경숙,박경숙,19860305,19860305,경기도 오산시 북삼미로 183-9,031-378-5465,031-378-5467,https://sammi-e.goehs.kr/sammi-e/main.do,0900시0900분~1900시1900분,0,0,0,2,0,58,0,0,0,34,0,0,0,0,15,0,37.1913558381,127.0602680849
경기도교육청,화성오산교육지원청,상봉초등학교병설유치원,공립(병설),김병구,김병구,20080301,20080301,경기도 화성시 봉담읍 상봉길 52,031-297-3086,031-297-3560,http://www.sangbong-e.goehs.kr,0900시0900분~1900시1900분,0,0,0,1,0,18,0,0,0,18,0,0,0,0,6,0,37.2180957908,126.9543560064
경기도교육청,화성오산교육지원청,상신초등학교병설유치원,공립(병설),김하선,김하선,19810310,19810310,경기도 화성시 만세구 손개길 7,031-366-4168,031-353-4166,http://www.sangshin-e.es.kr/,0800시0800분~1900시1900분,1,1,1,0,0,58,14,20,24,0,0,5,7,20,0,0,37.094072276727,126.901182299666
경기도교육청,화성오산교육지원청,새봄유치원,공립(단설),박현미,박현미,20210301,20210315,경기도 화성시 병점구 서동탄로 28,031-267-3203,031-267-3208,https://saebom-k.goehs.kr/,0800시0800분~1900시1900분,4,4,3,0,2,218,56,80,72,0,8,52,66,54,0,6, , 
경기도교육청,화성오산교육지원청,새봄초등학교병설유치원,공립(병설),김현진,김현진,20210301,20210301,경기도 화성시 병점구 병점노을로 19,031-8019-7603, ,https://saebom-e.goehs.kr,0900시0900분~1900시1900분,1,1,1,0,0,58,14,20,24,0,0,6,11,16,0,0,37.2012851294,127.0301325271
경기도교육청,화성오산교육지원청,새솔유치원,공립(단설),김은숙,김은숙,20190901,20190901,경기도 화성시 큰나래1길 27,031-355-3750,031-356-2671,https://saesolu-k.goehs.kr,0800시0800분~1900시1900분,4,4,3,0,1,212,56,80,72,0,4,56,62,60,0,4,37.2728570667,126.828964377
경기도교육청,화성오산교육지원청,생각키움유치원,사립(사인),임미경,이민자,20180207,20180301,경기도 화성시 동탄구 동탄대로24가길 7,0313786424, , ,0750시0750분~1830시1830분,3,2,2,1,0,176,54,44,52,20,0,54,44,50,17,0,37.2171452318,127.1125668474
경기도교육청,화성오산교육지원청,서경초등학교병설유치원,공립(병설),이가형,이가형,20200301,20200301,경기도 화성시 병점구 동탄지성로 265,031-831-1870,031-831-1883,https://www.sgyeong.es.kr,0900시0900분~1900시1900분,1,1,1,0,0,58,14,20,24,0,0,10,9,18,0,0,37.2171413266,127.0508146208
경기도교육청,화성오산교육지원청,서신초등학교병설유치원,공립(병설),최정숙,최정숙,19820301,19820301,경기도 화성시 만세구 매화3길 17,031-357-5085,031-357-5084,http://www.seosin.es.kr/,0900시0900분~1900시1900분,0,0,0,1,1,20,0,0,0,18,4,0,0,0,18,2,37.1693468488,126.707913458
경기도교육청,화성오산교육지원청,서연유치원,공립(단설),송명선,송명선,20180901,20180901,경기도 화성시 동탄구 동탄순환대로8길 58,031-378-6347,031-378-6348,http://seoyeon-k.goehs.kr,0730시0730분~1900시1900분,5,4,4,0,1,246,70,80,96,0,4,65,60,75,0,4,37.1608148748,127.1088355997
경기도교육청,화성오산교육지원청,서연초등학교병설유치원,공립(병설),김효수,김효수,20180301,20180301,경기도 화성시 동탄대로4가길 25,031-5187-3870,031-5187-3809,https://seoyeon-e.goehs.kr/,0900시0900분~1900시1900분,1,1,1,0,0,58,14,20,24,0,0,14,13,19,0,0,37.1597650099,127.1137741377
경기도교육청,화성오산교육지원청,석우초등학교병설유치원,공립(병설),이준호,이준호,20070301,20070301,경기도 화성시 동탄구 동탄시범한빛길 32,031-299-8880, ,http://www.seokwoo.es.kr/,0900시0900분~1700시1700분,0,0,0,1,0,18,0,0,0,18,0,0,0,0,5,0,37.2092792734609,127.068199679308
경기도교육청,화성오산교육지원청,석천초등학교병설유치원,공립(병설),손문성,손문성,19820305,19820305,경기도 화성시 만세구 석천길 52,031-358-0716,031-358-0716,http://www.surkchun.es.kr,0900시0900분~1900시1900분,0,0,0,1,0,18,0,0,0,18,0,0,0,0,3,0,37.0551510567,126.7887408997
경기도교육청,화성오산교육지원청,성산초등학교병설유치원,공립(병설),이준열,이준열,19850301,19850301,경기도 오산시 성호대로 43,031-377-4324,031-377-4326,https://sungsan-e.goehs.kr/,0900시0900분~1900시1900분,0,0,1,1,1,38,0,0,24,14,4,0,0,7,6,1,37.1501070875,127.0659463076
경기도교육청,화성오산교육지원청,성호초등학교병설유치원,공립(병설),장세미,장세미,19860301,19860301,경기도 오산시 성호새싹길 8,031-373-2336,031-375-4338, ,0900시0900분~1900시1900분,1,1,1,0,0,58,14,20,24,0,0,6,7,11,0,0,37.1506358751185,127.070554048025
경기도교육청,화성오산교육지원청,세교유치원,공립(단설),최은화,최은화,20110301,20110301,경기도 오산시 수청로 204-6,031-378-0292,031-378-0295,http://sekyo.kg.kr,0800시0800분~1900시1900분,2,2,2,0,2,124,28,40,48,0,8,26,35,32,0,6,37.1771287359,127.0443508424
경기도교육청,화성오산교육지원청,세담초등학교병설유치원,공립(병설),김동규,김동규,20240301,20240301,경기도 오산시 죽담2로 8,031-690-8370, ,https://sedam-e.goehs.kr/sedam-e/main.do,0900시0900분~1900시1900분,1,1,1,0,0,64,14,20,24,0,0,14,20,24,0,0,37.164652286,127.0490737517
경기도교육청,화성오산교육지원청,세마초등학교병설유치원,공립(병설),유혜영,유혜영,20190301,20190301,경기도 오산시 세마문학로 45,031-375-9368,031-375-9366,http://sema.es.kr,0900시0900분~1900시1900분,1,1,1,0,0,58,14,20,24,0,0,10,11,8,0,0,37.169680196359,127.027581508103
경기도교육청,화성오산교육지원청,세미초등학교병설유치원,공립(병설),오덕신,오덕신,20120710,20150306,경기도 오산시 내삼미로 127,031-378-5852, ,https://semi-e.goehs.kr/semi-e/main.do,0830시0830분~1900시1900분,1,1,1,0,0,58,14,20,24,0,0,2,16,15,0,0,37.1741661381725,127.065068066642
경기도교육청,화성오산교육지원청,세정초등학교병설유치원,공립(병설),정문철,정문철,20190822,20190902,경기도 화성시 동탄순환대로12길 74,031-8019-9224,031-8282-9224,https://sejeong-e.goehs.kr/,0900시0900분~1900시1900분,1,1,1,0,0,58,14,20,24,0,0,6,12,24,0,0,37.15957309,127.1069965064
경기도교육청,화성오산교육지원청,세진유치원,사립(사인),이수영,전우경,20030301,20030301,경기도 화성시 만세구 삼천병마로 553-6,031-353-2233,031-353-8456, ,0900시0900분~1830시1830분,0,1,1,1,0,202,0,21,25,18,0,0,8,23,14,0,37.1590094412805,126.928479267194
경기도교육청,화성오산교육지원청,솔빛유치원,공립(단설),이학선,이학선,20180301,20180301,경기도 화성시 동탄구 동탄중앙로 122,031-610-7800,031-610-7891,https://solbit-k.goehs.kr/,0800시0800분~1900시1900분,5,3,3,0,2,188,70,60,72,0,8,56,49,57,0,6,37.1963093888,127.0705275538
경기도교육청,화성오산교육지원청,솔샘유치원,사립(사인),김인선,김인선,20190523,20190601,경기도 화성시 동탄구 동탄순환대로19길 59,031-372-5638,031-372-5639, ,0800시0800분~1900시1900분,2,2,2,0,0,202,36,44,52,0,0,30,37,37,0,0,37.195749570503416,127.1174324065785
경기도교육청,화성오산교육지원청,송린초등학교병설유치원,공립(병설),우동희,우동희,20180302,20180302,경기도 화성시 만세구 수노을1로 253,031-5183-4080,031-5183-4070,https://songrin-e.goehs.kr/,0900시0900분~1900시1900분,1,1,1,0,0,58,14,20,24,0,0,8,10,19,0,0,37.2782310179,126.8241487765
경기도교육청,화성오산교육지원청,송산초등학교병설유치원,공립(병설),한종식,한종식,19800501,19800501,경기도 화성시 만세구 사강시장길 15-9,031-357-6518,031-357-6162,https://ssongsan-e.goehs.kr/,0900시0900분~1900시1900분,0,0,1,1,0,38,0,0,24,14,0,0,0,15,14,0,37.2142654879,126.7320882775
경기도교육청,화성오산교육지원청,송화초등학교병설유치원,공립(병설),최병열,최병열,20000901,20000901,경기도 화성시 병점구 병점중앙로35번길 42,031-223-6787,031-223-7051,https://songhwa-k-e.goehs.kr/,1300시1300분~1900시1900분,2,1,1,0,0,72,28,20,24,0,0,11,16,13,0,0,37.2023647055,127.040900241
경기도교육청,화성오산교육지원청,수노을유치원,공립(단설),조성우,조성우,20200301,20200301,경기도 화성시 만세구 수노을1로 125,031-356-1206,031-356-1272,https://sunoeul-k.goehs.kr/sunoeul-k/main.do,0800시0800분~1900시1900분,4,4,4,0,1,236,56,80,96,0,4,55,77,73,0,3,37.2883112192,126.8189608194
경기도교육청,화성오산교육지원청,수영초등학교병설유치원,공립(병설),신현자,신현자,20080301,20080301,경기도 화성시 효행구 수영로 63,031-296-9575,031-296-9574,http://suyeong.es.kr,1300시1300분~1900시1900분,0,0,0,1,0,24,0,0,0,20,0,0,0,0,12,0,37.2359160774895,126.954282610749
경기도교육청,화성오산교육지원청,수청초등학교병설유치원,공립(병설),최정희,최정희 ,20060601,20070312,경기도 오산시 오산대역로 123,031-378-5494,031-375-5498,sucheong.es.kr,1330시1330분~1900시1900분,0,0,0,1,0,64,0,0,0,18,0,0,0,0,5,0,37.1708472915,127.055473843
경기도교육청,화성오산교육지원청,수현유치원,공립(단설),이귀열,이귀열,20210901,20210901,경기도 화성시 효행구 봉담읍 상리3길 104,031-779-5860,031-779-5898,https://suhyeon-k.goehs.kr,0800시0800분~1900시1900분,4,4,4,0,3,232,52,76,92,0,12,52,74,80,0,9,37.2282926333,126.9498714589
경기도교육청,화성오산교육지원청,수현초등학교병설유치원,공립(병설),김지화,김지화,20210301,20210301,경기도 화성시 효행구 상리3길 110,070-8827-1050,031-298-8710,https://suhyeon-e.goehs.kr,0900시0900분~1900시1900분,1,1,1,0,0,58,14,20,24,0,0,14,13,13,0,0,37.2275758178,126.9502224856
경기도교육청,화성오산교육지원청,숲속다원유치원,사립(사인),이규희,유재숙,20131022,20140304,경기도 오산시 서동로 123-27,031-378-9140,031-378-9139,https://supsok.moapp.kr,0800시0800분~1900시1900분,4,3,3,0,0,260,72,66,75,0,0,72,55,60,0,0,37.1518460014105,127.037826476471
경기도교육청,화성오산교육지원청,숲속초등학교병설유치원,공립(병설),김재환,김재환,20100301,20100301,경기도 화성시 동탄구 동탄공원로2길 10,031-8015-2156,031-8015-2143,http://www.supsok.es.kr/board.list?mcode=111810&cate=1910,0900시0900분~1900시1900분,1,1,1,0,1,60,14,20,22,0,4,8,7,7,0,3,37.2061140133,127.0604848902
경기도교육청,화성오산교육지원청,숲속코코유치원,사립(사인),장숙희,김상희,20150209,20150413,경기도 화성시 만세구 행정죽전로2길 24-61,031-353-9255,031-353-3055,http://forestcoco.kidis.co.kr,0730시0730분~1900시1900분,3,3,2,0,0,256,54,66,52,0,0,53,67,52,0,0,37.1236341711116,126.931402014942
경기도교육청,화성오산교육지원청,시연유치원,사립(사인),문미현,문미현,20080220,20080220,경기도 화성시 효행구 동화길 61,031-278-6001,031-278-6003, ,0800시0800분~1900시1900분,4,3,4,0,0,240,72,66,102,0,0,72,66,102,0,0,37.2181605127818,126.956277266691
경기도교육청,화성오산교육지원청,신남초등학교병설유치원,공립(병설),류진수,류진수,20200901,20220901,경기도 화성시 만세구 남양읍 화성시 만세구청역로 2,031-8059-9470,031-366-3982,https://shinnam-e.goehs.kr/shinnam-e/main.do,1300시1300분~1900시1900분,1,1,2,0,0,116,14,20,48,0,0,14,17,39,0,0,37.1912893405,126.8176654822
경기도교육청,화성오산교육지원청,신동탄재크와콩나무유치원,사립(사인),김보선,최은재,20100301,20100301,경기도 화성시 병점구 병점중앙로 27,031-226-5605,031-898-9583,https://beanstalk.hkapp.kr/,0700시0700분~1930시1930분,4,3,3,0,0,500,72,60,60,0,0,59,58,54,0,0,37.2016295071972,127.043790158345
경기도교육청,화성오산교육지원청,아뜰리에유치원,사립(사인),박영숙,이두분,20070601,20240905,경기도 화성시 동탄구 동탄중앙로 171,031-613-1638, ,http://www.atelier.or.kr,0800시0800분~1900시1900분,1,1,1,0,0,79,14,20,20,0,0,11,16,6,0,0,37.20098337452343,127.06541683049672
경기도교육청,화성오산교육지원청,아이가행복한유치원,사립(법인),조서연,백승미,20200228,20200301,경기도 화성시 동탄구 동탄순환대로20길 6,031-831-8970,070-8220-8971,https://cafe.naver.com/dongtanbidaewe,0730시0730분~1930시1930분,2,0,0,2,0,90,30,0,0,44,0,25,0,0,37,0,37.1892961350404,127.123897761697
경기도교육청,화성오산교육지원청,아이들세상유치원,사립(사인),박준식(공동대표 유은숙),최보라,20060306,20060306,경기도 화성시 병점구 병점3로 144,031-223-9223,031-223-9223, ,0750시0750분~1900시1900분,3,3,3,0,0,304,54,66,78,0,0,53,53,63,0,0,37.2132494384901,127.047533892973
경기도교육청,화성오산교육지원청,아이리더유치원,사립(사인),박상수,유애란,20200527,20200618,경기도 화성시 동탄구 동탄대로8길 65,031-377-3727,031-377-3724, ,0740시0740분~1830시1830분,2,2,2,0,0,128,36,43,49,0,0,36,43,49,0,0,37.1716587007955,127.114881244079
경기도교육청,화성오산교육지원청,아이숲유치원,공립(단설),안병은,안병은,20170301,20170306,경기도 화성시 동탄구 동탄대로12길 57,031-377-7231, ,https://aisup-k.goehs.kr/,0800시0800분~1900시1900분,4,4,4,0,2,240,56,80,96,0,8,56,80,73,0,7,37.1819787225,127.1090010936
경기도교육청,화성오산교육지원청,아이원유치원,사립(사인),심재광진해자,진해자,20161028,20161101,경기도 화성시 동탄구 동탄신리천로1길 91,031-375-8000, , ,0800시0800분~1800시1800분,12,6,5,0,0,542,216,132,130,0,0,216,132,128,0,0,37.179602961,127.1171641698
경기도교육청,화성오산교육지원청,아이웰유치원,사립(사인),문덕식,이연구,20070301,20070301,경기도 화성시 병점구 병점동로 63,031-226-1935,031-226-1915,http://cafe.naver.com/jskindergarten,0750시0750분~1900시1900분,1,2,1,0,0,370,16,44,24,0,0,12,23,18,0,0,37.2099324553,127.0418783409
경기도교육청,화성오산교육지원청,아인초등학교병설유치원,공립(병설),박은향,박은향,20150301,20150301,경기도 화성시 동탄구 동탄대로시범길 219,031-8077-2134,031-8077-2131,https://ain-e.goehs.kr,0800시0800분~1900시1900분,1,1,1,0,0,58,14,20,24,0,0,9,3,11,0,0,37.2008092699772,127.105293456688
경기도교육청,화성오산교육지원청,아침해유치원,사립(사인),김선희,김선희,20151111,20160301,경기도 화성시 만세구 남양읍 시청로32번길 74-2,031-831-8066, , ,0900시0900분~1900시1900분,4,4,4,0,0,280,72,88,104,0,0,56,88,86,0,0,37.2011168226591,126.821621827432
경기도교육청,화성오산교육지원청,안녕초등학교병설유치원,공립(병설),서호준,서호준,20070301,20070301,경기도 화성시 화산로 2,031-231-1782,031-231-1564,www.annyung.es.kr,0900시0900분~1900시1900분,0,0,1,1,1,38,0,0,22,12,4,0,0,14,11,3,37.2058918393,127.0085337556
경기도교육청,화성오산교육지원청,안화초등학교병설유치원,공립(병설),김문영,김문영,20040301,20040301,경기도 화성시 병점구 병점3로 132-5,031-225-5657,031-225-8577,www.anhwa.es.kr,0830시0830분~1900시1900분,1,1,1,0,0,58,14,20,24,0,0,4,11,12,0,0,37.2127391696,127.047278398
경기도교육청,화성오산교육지원청,양산초등학교병설유치원,공립(병설),최옥규,최옥규,20100301,20100301,경기도 오산시 양산로 448,031-378-5862,031-378-5864, ,0900시0900분~1900시1900분,1,1,1,0,0,58,14,20,24,0,0,5,10,12,0,0,37.1972094348345,127.032110046949
경기도교육청,화성오산교육지원청,여울초등학교병설유치원,공립(병설),이종헌,이종헌,20210301,20210301,경기도 화성시 동탄구 동탄감배산로 95,031-8014-8981, , ,0900시0900분~1900시1900분,1,1,1,0,0,58,14,20,24,0,0,14,20,24,0,0,37.195132484841,127.088809315887
경기도교육청,화성오산교육지원청,영천유치원,공립(단설),우현숙,우현숙,20150323,20150323,경기도 화성시 동탄구 동탄순환대로29길 46,031-8077-9312,031-8077-9314,https://yeongcheon-k.goehs.kr/,0740시0740분~1900시1900분,5,4,3,0,1,222,69,79,70,0,4,69,78,55,0,1,37.2050733613,127.1073243946
경기도교육청,화성오산교육지원청,예당초등학교병설유치원,공립(병설),서옥순,서옥순,20080901,20080901,경기도 화성시 동탄구 동탄반석로 245,031-8055-7187, ,http://www.yeadang.es.kr/,0900시0900분~1900시1900분,2,2,1,0,0,92,28,40,24,0,0,26,26,10,0,0,37.2105873312419,127.075213466101
경기도교육청,화성오산교육지원청,예솔초등학교병설유치원,공립(병설),조미영,조미영,20150824,20150901,경기도 화성시 동탄구 동탄순환대로22길 13,031-8077-9460,031-8077-9464,http://www.yesol.es.kr/,0900시0900분~1900시1900분,1,1,1,0,0,58,14,20,24,0,0,10,5,8,0,0,37.1966479298,127.1192029222
경기도교육청,화성오산교육지원청,예솜유치원,사립(사인),권은희,권은희,20190312,20190313,경기도 화성시 만세구 노들길 19-45,031-357-7455,031-357-7454,https://yesomkinder.kidsnote.ac/,0740시0740분~1830시1830분,4,4,3,0,0,240,72,88,78,0,0,72,71,70,0,0,37.27807711423387,126.82006734490795
경기도교육청,화성오산교육지원청,예원유치원,사립(사인),고미현,이수진,20000301,20000301,경기도 화성시 병점구 동탄숲속로35번길 26-14,031-226-6979, , ,0730시0730분~1900시1900분,2,2,2,0,0,192,36,40,48,0,0,31,38,31,0,0,37.211782009983,127.052293052353
경기도교육청,화성오산교육지원청,예인유치원,사립(사인),최명애,남윤희,20000901,20000901,경기도 오산시 운천로 186,031-372-0803,031-372-0801,http://www.yeinkids.com/,0800시0800분~1900시1900분,1,2,2,0,0,280,18,44,52,0,0,13,29,40,0,0,37.1554069811218,127.079076951556
경기도교육청,화성오산교육지원청,예일유치원,사립(사인),고미현,박진희,20040823,20040823,경기도 화성시 효행구 기안남로 21,031-222-2540,031-222-2530,http://yeilkids.kidis.co.kr,0800시0800분~1900시1900분,4,3,2,0,0,256,72,60,40,0,0,71,56,34,0,0,37.2202081818474,126.986919521185
경기도교육청,화성오산교육지원청,오르다유치원,사립(사인),김혜옥,유근형,20130222,20130301,경기도 오산시 동부대로 468-16,031-378-6600,031-378-6634,https://ordakinder.com,0730시0730분~1900시1900분,1,3,3,1,0,204,18,66,78,20,0,15,50,45,17,0,37.1439173111848,127.07951356442
경기도교육청,화성오산교육지원청,오산고현초등학교병설유치원,공립(병설),송정임,송정임,20070905,20070905,경기도 오산시 남부대로 459,031-650-3873,031-668-9373,https://osgh-e.goehs.kr/osgh-e,0840시0840분~1900시1900분,0,0,1,1,0,44,0,0,24,14,0,0,0,7,11,0,37.1338367398,127.0853865891
경기도교육청,화성오산교육지원청,오산다온유치원,공립(단설),유영란,유영란,20180305,20180305,경기도 오산시 동부대로 667-9,031-376-2836,031-376-2840,https://osandaon-k.goehs.kr/osandaon-k/main.do,0800시0800분~1900시1900분,3,3,2,0,1,232,42,60,48,0,4,30,47,39,0,2,37.1513544102,127.0909642072
경기도교육청,화성오산교육지원청,오산대학교부설유치원,사립(법인),이혜경,이혜경,19931111,19931111,경기도 오산시 청학로 45,031-375-2240,031-375-2298,http://osanchild.co.kr/html/index/,0800시0800분~1900시1900분,1,2,2,0,0,160,18,44,52,0,0,18,44,42,0,0,37.154809899678,127.060603198802
경기도교육청,화성오산교육지원청,오산숲유치원,공립(단설),구윤정,구윤정,20200301,20200301,경기도 오산시 부산동길 12,031-8055-7397,031-8055-7349,https://osansoop-k.goehs.kr/,0800시0800분~1900시1900분,3,2,2,0,1,134,42,40,48,0,4,28,26,25,0,1,37.1491434326,127.0852099368
경기도교육청,화성오산교육지원청,오산원당초등학교병설유치원,공립(병설),황병국,황병국,20060302,20060302,경기도 오산시 부원로87번길 37-7,031-378-4916,031-378-4918,http://www.o-dang.es.kr/,0900시0900분~1900시1900분,0,0,1,1,0,38,0,0,24,14,0,0,0,7,3,0,37.1422637131,127.0909909353
경기도교육청,화성오산교육지원청,오산이화유치원,사립(사인),백은순,백은순,19940104,19940104,경기도 오산시 청학로173번길 14,031-373-9198,031-372-9195,https://ewhakindergarten.kidsnote.ac/home/main,0800시0800분~1900시1900분,1,1,1,0,0,149,14,20,24,0,0,8,10,16,0,0,37.1643495125288,127.062545843586
경기도교육청,화성오산교육지원청,오산초등학교병설유치원,공립(병설),송문희,송문희,19850201,19850302,경기도 오산시 고을1길 27,031-375-5806,031-373-7853,http://www.osan.es.kr,0900시0900분~1900시1900분,1,1,1,0,0,58,14,20,24,0,0,5,13,16,0,0,37.1450272786,127.0503777841
경기도교육청,화성오산교육지원청,오즈의마법사유치원,사립(사인),김진혜,김진혜,20090224,20090224,경기도 화성시 동탄구 금반1길 14-17,031-1600-7975,031-8003-5731, ,0750시0750분~1830시1830분,4,3,2,0,0,192,72,66,54,0,0,72,66,54,0,0,37.188283753769,127.069692440291
경기도교육청,화성오산교육지원청,와우초등학교병설유치원,공립(병설),박승숙,박승숙,20070901,20070901,경기도 화성시 효행구 식골길 14,031-898-8713,070-7543-0305,https://wau-e.goehs.kr/wau-e/na/ntt/selectNttList.do?mi=5588&bbsId=2780,0900시0900분~1900시1900분,0,1,1,0,0,44,0,20,24,0,0,0,20,24,0,0,37.2202120482,126.97241101
경기도교육청,화성오산교육지원청,왕배초등학교병설유치원,공립(병설),이연자,이연자,20160822,20160822,경기도 화성시 동탄구 동탄대로12길 101,031-630-9285,031-630-9279,http://wangbae.es.kr/,0900시0900분~1900시1900분,1,1,1,0,0,58,14,20,24,0,0,12,12,10,0,0,37.1858728162,127.0618821829
경기도교육청,화성오산교육지원청,요술램프유치원,사립(사인),고경하,고경하,20210122,20210301,경기도 화성시 동탄구 동탄순환대로12길 85,031-372-2780,031-372-2783,http://magiclamp.co.kr/,0730시0730분~1900시1900분,4,3,3,0,0,218,72,66,78,0,0,69,70,64,0,0,37.16750084489867,127.12808775823177
경기도교육청,화성오산교육지원청,우림유치원,사립(사인),김현경,김현경,20010904,20010904,경기도 화성시 만세구 남양성지로 22-4,031-356-2255,031-356-4030, ,0800시0800분~1900시1900분,2,2,2,0,0,275,36,44,52,0,0,32,44,38,0,0,37.2051901794298,126.806289222243
경기도교육청,화성오산교육지원청,우정초등학교병설유치원,공립(병설),김희동,김희동,19810305,19810305,경기도 화성시 우정읍 버들로 138-10,031-351-6767,031-358-8372,www.ujeong.es.kr,0830시0830분~1900시1900분,0,0,0,1,0,18,0,0,0,18,0,0,0,0,8,0,37.0815215414,126.8000428411
경기도교육청,화성오산교육지원청,운산초등학교병설유치원,공립(병설),김명희,김명희,20000904,20000904,경기도 오산시 운암로 72,031-377-6549,031-377-6548,https://woonsan-e.goehs.kr/woonsan-e/main.do,0900시0900분~1900시1900분,1,1,1,0,0,58,14,20,24,0,0,11,13,10,0,0,37.1528183442,127.0781249543
경기도교육청,화성오산교육지원청,운암초등학교병설유치원,공립(병설),박성복,박성복,19990308,19990308,경기도 오산시 원동로 63,031-376-0023,031-376-1599,https://unam-e.goehs.kr/,0800시0800분~1900시1900분,1,1,1,0,0,58,14,20,24,0,0,6,9,18,0,0,37.1453916081,127.0857723125
경기도교육청,화성오산교육지원청,운천초등학교병설유치원,공립(병설),김혜숙,김혜숙,20000420,20000420,경기도 오산시 운암로 116,031-8055-4590,031-8055-4599,https://uncheon-e.goehs.kr/,0900시0900분~1900시1900분,0,0,1,1,0,38,0,0,24,14,0,0,0,11,5,0,37.1564760684585,127.079334218024
경기도교육청,화성오산교육지원청,원동초등학교병설유치원,공립(병설),이원철,이원철,19970303,19970303,경기도 오산시 오산로 92,031-376-2797, ,http://www.won-dong.es.kr/wah/main/index.htm,0900시0900분~1900시1900분,1,1,1,0,1,33,6,10,15,0,2,6,10,15,0,0,37.1354502181696,127.070186043486
경기도교육청,화성오산교육지원청,윤정유치원,사립(사인),지성애,최을순,20170911,20170918,경기도 화성시 동탄구 동탄순환대로 881-10,031-374-8307,031-374-8308,https://cafe.naver.com/yj3748307,0800시0800분~1900시1900분,3,2,1,0,0,153,48,44,26,0,0,48,32,23,0,0,37.2087674532,127.0890638922
경기도교육청,화성오산교육지원청,율목초등학교병설유치원,공립(병설),민병서,민병서,20070901,20070901,경기도 화성시 병점구 영통로50번길 19,031-204-9861,031-204-9860,https://yulmok-e.goehs.kr/,0900시0900분~1900시1900분,1,1,1,0,0,58,14,20,24,0,0,9,5,17,0,0,37.2366058712,127.0639338452
경기도교육청,화성오산교육지원청,이림유치원,사립(사인),정진흥,정혜원,19970305,19970305,경기도 오산시 남부대로441번길 24-6,031-374-1111,031-375-8754, ,0750시0750분~1900시1900분,6,6,5,0,0,368,108,132,130,0,0,98,125,102,0,0,37.1354938387227,127.085213617445
경기도교육청,화성오산교육지원청,이솔초등학교병설유치원,공립(병설),김희정,김희정,20210301,20210301,경기도 화성시 동탄면 금곡로 13,031-371-0470,031-371-0498,https://esol-e.goehs.kr,0830시0830분~1900시1900분,1,1,1,0,0,58,14,20,24,0,0,14,20,24,0,0,37.1634418601,127.1097659506
경기도교육청,화성오산교육지원청,이지유치원,사립(사인),최명애,황자순,20090901,20090901,경기도 화성시 만세구 행정동로 42,031-353-8161,031-353-2924,http://www.egkids.co.kr/,0730시0730분~1900시1900분,4,4,5,0,0,575,72,88,130,0,0,58,74,123,0,0,37.1278193317974,126.927262998201
경기도교육청,화성오산교육지원청,인성유치원,사립(사인),김인홍,김인홍,20170401,20170401,경기도 화성시 동탄구 동탄감배산로 16,031-378-5342,031-378-5344,http://www.inseongkinder.co.kr,0800시0800분~1830시1830분,5,3,3,0,0,512,90,66,78,0,0,88,63,77,0,0,37.1881716515,127.0908551808
경기도교육청,화성오산교육지원청,자연유치원,사립(사인),이윤형,박선희,20020315,20020315,경기도 화성시 병점구 영통로61번길 30-30,031-273-7171,031-273-7170,http://www.jayeun.kidis.co.kr,0800시0800분~1900시1900분,3,2,2,0,0,203,54,44,52,0,0,40,36,41,0,0,37.2334919850525,127.057494233385
경기도교육청,화성오산교육지원청,정남초등학교병설유치원,공립(병설),이상균,이상균,19810307,19810307,경기도 화성시 효행구 만년로 516,031-352-2474, ,https://jungnam-e.goehs.kr/jungnam-e/main.do,0900시0900분~1900시1900분,0,0,0,1,0,18,0,0,0,18,0,0,0,0,9,0,37.1678927869,126.984488473
경기도교육청,화성오산교육지원청,정림초등학교병설유치원,공립(병설),조길완,조길완,19840901,19840901,경기도 화성시 효행구 망월길 69,031-353-7123,031-352-6592,https://junglim-e.goehs.kr/,1300시1300분~1900시1900분,0,0,0,1,0,20,0,0,0,20,0,0,0,0,3,0,37.1528743152,127.0114912256
경기도교육청,화성오산교육지원청,정원유치원,사립(사인),정나임,이정미,20121122,20130301,경기도 오산시 수청로 5,031-376-6701,031-376-6705, ,0740시0740분~1900시1900분,3,4,3,0,0,365,54,88,78,0,0,37,88,66,0,0,37.1705258446889,127.058379136756
경기도교육청,화성오산교육지원청,정현초등학교병설유치원,공립(병설),김경선,김경선,20171120,20180301,경기도 화성시 동탄구 동탄산척로 122,031-377-9526, ,http://jeonghyun.es.kr/,1330시1330분~1900시1900분,1,1,1,0,0,58,14,20,24,0,0,10,13,10,0,0,37.1717133664412,127.11331992393
경기도교육청,화성오산교육지원청,제암초등학교병설유치원,공립(병설),임선미,임선미,20040301,20040301,경기도 화성시 향남읍 발안서로 21,031-353-4737,031-8050-0812,https://jeam-e.goehs.kr/,0900시0900분~1900시1900분,0,0,1,1,0,38,0,0,24,14,0,0,0,5,7,0,37.1311538699,126.9021138825
경기도교육청,화성오산교육지원청,제이라온유치원,사립(사인),김선애,박꽃닢,20180301,20180301,경기도 화성시 만세구 손개1길 4-9,031-8059-2528,031-8059-2599,http://www.jraon1004.co.kr,0730시0730분~1900시1900분,2,2,3,0,0,304,30,44,72,0,0,30,40,60,0,0,37.099929644,126.9009123826
경기도교육청,화성오산교육지원청,중앙유치원,사립(사인),임현숙,임현숙,20160223,20160301,경기도 화성시 동탄구 동탄대로시범길 168,031-376-6683, , ,0730시0730분~1930시1930분,2,2,2,0,0,128,36,44,48,0,0,36,40,44,0,0,37.20194244490599,127.11142402885184
경기도교육청,화성오산교육지원청,지예뜰유치원,사립(사인),김용환,김용환,19970301,19970301,경기도 오산시 남부대로 411-78,031-375-8477,031-377-4464,https://gkinder.or.kr,0730시0730분~1900시1900분,4,3,3,0,0,208,72,64,72,0,0,58,52,68,0,0,37.1375698177,127.0838706913
경기도교육청,화성오산교육지원청,지예린유치원,사립(사인),이희정,이희정,20080301,20080301,경기도 화성시 병점구 병점동로42번길 13-3,031-236-5720,031-224-5721,http://jiyerin.co.kr,0750시0750분~1900시1900분,2,3,2,0,0,223,36,66,52,0,0,30,51,35,0,0,37.2091344358517,127.044496613999
경기도교육청,화성오산교육지원청,지은유치원,사립(사인),황은순,황은순,20070122,20070122,경기도 화성시 만세구 서해로535번길 33-12,031-352-9142,031-352-9143,https://jieun.kidsnote.ac/home/main,0700시0700분~1930시1930분,3,3,2,0,0,180,54,66,52,0,0,39,44,40,0,0,37.1127445997675,126.898597816801
경기도교육청,화성오산교육지원청,창의나라유치원,사립(사인),김영옥,김영옥,20111024,20120301,경기도 오산시 금암로 26,031-372-4344,031-372-4349,http://www.crenara.co.kr,0730시0730분~1900시1900분,6,5,4,0,0,400,108,110,104,0,0,108,110,104,0,0,37.1714874437545,127.049464885087
경기도교육청,화성오산교육지원청,창의샘유치원,사립(사인),김현주,김현주,20120301,20120301,경기 화성시 동탄구 10용사3길 22-1,031-8003-9596,031-8003-9580,https://www.changeuisam-kids.kr/,0730시0730분~1900시1900분,5,4,4,0,0,430,90,88,104,0,0,79,74,78,0,0,37.1928895698218,127.066572188208
경기도교육청,화성오산교육지원청,청계유치원,공립(단설),김정례,김정례,20150301,20150301,경기도 화성시 동탄구 동탄대로시범길 199,031-8077-9126,031-8077-9142,https://cheonggye-k.goehs.kr/cheonggye-k/main.do,0800시0800분~1900시1900분,4,4,3,0,1,212,56,80,72,0,4,50,61,42,0,4,37.2010793109,127.10789308
경기도교육청,화성오산교육지원청,청룡초등학교병설유치원,공립(병설),이병희,이병희,19850902,19850902,경기도 화성시 효행구 주석로 610,031-356-9204,031-356-3239,https://choung-e.goehs.kr/,0900시0900분~1900시1900분,0,0,0,1,0,18,0,0,0,18,0,0,0,0,2,0,37.2008437949,126.8886241123
경기도교육청,화성오산교육지원청,청림초등학교병설유치원,공립(병설),장선영,장선영,20190301,20190301,경기도 화성시 동탄구 동탄산척로 93-22,031-378-1950, ,https://cheonglim-e.goehs.kr,0900시0900분~1900시1900분,1,1,1,0,0,58,14,20,24,0,0,8,20,20,0,0,37.174613240725655,127.11122004669728
경기도교육청,화성오산교육지원청,청목초등학교병설유치원,공립(병설),강혜순,강혜순,20150501,20150630,경기도 화성시 동탄순환대로21길 10,031-8055-0950,031-8055-0948,http://www.cheongmok.es.kr,0900시0900분~1900시1900분,1,1,1,0,1,62,14,20,24,0,4,13,15,18,0,2,37.1957489252,127.1174307213
경기도교육청,화성오산교육지원청,청연초등학교병설유치원,공립(병설),남은영,남은영,20250301,20250301,경기도 화성시 효행구 비봉면 새비봉서로 68,031-355-8800,031-355-8500,https://cheongyeon-e.goehs.kr/,0800시0800분~1900시1900분,2,2,2,0,0,116,28,40,48,0,0,28,40,46,0,0,37.2464945240656,126.866967994423
경기도교육청,화성오산교육지원청,청원초등학교병설유치원,공립(병설),이성수,이성수,19820308,19820308,경기도 화성시 만세구 해운로 794,031-356-2307,031-356-3394,http://www.cheongwon.es.kr,0900시0900분~1900시1900분,0,0,0,1,0,18,0,0,0,18,0,0,0,0,6,0,37.1879659796,126.7613490227
경기도교육청,화성오산교육지원청,치동초등학교병설유치원,공립(병설),김은미,김은미,20170701,20170701,경기도 화성시 동탄순환대로 881-34,031-374-2965,031-374-2966,https://chidong-e.goehs.kr,0840시0840분~1900시1900분,1,1,1,0,0,58,14,20,24,0,0,8,3,8,0,0,37.2065525651,127.0915666303
경기도교육청,화성오산교육지원청,태안초등학교병설유치원,공립(병설),박정문,박정문,20040901,20040901,경기도 화성시 병점구 병점3로 77,031-223-2363,031-223-2385,https://taean-hs-e.goehs.kr/,1330시1330분~1900시1900분,0,0,1,1,1,34,0,0,24,14,4,0,0,7,8,2,37.210658383,127.0408647612
경기도교육청,화성오산교육지원청,팔탄초등학교대방분교장병설유치원,공립(병설),김숙자,김숙자,19810310,19810310,경기도 화성시 만세구 노하길 398,031-354-8884,031-354-5580,http://www.paltan.es.kr,1300시1300분~1900시1900분,0,0,0,1,0,18,0,0,0,18,0,0,0,0,6,0,37.1619011869234,126.870155958408
경기도교육청,화성오산교육지원청,팔탄초등학교병설유치원,공립(병설),김숙자,김숙자,19810310,19810310,경기도 화성시 만세구 마당바위로31번길 6,031-352-9874,031-353-0584,http://www.paltan.es.kr,1300시1300분~1900시1900분,0,0,0,1,0,18,0,0,0,18,0,0,0,0,9,0,37.1599985673963,126.902404181729
경기도교육청,화성오산교육지원청,펀키즈유치원,사립(사인),이승훈,권옥림,20110301,20110301,경기도 오산시 큰말25번길 18,031-375-6993,031-375-6997,http://cafe.naver.com/funkids2011,0800시0800분~1900시1900분,3,2,2,0,0,202,81,66,78,0,0,45,29,38,0,0,37.1879467357361,127.03466411849
경기도교육청,화성오산교육지원청,푸른초등학교병설유치원,공립(병설),김진숙,김진숙,20080301,20080301,경기도 화성시 동탄구 동탄공원로 21-38,031-8003-1054,031-8003-1056,http://www.pureun.es.kr,0900시0900분~1900시1900분,0,0,1,1,1,42,0,0,24,14,4,0,0,6,13,2,37.2023898699,127.055294654
경기도교육청,화성오산교육지원청,필봉초등학교병설유치원,공립(병설),강운석,강운석,20110301,20110301,경기도 오산시 수청로 124,031-372-5716,031-372-1592,https://philbong-e.goehs.kr/philbong-e/main.do,0900시0900분~1900시1900분,0,0,0,1,0,18,0,0,0,18,0,0,0,0,6,0,37.1788278459,127.0523799072
경기도교육청,화성오산교육지원청,하길유치원,공립(단설),한미하,한미하,20180301,20180301,경기도 화성시 만세구 향남읍 벌말길 26,031-354-2029,031-353-1943,https://hagil-k.goehs.kr,0900시0900분~1900시1900분,3,2,2,0,2,130,42,40,48,0,8,40,38,42,0,7,37.1123256983,126.9021068465
경기도교육청,화성오산교육지원청,하길초등학교병설유치원,공립(병설),한선희,한선희,20160301,20160304,경기도 화성시 만세구 상신하길로273번길 45,031-8077-6480,031-8077-6475,https://hagil-e.goehs.kr/,0800시0800분~1900시1900분,1,1,1,0,0,58,14,20,24,0,0,3,10,12,0,0,37.1156071816,126.904073891
경기도교육청,화성오산교육지원청,하늘꿈의유치원,사립(사인),정영순,한지혜,20121127,20130301,경기도 오산시 외삼미로162-52 (외삼미동),031-8015-1212,031-8015-0280, ,0800시0800분~1900시1900분,4,4,4,0,0,876,72,88,104,0,0,49,70,74,0,0,37.1966205946609,127.064882327553
경기도교육청,화성오산교육지원청,하늘빛유치원,공립(단설),임기순,임기순,20130301,20130301,경기도 화성시 동탄구 동탄반석로 259,031-8015-8082,031-8015-8975,https://hanulbit-k.goehs.kr/hanulbit-k/main.do,0800시0800분~1900시1900분,2,2,2,0,1,116,27,38,47,0,4,27,32,38,0,4,37.2107158065,127.0768574999
경기도교육청,화성오산교육지원청,학동초등학교병설유치원,공립(병설),정영미,정영미,20070406,20070406,경기도 화성시 동탄구 동탄지성로 79-17,031-613-0413,031-613-0415,http://www.hshakdong.es.kr,1330시1330분~1900시1900분,1,1,1,0,0,58,14,20,24,0,0,10,6,12,0,0,37.2052845126775,127.066051754912
경기도교육청,화성오산교육지원청,학촌유치원,사립(사인),석호현,석현정,20080301,20080301,경기도 화성시 효행구 웃음길 62,031-278-5577,031-278-5611,https://www.instagram.com/hakchon5577/,0800시0800분~1900시1900분,6,5,5,0,0,450,108,110,130,0,0,108,110,130,0,0,37.212735445743,126.960516533853
경기도교육청,화성오산교육지원청,한마음초등학교병설유치원,공립(병설),이미정,이미정,20080301,20080301,경기도 화성시 동탄구 동탄숲속로 69-6,031-8003-5956, , ,0840시0840분~1900시1900분,0,0,1,1,1,58,0,0,24,14,4,0,0,4,11,1,37.2079674086213,127.056402978995
경기도교육청,화성오산교육지원청,한백초등학교병설유치원,공립(병설),최두영,최두영(직무대리),20150301,20150309,경기도 화성시 동탄구 동탄순환대로26길 37,031-8077-7370,031-8077-7409, ,0900시0900분~1900시1900분,1,1,1,0,0,58,14,20,24,0,0,12,13,18,0,0,37.208342703,127.1147187674
경기도교육청,화성오산교육지원청,한빛유치원,사립(사인),박두열,엄옥주,19990302,19990302,경기도 화성시 병점구 병점중앙로35번길 5,031-223-6566,031-226-0313, ,0730시0730분~1900시1900분,2,2,2,0,0,324,28,32,36,0,0,18,20,32,0,0,37.2019081413467,127.043582150618
경기도교육청,화성오산교육지원청,한율초등학교병설유치원,공립(병설),배정운,배정운,20180301,20180302,경기도 화성시 동탄구 동탄순환대로 429-10,031-375-8642,031-375-8963,https://hanyull2018-e.goehs.kr/,0900시0900분~1900시1900분,1,1,1,0,0,58,14,20,24,0,0,8,12,15,0,0,37.186687892,127.12299782
경기도교육청,화성오산교육지원청,해아뜰유치원,사립(사인),윤미옥,윤미옥,20161101,20161101,경기도 화성시 동탄구 동탄청계로 303-13,031-376-1161,031-376-1162,https://www.hatteul2016.com/,0730시0730분~1900시1900분,2,2,2,0,0,140,36,44,52,0,0,32,44,42,0,0,37.2006473094559,127.11598691901335
경기도교육청,화성오산교육지원청,해오름유치원,사립(사인),김용순,김용순,20020315,20020315,경기도 화성시 병점구 영통로27번길 19,031-273-2111,031-273-2113,https://blog.naver.com/horchild,0730시0730분~2000시2000분,3,4,4,0,0,282,54,88,104,0,0,48,74,81,0,0,37.2326617281,127.0625714074
경기도교육청,화성오산교육지원청,해운초등학교병설유치원,공립(병설),배재국,배재국,19810310,19810310,경기도 화성시 만세구 궁평항로 1374-6,031-356-7479,031-357-6090,http://www.haeun.es.kr,0900시0900분~1700시1700분,0,0,0,1,0,18,0,0,0,18,0,0,0,0,14,0,37.1395778517,126.7034155549
경기도교육청,화성오산교육지원청,행복한아이들유치원,사립(사인),이동은,이동은,20070301,20070301,경기도 화성시 병점구 병점동로 15,031-222-7822,031-223-9553,http://www.happykidsk.com,0730시0730분~1930시1930분,6,5,3,0,0,386,108,110,78,0,0,97,95,76,0,0,37.2062055871101,127.044791989766
경기도교육청,화성오산교육지원청,향남유치원,공립(단설),문효숙,문효숙,20180112,20180302,경기도 화성시 만세구 향남읍 상신하길로196번길 19,031-359-9512,031-359-9716,https://hyangnam-k.goehs.kr,0730시0730분~1900시1900분,2,2,3,0,2,174,28,40,72,0,8,21,35,54,0,7,37.1061958002,126.9077893078
경기도교육청,화성오산교육지원청,향남초등학교병설유치원,공립(병설),김혜영,김혜영,19850311,19850311,경기도 화성시 향남읍 왜골길 7,031-352-3973,031-352-3974,hyangnam.es.kr,0900시0900분~1900시1900분,0,0,0,1,0,18,0,0,0,18,0,0,0,0,5,0,37.1197532304,126.943675982
경기도교육청,화성오산교육지원청,현민초등학교병설유치원,공립(병설),신원태,신원태,20250818,20250818,경기도 화성시 동탄구 동탄신리천로3길 11,031-372-0795,031-372-0796,https://hyunmin-e.goehs.kr/,0900시0900분~1900시1900분,1,1,1,0,0,58,14,20,24,0,0,9,11,14,0,0,37.18290644,127.1298393681
경기도교육청,화성오산교육지원청,호연초등학교병설유치원,공립(병설),강미경,강미경,20210301,20210301,경기도 화성시 동탄대로3길 17-7,031-299-7280,031-299-7209,http://hwasunghoyeon.es.kr/?_page=60,0900시0900분~1900시1900분,1,2,2,0,0,102,14,40,48,0,0,13,26,33,0,0,37.1630275623,127.1048815013
경기도교육청,화성오산교육지원청,화남초등학교병설유치원,공립(병설),백인정,백인정,19850306,20200301,경기도 화성시 동탄순환대로4길 16,031-8055-3570,031-8055-3599,www.whanam.es.kr,0800시0800분~1900시1900분,1,1,1,0,0,58,14,20,24,0,0,1,10,14,0,0,37.1638586271,127.0960354643
경기도교육청,화성오산교육지원청,화산초등학교병설유치원,공립(병설),조성래,조성래,19850301,19850301,경기도 화성시 병점구 화산중앙로64번길 17,031-236-4134,031-234-1798,http://hsp.es.kr,0830시0830분~1900시1900분,0,0,1,1,0,38,0,0,24,14,0,0,0,6,7,0,37.2110878864829,127.014084389957
경기도교육청,화성오산교육지원청,화성금곡초등학교병설유치원,공립(병설),강승철,강승철,20070301,20070301,경기도 화성시 동탄문화센터로 13,031-613-8017,031-613-8015, ,0900시0900분~1900시1900분,1,1,1,0,0,58,14,20,24,0,0,10,7,13,0,0,37.1986345539,127.0662179437
경기도교육청,화성오산교육지원청,화성매송초등학교병설유치원,공립(병설),하현숙,하현숙,19820301,19820301,경기도 화성시 효행구 화성로 2403,031-294-8388, ,https://maesong-e.goehs.kr/,0830시0830분~1800시1800분,0,0,0,1,0,18,0,0,0,18,0,0,0,0,7,0,37.2493808284,126.9289898228
경기도교육청,화성오산교육지원청,화성바른초등학교병설유치원,공립(병설),정을모,정을모,20250818,20250818,경기도 화성시 동탄구 동탄신동5길 7,031-378-0158,031-378-0261,https://hsbareun-e.goehs.kr/,0900시0900분~1900시1900분,1,1,1,0,0,58,14,20,24,0,0,13,16,16,0,0,37.1820732550996,127.139034211511
경기도교육청,화성오산교육지원청,화성반월초등학교병설유치원,공립(병설),조인석,조인석,20150206,20150301,경기도 화성시 병점구 효행로 1281-23,031-548-4247,031-548-4249,http://www.hsbw.es.kr/,0900시0900분~1900시1900분,1,1,1,0,1,64,14,20,24,0,4,6,13,19,0,2,37.2235904039,127.0592689238
경기도교육청,화성오산교육지원청,화성벌말초등학교병설유치원,공립(병설),이남형,이남형,20040915,20040915,경기도 화성시 병점구 떡전골로 34,031-221-6361, ,https://hsbm-e.goehs.kr/hsbm-e,0900시0900분~1700시1700분,0,0,1,1,0,44,0,0,8,2,0,0,0,8,2,0,37.2025822277379,127.037959219841
경기도교육청,화성오산교육지원청,화성신동초등학교병설유치원,공립(병설),김현석,김현석,20230301,20230301,경기도 화성시 동탄구 동탄신동1길 11,031-899-1570, ,https://hssindong-e.goehs.kr/,1300시1300분~1900시1900분,1,1,1,0,0,58,14,20,24,0,0,14,20,24,0,0,37.1746553764326,127.12977266218
경기도교육청,화성오산교육지원청,화성장안초등학교병설유치원,공립(병설),이재모,이재모,19810305,19810305,경기도 화성시 만세구 조암동로 8-5,031-358-7372, ,http://www.hsja.es.kr/,0900시0900분~1700시1700분,0,0,0,1,0,20,0,0,0,20,0,0,0,0,12,0,37.0860433677198,126.823874015357
경기도교육청,화성오산교육지원청,화성청계초등학교병설유치원,공립(병설),선종철,선종철,20150422,20150422,경기도 화성시 동탄구 동탄대로시범길 39,031-8077-4908,031-8077-4906,https://hscheonggye-e.goehs.kr,0900시0900분~1900시1900분,1,1,1,0,0,58,14,20,24,0,0,8,12,20,0,0,37.1991920037,127.1021055068
경기도교육청,화성오산교육지원청,화성초등학교병설유치원,공립(병설),이은희,이은희,19850901,19850901,경기도 오산시 내삼미로 18,031-377-5016,031-377-5014,http://www.hwaseong.es.kr/,1300시1300분~1700시1700분,0,0,0,1,0,20,0,0,0,20,0,0,0,0,9,0,37.16456721779,127.068821688124
경기도교육청,화성오산교육지원청,화원초등학교병설유치원,공립(병설),안계춘,안계춘,20150301,20150301,경기도 화성시 만세구 하길로 59,031-8055-8474,031-8055-8478,https://hshwawon-e.goehs.kr/hshwawon-e/na/ntt/selectNttList.do?mi=9812&bbsId=5088,0900시0900분~1900시1900분,1,1,1,0,0,58,14,20,24,0,0,6,15,17,0,0,37.1117072592186,126.919063878206
경기도교육청,화성오산교육지원청,활초초등학교병설유치원,공립(병설),김장규,김장규,19850311,19850311,경기도 화성시 만세구 안석길111번길 106,031-356-7173, , ,0900시0900분~1900시1900분,0,0,0,1,0,18,0,0,0,18,0,0,0,0,7,0,37.1787689118386,126.825095254688
경기도교육청,화성오산교육지원청,효행초등학교병설유치원,공립(병설),이문숙,이문숙,20170301,20170301,경기도 화성시 효행구 와우로 16,031-224-2694,031-224-2696,http://hyohaeng.es.kr,0900시0900분~1900시1900분,1,1,1,0,1,58,14,20,24,0,4,14,20,24,0,4,37.215965444,126.9682872649
