교육청명,교육지원청명,유치원명,설립유형,대표자명,원장명,설립일,개원일,주소,전화번호,팩스번호,홈페이지,운영시간,만3세학급수,만4세학급수,만5세학급수,혼합학급수,특수학급수,인가총정원수,3세정원수,4세정원수,5세정원수,혼합정원수,특수학급정원수,만3세원아수,만4세원아수,만5세원아수,혼합원아수,특수원아수,위도,경도
서울특별시교육청,강남서초교육지원청,강남유정유치원,사립(사인),김지은 박민정,김지은,20180131,20180301,서울특별시 강남구 광평로34길 17,02-2226-9500,02-2226-9705,http://www.gnyujung.com,0800시0800분~1800시1800분,7,6,5,0,0,429,137,152,140,0,0,137,152,140,0,0,37.4830073857,127.0949420948
서울특별시교육청,강남서초교육지원청,개현초등학교병설유치원,공립(병설),박병춘,박병춘,20250301,20250305,서울특별시 강남구 선릉로 15,02-2138-2045,02-2138-2046,https://gaehyeon.sen.es.kr/207692/subMenu.do,0700시0700분~1900시1900분,1,1,1,0,0,52,14,18,20,0,0,14,17,13,0,0,37.4810262095918,127.062042570555
서울특별시교육청,강남서초교육지원청,구룡유치원,사립(사인),이정근,이경남,19940301,19940301,서울특별시 서초구 논현로5길 31-11,02-577-1986,02-576-4503,https://guryung.kidsnote.ac/,0800시0800분~1900시1900분,1,2,1,0,0,120,30,60,30,0,0,23,27,29,0,0,37.4711297379287,127.049171041504
서울특별시교육청,강남서초교육지원청,남부유치원,사립(사인),김윤기,조미경,19860327,19860327,서울특별시 강남구 언주로 123,02-572-2371,02-576-9391, ,0900시0900분~1700시1700분,0,0,0,2,0,80,0,0,0,80,0,0,0,0,43,0,37.487521219531,127.048752325201
서울특별시교육청,강남서초교육지원청,도곡렉슬유치원,사립(사인),전영순,정연희,20060221,20060306,서울특별시 강남구 선릉로 221,02-579-7736,02-579-7753, ,0830시0830분~1800시1800분,0,0,0,8,0,200,0,0,0,200,0,0,0,0,200,0,37.4942068396456,127.049734781209
서울특별시교육청,강남서초교육지원청,돌샘유치원,사립(사인),석종희,석현영,19831223,19840302,서울특별시 강남구 개포로 516,02-3411-0003,02-3411-7033, ,0800시0800분~1900시1900분,2,2,2,0,0,260,46,48,50,0,0,44,46,45,0,0,37.4891406792843,127.070871480537
서울특별시교육청,강남서초교육지원청,동화유치원,사립(사인),김경옥,남은희,19940207,19940304,서울특별시 서초구 서초중앙로24길 43,02-595-9392,02-591-9392, ,0820시0820분~1800시1800분,1,1,1,0,0,90,30,30,30,0,0,22,13,22,0,0,37.4966221384,127.0183606114
서울특별시교육청,강남서초교육지원청,리라유치원,사립(사인),김점미,황세희,19860311,19941010,서울특별시 강남구 광평로19길 15,02-2226-8686,02-2226-8683, ,0800시0800분~1800시1800분,2,1,1,0,0,160,36,20,20,0,0,28,10,10,0,0,37.485530536641,127.084797907539
서울특별시교육청,강남서초교육지원청,묘동유치원,사립(법인),이요한,이현주,19241113,19241113,서울특별시 강남구 도곡로78길 8,02-556-8737,02-565-7202,http://md.kidis.co.kr,0900시0900분~1800시1800분,2,2,2,0,0,165,40,48,52,0,0,40,48,52,0,0,37.4974073119856,127.058766397833
서울특별시교육청,강남서초교육지원청,반디유치원,사립(사인),김난영,명은지,19930302,19930302,서울특별시 강남구 광평로47길 17,02-451-8891,02-451-8890,http://www.bandikids.co.kr,0800시0800분~1800시1800분,1,2,1,0,0,120,25,60,35,0,0,24,59,34,0,0,37.4866957097081,127.097697414245
서울특별시교육청,강남서초교육지원청,반포자이유치원,사립(사인),김현숙,윤홍주,20100303,20100303,서울특별시 서초구 신반포로 270,02-596-6668,02-596-6648, ,0900시0900분~1700시1700분,2,2,2,0,0,160,42,51,56,0,0,42,51,54,0,0,37.5078602234885,127.011582043737
서울특별시교육청,강남서초교육지원청,새성민유치원,사립(사인),이해영,홍성임,19830228,19830302,서울특별시 서초구 효령로 110,02-582-1871,02-583-9500, ,0800시0800분~1800시1800분,1,1,1,0,0,104,24,32,32,0,0,21,24,26,0,0,37.4806780089693,126.996107159947
서울특별시교육청,강남서초교육지원청,서울개원초등학교병설유치원,공립(병설),신명숙,신명숙,20121227,20130301,서울특별시 강남구 선릉로 29,02-2138-1949,02-2138-1948,https://gaewon.sen.es.kr/,0700시0700분~1900시1900분,1,1,2,0,1,72,14,16,38,0,4,12,16,23,0,3,37.4809856949,127.058601367
서울특별시교육청,강남서초교육지원청,서울개포유치원,공립(단설),지주영,지주영,19970115,20230301,서울특별시 강남구 삼성로4길 20,02-445-0051,02-445-0056,https://gaepo.sen.kg.kr/index.do,0700시0700분~2000시2000분,3,3,3,0,2,156,41,53,55,0,7,41,38,37,0,7,37.4863102061,127.0692800747
서울특별시교육청,강남서초교육지원청,서울논현초등학교병설유치원,공립(병설),최경순,최경순,20110301,20110308,서울특별시 강남구 강남대로120길 33,02-514-2082,02-514-2084,https://nonhyun.sen.es.kr/,0730시0730분~1930시1930분,1,2,1,0,1,74,14,36,20,0,4,11,15,14,0,4,37.507945386914,127.025808559008
서울특별시교육청,강남서초교육지원청,서울대왕초등학교병설유치원,공립(병설),김경하,김경하,20120901,20121004,서울특별시 강남구 헌릉로618길 8,02-3412-0840,02-3412-0846,http://www.dwkids.kg.kr/,0700시0700분~1900시1900분,1,1,1,0,0,56,14,18,20,0,0,8,12,16,0,0,37.4646208596,127.105590825
서울특별시교육청,강남서초교육지원청,서울대현초등학교병설유치원,공립(병설),김임순,김임순,20000115,20000315,서울특별시 강남구 역삼로98길 16,02-501-6408,02-501-6468,http://daehyun.sen.es.kr,0700시0700분~1900시1900분,0,0,1,1,1,52,0,0,20,18,4,0,0,10,3,4,37.5037211389,127.0635659618
서울특별시교육청,강남서초교육지원청,서울도곡초등학교병설유치원,공립(병설),권혁조,권혁조,20131226,20140611,서울특별시 강남구 선릉로64길 33,02-2052-1007,02-2052-2007,https://dogok.sen.es.kr/,0700시0700분~1900시1900분,1,2,1,0,0,70,14,36,20,0,0,10,24,20,0,0,37.4991633258643,127.055205055308
서울특별시교육청,강남서초교육지원청,서울방배초등학교병설유치원,공립(병설),한선혜,한선혜,19970423,19970423,서울특별시 서초구 방배중앙로13길 26,02-595-9978,02-595-9604,https://bangbae.sen.es.kr/,0700시0700분~1900시1900분,1,1,1,0,0,52,14,18,20,0,0,10,14,20,0,0,37.4873373803,126.987544224
서울특별시교육청,강남서초교육지원청,서울서래초등학교병설유치원,공립(병설),장석원,장석원,19960115,19960308,서울특별시 서초구 방배로 260,02-595-2274,02-595-2268,http://www.seorae.es.kr/,0730시0730분~1930시1930분,1,1,2,0,1,72,13,17,38,0,4,13,17,26,0,4,37.496298272646,126.989322008602
서울특별시교육청,강남서초교육지원청,서울세명유치원,공립(단설),김수진,김수진,20180104,20180301,서울특별시 강남구 자곡로 55,02-3411-0890, ,http://www.서울세명유치원.kr,0730시0730분~1930시1930분,1,2,2,0,1,94,14,36,40,0,4,14,26,40,0,0,37.4688573716,127.0910762245
서울특별시교육청,강남서초교육지원청,서울수서초등학교병설유치원,공립(병설),한용준,한용준,20050427,20050427,서울특별시 강남구 광평로51길 46,02-459-5926,02-459-5927,http://suseo.sen.es.kr,0700시0700분~1900시1900분,0,0,1,1,0,38,0,0,20,18,0,0,0,3,2,0,37.4911525934617,127.101582627134
서울특별시교육청,강남서초교육지원청,서울신구유치원,공립(단설),박정화,박정화,20170901,20170901,서울특별시 강남구 압구정로14길 21,02-3446-7480,02-3446-7482,http://서울신구유치원.kr/,0730시0730분~1930시1930분,1,2,2,0,1,90,14,36,40,0,4,14,22,27,0,3,37.5233612952,127.0239915231
서울특별시교육청,강남서초교육지원청,서울양재유치원,공립(단설),장수정,장수정,20180712,20181001,서울특별시 서초구 바우뫼로18길 14,02-576-0468,02-576-0470,http://www.서울양재유치원.kr/,0720시0720분~1930시1930분,3,2,2,0,1,118,42,36,40,0,4,23,32,34,0,3,37.4741644828,127.0318938582
서울특별시교육청,강남서초교육지원청,서울어진유치원,공립(단설),전월순,전월순,20200301,20200526,서울특별시 서초구 태봉로2길 21,02-573-9773,02-573-9786,http://www.서울어진유치원.kr,0730시0730분~1930시1930분,2,2,2,0,1,108,28,36,40,0,4,20,14,14,0,4,37.4617849977,127.0249631263
서울특별시교육청,강남서초교육지원청,서울언남초등학교병설유치원,공립(병설),김미영,김미영,20140901,20140901,서울특별시 서초구 헌릉로8길 42,02-2138-1792,070-4762-9922,https://eonnam.sen.es.kr/,0730시0730분~1930시1930분,1,1,2,0,1,72,14,18,40,0,4,8,17,20,0,2,37.4538965925013,127.06188752323
서울특별시교육청,강남서초교육지원청,서울언주초등학교병설유치원,공립(병설),정희숙,정희숙,20130301,20130314,서울특별시 강남구 남부순환로363길 19,02-3462-5280,02-3462-5281,http://www.eonju.es.kr,0730시0730분~1930시1930분,1,1,1,0,0,52,14,18,20,0,0,14,18,20,0,0,37.4863220972,127.0367935079
서울특별시교육청,강남서초교육지원청,서울역삼초등학교병설유치원,공립(병설),김은희,김은희,20050301,20050301,서울특별시 강남구 강남대로66길 21,02-569-2731,02-569-2739,http://yeoksam.sen.es.kr,0730시0730분~1930시1930분,0,1,1,0,1,38,0,16,18,0,4,0,13,10,0,3,37.4925585993376,127.033354980688
서울특별시교육청,강남서초교육지원청,서울영희초등학교병설유치원,공립(병설),이수진,이수진,20220106,20220301,서울특별시 강남구 일원로 21,02-2226-6066,02-2226-2194,https://younghee.sen.es.kr/,0700시0700분~1900시1900분,1,1,2,0,1,72,13,18,37,0,4,13,18,37,0,4,37.4923003980946,127.081132787699
서울특별시교육청,강남서초교육지원청,서울우면초등학교병설유치원,공립(병설),이희정,이희정,20120301,20120612,서울특별시 서초구 태봉로 59,02-2057-1676,02-2057-1611,http://woomyeon.sen.es.kr/,0700시0700분~1900시1900분,1,1,1,0,1,56,14,18,20,0,4,4,2,10,0,3,37.4647115332834,127.023769250778
서울특별시교육청,강남서초교육지원청,서울우솔초등학교병설유치원,공립(병설),이민규,이민규,20130109,20130301,서울특별시 서초구 양재대로2길 74,3463-9073,02-3463-9074,http://woosol.sen.es.kr,0700시0700분~1900시1900분,2,1,2,0,1,86,28,18,40,0,4,17,12,18,0,4,37.4570099270708,127.019230994208
서울특별시교육청,강남서초교육지원청,서울원명초등학교병설유치원,공립(병설),이오표,이오표,20050415,20050504,서울특별시 서초구 고무래로 90-6,02-593-4490,02-593-4494,http://www.wonmyong.es.kr/index/index.do,0730시0730분~1930시1930분,1,1,1,0,0,52,14,18,20,0,0,14,15,20,0,0,37.5006596359349,127.016011228536
서울특별시교육청,강남서초교육지원청,서울율현초등학교병설유치원,공립(병설),전인숙,전인숙,20140901,20140901,서울특별시 강남구 밤고개로21길 15,02-3413-8877,02-3413-8878,yulhyeon.sen.es.kr,0700시0700분~1900시1900분,1,1,2,0,1,72,13,18,37,0,4,11,7,21,0,4,37.474622512,127.107786732
서울특별시교육청,강남서초교육지원청,서울은곡유치원,공립(단설),이선미,이선미,20150301,20150301,서울특별시 강남구 헌릉로569길 41,02-3411-3345,02-3411-3361,http://www.eungokkg.co.kr,0700시0700분~1900시1900분,3,2,2,0,1,122,42,36,40,0,4,34,34,23,0,4,37.4668162108,127.096931183
서울특별시교육청,강남서초교육지원청,서울일원초등학교병설유치원,공립(병설),박중재,박중재,20240301,20240301,서울특별시 강남구 영동대로4길 20,02-2135-9399,02-2135-9356,https://ilwon.sen.es.kr/198960/subMenu.do,0700시0700분~2000시2000분,1,1,1,0,0,52,14,18,20,0,0,14,16,9,0,0,37.4898127053,127.0761419403
서울특별시교육청,강남서초교육지원청,서울자곡초등학교병설유치원,공립(병설),박혜윤,박혜윤,20140901,20141024,서울특별시 강남구 자곡로 150,02-3413-8780,02-3414-0040,http://www.jagok.sen.es.kr,0700시0700분~1900시1900분,1,1,1,0,0,56,14,18,20,0,0,7,4,16,0,0,37.4721911186471,127.099601606992
서울특별시교육청,강남서초교육지원청,서울청계숲유치원,공립(단설),신현광,신현광,20150224,20150301,서울특별시 서초구 청계산로11길 14,02-575-7566,02-575-7561,http://www.서울청계숲유치원.kr/,0700시0700분~1900시1900분,3,2,2,0,1,118,42,36,40,0,2,16,28,26,0,2,37.4477924177,127.0577422239
서울특별시교육청,강남서초교육지원청,서울청담초등학교병설유치원,공립(병설),황신영,황신영,20210901,20210901,서울특별시 강남구 압구정로71길 9,02-6204-5500,02-6204-5300,https://cheongdam.sen.es.kr/182525/subMenu.do,0730시0730분~1930시1930분,1,1,1,0,0,52,14,18,20,0,0,2,7,4,0,0,37.5282818704161,127.045153024716
서울특별시교육청,강남서초교육지원청,서울포이초등학교병설유치원,공립(병설),노재훈,노재훈,20180301,20180301,서울특별시 강남구 개포로22길 87,02-6009-5470,02-6009-5471,http://www.poi.es.kr/,0730시0730분~1930시1930분,1,1,1,0,0,52,14,18,20,0,0,3,9,6,0,0,37.4752928731,127.0514162217
서울특별시교육청,강남서초교육지원청,서울학동초등학교병설유치원,공립(병설),이숙자,이숙자,20201221,20210310,서울특별시 강남구 선릉로115길 42,02-6081-5185,02-6081-5183,https://hakdong.sen.es.kr/,0700시0700분~1900시1900분,1,1,1,0,0,52,14,18,20,0,0,10,13,12,0,0,37.5122610575,127.0395977941
서울특별시교육청,강남서초교육지원청,서초유치원,사립(사인),신호철,임명숙,20121228,20130301,서울특별시 서초구 양재대로2길 100-64,02-571-9009,02-571-9077, ,0800시0800분~1900시1900분,4,4,3,0,0,244,80,96,66,0,0,62,94,59,0,0,37.4560953591482,127.016216585632
서울특별시교육청,강남서초교육지원청,석문유치원,사립(법인),정순택,박미리,19880301,19880920,서울특별시 서초구 서초대로64길 73,02-585-5881,02-585-5891,https://cafe.naver.com/smu5881,0900시0900분~1800시1800분,1,2,1,0,0,160,20,50,26,0,0,20,50,26,0,0,37.4928889237261,127.021741513769
서울특별시교육청,강남서초교육지원청,성결유치원,사립(사인),정인교,강정현,19870418,19870418,서울특별시 강남구 언주로121길 5,02-548-9754,02-548-9714, ,0700시0700분~2000시2000분,0,0,0,2,0,58,0,0,0,58,0,0,0,0,32,0,37.5114661655891,127.03535389756
서울특별시교육청,강남서초교육지원청,성요셉유치원,사립(법인),장균희,이인숙,19721212,19721212,서울특별시 강남구 압구정로77길 28,02-543-8819,02-515-5206,https://www.stjosepkids.kr/,0900시0900분~1700시1700분,3,3,2,0,0,310,65,65,40,0,0,57,58,31,0,0,37.5268040352,127.0482335455
서울특별시교육청,강남서초교육지원청,신반포중앙유치원,사립(법인),김지훈,전현희,20250822,20250901,서울특별시 서초구 신반포로 255,02-594-2211,02-594-2212, ,0900시0900분~1800시1800분,2,1,1,0,0,90,40,24,26,0,0,30,20,10,0,0,37.5104061918797,127.01247336771
서울특별시교육청,강남서초교육지원청,신아유치원,사립(사인),최경숙,최경숙,19880301,19880301,서울특별시 강남구 개포로110길 15,02-3411-5091,02-3411-5093, ,0730시0730분~1900시1900분,1,1,2,0,0,120,30,30,60,0,0,21,30,54,0,0,37.4919210181333,127.078848729622
서울특별시교육청,강남서초교육지원청,여나유치원,사립(사인),이경희,이경희,19890123,19890308,서울특별시 서초구 서초중앙로 200,02-536-1116,02-537-4737,https://www.yeonakindergarten.com/,0900시0900분~1700시1700분,2,2,2,0,0,180,46,50,56,0,0,22,30,33,0,0,37.4997682992,127.0140174152
서울특별시교육청,강남서초교육지원청,영동제일유치원,사립(사인),우종숙,고윤희,19780329,19780329,서울특별시 강남구 삼성로120길 28,02-544-3111,02-546-7388,https://blog.naver.com/youngdongjeil,0900시0900분~1700시1700분,2,2,2,0,0,240,44,48,52,0,0,44,48,52,0,0,37.5175452184982,127.05342470388
서울특별시교육청,강남서초교육지원청,영생유치원,사립(사인),홍문수,김진현,20021230,20021230,서울특별시 서초구 신반포로19길 30,02-536-2329,02-534-3960,http://www.sbpch.com,0740시0740분~1800시1800분,1,1,1,0,0,120,20,30,35,0,0,14,30,27,0,0,37.5050038407554,126.995676466673
서울특별시교육청,강남서초교육지원청,오즈의마법사유치원,사립(법인),김요현,오안나,20120518,20120521,서울특별시 강남구 헌릉로618길 14,02-3411-1081,02-3411-1089, ,0730시0730분~1900시1900분,3,4,3,0,0,200,60,80,60,0,0,61,77,62,0,0,37.4639919316493,127.106199106195
서울특별시교육청,강남서초교육지원청,이화유치원,사립(사인),윤순호,윤순호,19930216,19930216,서울특별시 강남구 개포로109길 5,02-451-6688,02-451-0584,http://www.ewhakids.co.kr,0800시0800분~1830시1830분,1,1,1,0,0,160,25,25,25,0,0,18,12,13,0,0,37.4922079423024,127.074152542603
서울특별시교육청,강남서초교육지원청,천사유치원,사립(사인),김완종,장태옥,19920213,19920213,서울특별시 서초구 바우뫼로 99,070-8289-9515,02-575-9516, ,0800시0800분~1700시1700분,1,1,1,1,0,120,30,30,30,30,0,30,30,29,21,0,37.4747976711164,127.032087811542
서울특별시교육청,강남서초교육지원청,청담몬테소리유치원,사립(사인),나장균,이은자,20121116,20130301,서울특별시 강남구 학동로67길 15,02-546-3369,070-8118-3362,http://www.cheongdamkids.com,0830시0830분~1800시1800분,2,2,2,0,0,150,44,52,54,0,0,32,47,42,0,0,37.5193478339867,127.046538619425
서울특별시교육청,강남서초교육지원청,초원유치원,사립(사인),지수금,허정심,19911122,19911122,서울특별시 강남구 논현로14길 17,02-578-5248,02-578-5248, ,0800시0800분~1800시1800분,2,1,1,0,0,105,45,30,30,0,0,14,15,20,0,0,37.4759813907247,127.048597672622
서울특별시교육청,강남서초교육지원청,푸른유치원,사립(사인),권영석,노재은,19950301,19950301,서울특별시 강남구 일원로14길 25,02-2226-2697, , ,0800시0800분~1800시1800분,1,2,2,0,0,150,30,60,60,0,0,30,60,60,0,0,37.4839635132985,127.081051764009
서울특별시교육청,강남서초교육지원청,하나유치원,사립(사인),전순이,박점희,19920121,19931201,서울특별시 서초구 잠원로8길 13,02-595-6585,02-535-6585, ,0800시0800분~1900시1900분,3,2,3,0,0,200,66,54,80,0,0,66,54,76,0,0,37.5152118305464,127.01027357086
서울특별시교육청,강남서초교육지원청,한신유치원,사립(법인),강용규,박소은,20170301,20170301,서울특별시 서초구 잠원로3길 31,02-593-3100,02-6405-3100,https://blog.naver.com/hanshinkindergarten,0900시0900분~1700시1700분,2,2,2,0,0,140,43,50,47,0,0,43,50,47,0,0,37.5093620298,127.0049991855
서울특별시교육청,강동송파교육지원청,가람유치원,사립(사인),박민정,김경이,19861127,19870310,서울특별시 강동구 상암로63길 39,02-427-3151,02-428-9375, ,0800시0800분~1800시1800분,2,2,1,0,0,176,52,64,35,0,0,51,62,33,0,0,37.5482518859685,127.153926568308
서울특별시교육청,강동송파교육지원청,강동유정유치원,사립(사인),김지은,박민정,20121109,20130301,서울특별시 강동구 상일로10길 41,428-4466,02-428-4455,http://gdyujung.com/,0800시0800분~1800시1800분,6,6,5,0,0,409,124,150,135,0,0,124,150,135,0,0,37.5505605178048,127.174951809967
서울특별시교육청,강동송파교육지원청,강일늘사랑유치원,사립(사인),이복임,이복임,20121204,20130304,서울특별시 강동구 아리수로98길 62,02-3426-8700,02-3426-8703,https://alwayslove.kidsnote.ac,0730시0730분~2000시2000분,4,3,3,0,0,265,96,78,81,0,0,95,78,75,0,0,37.563146346794,127.178323130352
서울특별시교육청,강동송파교육지원청,고덕유치원,사립(법인),백은희,김진숙,20070507,20070507,서울특별시 강동구 구천면로 645,02-440-5302,02-440-5334, ,0900시0900분~1800시1800분,1,2,1,0,0,100,20,48,28,0,0,20,48,28,0,0,37.5511143322592,127.169247162463
서울특별시교육청,강동송파교육지원청,구강사금강유치원,사립(사인),김영춘,박송란,20071120,20080303,서울특별시 강동구 천중로 64,02-471-7792,02-471-7763,https://cafe.naver.com/ggskids,0800시0800분~2000시2000분,2,2,2,0,0,140,57,43,40,0,0,57,43,40,0,0,37.5448559810506,127.128831901702
서울특별시교육청,강동송파교육지원청,근화유치원,사립(사인),강아원,김현지,19860601,19860601,서울특별시 강동구 고덕로 240,02-481-1144,02-481-8063, ,0750시0750분~1830시1830분,0,0,1,1,0,80,0,0,24,40,0,0,0,17,16,0,37.5538190240437,127.151906759045
서울특별시교육청,강동송파교육지원청,꿀벌유치원,사립(사인),이영자,조윤희,19980304,19980304,서울특별시 송파구 양산로8길 8,02-3401-1752,02-3401-1752,http://www.honeybeekids.co.kr/,0900시0900분~1730시1730분,1,2,1,0,0,120,30,60,30,0,0,25,29,25,0,0,37.4909201831394,127.144569665963
서울특별시교육청,강동송파교육지원청,녹원유치원,사립(사인),최진경,최진경,19860301,19860307,서울특별시 강동구 상암로63길 39-10,02-481-3141,02-428-9375, ,0800시0800분~1800시1800분,1,1,2,0,0,160,25,31,62,0,0,23,31,62,0,0,37.5485122316794,127.153569439889
서울특별시교육청,강동송파교육지원청,돌샘유치원,사립(사인),홍병지,권복희,20090217,20090303,서울특별시 강동구 고덕로 131,02-3426-5472, , ,0800시0800분~1700시1700분,3,3,2,0,0,227,73,79,75,0,0,73,79,75,0,0,37.5563994970317,127.140146871451
서울특별시교육청,강동송파교육지원청,동화나라유치원,사립(사인),김애순,김애순,19911130,19911130,서울특별시 송파구 강동대로3길 23,02-473-1136,02-473-1134, ,0730시0730분~1930시1930분,2,3,2,0,0,220,52,78,56,0,0,46,69,50,0,0,37.5288140038853,127.115422090332
서울특별시교육청,강동송파교육지원청,둔촌유치원,사립(사인),유창석,김숙,19890810,19890901,서울특별시 강동구 풍성로63길 73,02-475-7913,02-471-6390, ,0830시0830분~1830시1830분,1,1,1,0,0,120,21,23,24,0,0,17,20,24,0,0,37.5313747200786,127.139704057584
서울특별시교육청,강동송파교육지원청,란키즈유치원,사립(사인),송미화,송미화,20170307,20170307,서울특별시 송파구 새말로8길 22-5,.02-404-4045, ,https://blog.naver.com/rankids_,0800시0800분~1830시1830분,2,1,1,0,0,98,46,25,27,0,0,46,24,27,0,0,37.480765162,127.1262886928
서울특별시교육청,강동송파교육지원청,리아유치원,사립(사인),김명희,석성경,19890901,19890901,서울특별시 송파구 양재대로 1218,02-404-0708,02-400-2248,https://lea1989.kidsnote.ac,0830시0830분~1700시1700분,2,3,2,0,0,159,46,63,50,0,0,47,63,49,0,0,37.513364429522696,127.13526795732774
서울특별시교육청,강동송파교육지원청,리틀바움유치원,사립(사인),조훈미,조훈미,20041028,20041028,서울특별시 송파구 올림픽로 525,02-470-2008,02-470-9939,https://littlebaum.com,0800시0800분~1900시1900분,2,1,1,0,0,95,35,38,22,0,0,35,38,22,0,0,37.5289806781026,127.118176325976
서울특별시교육청,강동송파교육지원청,명덕유치원,사립(사인),김재근,김신애,19880222,19880401,서울특별시 강동구 동남로83길 66,02-426-1196, , ,0800시0800분~1730시1730분,2,2,2,0,0,230,40,40,46,0,0,31,31,38,0,0,37.5598681334818,127.153174363596
서울특별시교육청,강동송파교육지원청,반석유치원,사립(사인),강수명,강수명,20121204,20130301,서울특별시 강동구 양재대로124길 89-18,02-485-7831,02-485-8541,http://www.goodbansuk.com,0800시0800분~1820시1820분,2,1,1,0,0,81,32,24,25,0,0,19,18,21,0,0,37.5428125428867,127.14733806167
서울특별시교육청,강동송파교육지원청,삼성유치원,사립(사인),임기선 전유호,최선애,20050205,20050205,서울특별시 송파구 문정로 83,02-3401-5678,02-3401-5665, ,0740시0740분~1800시1800분,2,2,2,0,0,175,50,58,55,0,0,50,58,53,0,0,37.4902061937898,127.130145334416
서울특별시교육청,강동송파교육지원청,생명나무유치원,사립(사인),이구영,송혜연,20090421,20090421,서울특별시 송파구 송파대로8길 17,02-408-2443,02-406-2443,https://cafe.naver.com/lifetreekids1,0800시0800분~1800시1800분,2,2,2,0,0,200,44,48,52,0,0,37,42,39,0,0,37.4780032543,127.1291960572
서울특별시교육청,강동송파교육지원청,서울가락초등학교병설유치원,공립(병설),서진숙,서진숙,19960115,19960115,서울특별시 송파구 송파대로37길 45,02-3402-1154,02-3402-1156,http://www.garak.sen.es.kr,0730시0730분~1930시1930분,1,2,2,0,1,98,14,36,40,0,4,6,20,24,0,4,37.5000214193,127.1076051591
서울특별시교육청,강동송파교육지원청,서울강덕초등학교병설유치원,공립(병설),박현근,박현근,20001125,20010301,서울특별시 강동구 동남로82길 94-54,02-426-0878,02-427-7169,http://www.gangdeok.es.kr/,0730시0730분~1930시1930분,1,1,2,0,1,76,14,18,40,0,4,11,13,19,0,2,37.5590964870043,127.161215460229
서울특별시교육청,강동송파교육지원청,서울강빛초등학교병설유치원,공립(병설),강수환,강수환,20210301,20210301,서울특별시 강동구 아리수로93다길 1,02-6951-3962, ,https://www.gbk.kg.kr:510/home/,0700시0700분~2000시2000분,2,4,5,0,2,200,27,72,97,0,8,20,43,73,0,4,37.5743433210453,127.170774922577
서울특별시교육청,강동송파교육지원청,서울강솔유치원,공립(단설),한은경,한은경,20200301,20200301,서울특별시 강동구 고덕로97길 80,02-2147-5200,02-2147-5210,http://gangsol.kg.kr,0700시0700분~1900시1900분,3,3,2,0,2,144,42,54,40,0,8,30,44,40,0,0,37.5618696246,127.1802670557
서울특별시교육청,강동송파교육지원청,서울강현유치원,공립(단설),박선자,박선자,20250301,20250301,서울특별시 강동구 고덕로98길 111,02-441-0301,02-441-9991,https://xn--939at21bd7d1czrv17a0pn.kr:462/home/,0700시0700분~2000시2000분,3,3,3,0,2,164,42,54,60,0,8,40,50,58,0,7,37.5533838477,127.1802768307
서울특별시교육청,강동송파교육지원청,서울거여초등학교병설유치원,공립(병설),김형태,김형태,19850305,19850305,서울특별시 송파구 마천로25길 18,02-2160-5490,02-400-3318,http://www.geoyeo.kg.kr,0700시0700분~1900시1900분,1,2,2,0,0,90,14,36,40,0,0,9,22,21,0,0,37.5051643481,127.1409713215
서울특별시교육청,강동송파교육지원청,서울거원초등학교병설유치원,공립(병설),현선희,현선희,20170713,20170908,서울특별시 송파구 양산로2길 26,02-740-6500,02-400-6506,http://www.거원.kr,0730시0730분~1930시1930분,1,1,2,0,1,72,14,18,40,0,4,12,14,21,0,2,37.4876238569,127.1449343188
서울특별시교육청,강동송파교육지원청,서울고명초등학교병설유치원,공립(병설),이상복,이상복,19941010,19950309,서울특별시 강동구 고덕로46길 53,02-3426-4133,02-3428-5114,https://gomyung.sen.es.kr/,0700시0700분~2000시2000분,1,1,1,0,0,52,14,18,20,0,0,8,13,19,0,0,37.5531100298,127.1474748763
서울특별시교육청,강동송파교육지원청,서울고일초등학교병설유치원,공립(병설),오언석,오언석,20190901,20190923,서울특별시 강동구 구천면로93길 20,02-428-9930,02-428-9932,https://goil.sen.es.kr/,0730시0730분~1930시1930분,1,1,1,0,1,55,14,18,20,0,3,7,15,18,0,3,37.5515426236,127.169410144
서울특별시교육청,강동송파교육지원청,서울고현초등학교병설유치원,공립(병설),이신형,이신형,20200301,20200301,서울특별시 강동구 상일로11길 110,02-427-9680,02-427-9683,http://gohyeon.sen.es.kr/index.do,0700시0700분~2000시2000분,1,1,1,0,0,62,14,18,20,0,0,14,18,18,0,0,37.5538039438,127.1660501305
서울특별시교육청,강동송파교육지원청,서울길동초등학교병설유치원,공립(병설),이은경,이은경,19940805,19940907,서울특별시 강동구 양재대로116길 69,02-474-3956,02-475-0996,http://www.gildong.es.kr,0700시0700분~1900시1900분,1,1,2,0,0,72,14,18,40,0,0,11,18,28,0,0,37.5380526902,127.1441027072
서울특별시교육청,강동송파교육지원청,서울명일유치원,공립(단설),유미숙,유미숙,19990707,19990707,서울특별시 강동구 암사19길 53,02-428-9077,02-428-9076,http://www.서울명일유치원.com/,0700시0700분~1930시1930분,2,2,2,0,1,104,27,33,40,0,4,21,18,33,0,4,37.5534214829,127.1419450067
서울특별시교육청,강동송파교육지원청,서울방이초등학교병설유치원,공립(병설),염영현,염영현,20131226,20140519,서울특별시 송파구 위례성대로10길 4,02-421-0776,02-421-1905,http://www.bangi.es.kr,0700시0700분~1900시1900분,1,1,2,0,1,73,14,17,38,0,4,13,14,18,0,3,37.5134316242483,127.120499634451
서울특별시교육청,강동송파교육지원청,서울선린초등학교병설유치원,공립(병설),김동택,김동택,20181212,19920122,서울특별시 강동구 진황도로61길 29,02-477-3192,02-477-3190,http://s-sunrin.com,0700시0700분~1900시1900분,1,2,2,0,0,90,14,36,40,0,0,14,28,34,0,0,37.5294743908,127.145573031
서울특별시교육청,강동송파교육지원청,서울세륜초등학교병설유치원,공립(병설),이명희,이명희,19990317,19990317,서울특별시 송파구 양재대로 1264,02-403-4170,02-403-4178,http://www.seryun.es.kr,0730시0730분~1930시1930분,1,1,1,0,1,52,14,18,20,0,4,3,7,14,0,1,37.5185584042229,127.134164155592
서울특별시교육청,강동송파교육지원청,서울솔가람유치원,공립(단설),한정희,한정희,20131226,20140301,서울특별시 송파구 위례순환로 419,02-401-0781,02-401-0785,http://www.solgaram.kg.kr/,0730시0730분~1930시1930분,2,2,2,0,1,108,28,36,40,0,4,20,29,30,0,2,37.4780179842,127.1409698117
서울특별시교육청,강동송파교육지원청,서울솔가람유치원분원,공립(단설),한정희,한정희,20200109,20200527,서울특별시 송파구 위례순환로 477,02-6286-3700,02-6286-3704,http://solgaram.kg.kr,0730시0730분~1930시1930분,2,1,1,0,0,86,28,18,20,0,0,13,16,13,0,0,37.47502106,127.1365672016
서울특별시교육청,강동송파교육지원청,서울솔방울유치원,공립(단설),장선화,장선화,20210301,20210301,서울특별시 송파구 오금로24길 25,02-6481-6001,02-417-2021,https://www.xn--vh3bn4gkky3oca8l5w657b.kr:497/home/,0700시0700분~2000시2000분,2,2,2,0,1,112,28,36,40,0,4,28,36,40,0,0,37.5048493295,127.1173887168
서울특별시교육청,강동송파교육지원청,서울송전초등학교병설유치원,공립(병설),최혜경,최혜경,20070301,20070301,서울특별시 송파구 석촌호수로 159,02-6493-6390,02-420-6344,https://ssj.sen.es.kr/191456/subMenu.do,0730시0730분~1930시1930분,1,1,1,0,0,52,14,18,20,0,0,5,11,16,0,0,37.5088180634,127.0951312248
서울특별시교육청,강동송파교육지원청,서울송파위례유치원,공립(단설),백정희,백정희,20220301,20220301,서울특별시 송파구 위례송파로 121,02-6952-6430, ,https://songpawirye.sen.kg.kr/,0700시0700분~2000시2000분,2,3,2,0,1,126,28,54,40,0,4,17,46,34,0,4,37.4846780876415,127.147350510962
서울특별시교육청,강동송파교육지원청,서울송파초등학교병설유치원,공립(병설),김선자,김선자,20200109,20200301,서울특별시 송파구 백제고분로 400,02-3431-8858,02-3431-8860,http://songpa.sen.es.kr,0730시0730분~1930시1930분,1,1,1,0,0,56,14,18,20,0,0,14,7,10,0,0,37.5071373684234,127.11111896358
서울특별시교육청,강동송파교육지원청,서울신명초등학교병설유치원,공립(병설),윤순단,윤순단,20140301,20140306,서울특별시 강동구 명일로24길 33,02-489-5580,02-489-5581,https://shinmyung.sen.es.kr/,0700시0700분~2000시2000분,0,1,1,0,0,38,0,18,20,0,0,0,6,17,0,0,37.5409438082,127.1499893149
서울특별시교육청,강동송파교육지원청,서울신암초등학교병설유치원,공립(병설),최영수,최영수,20260301,20260301,서울특별시 강동구 올림픽로93길 33-16,02-426-9989, ,https://shinam.sen.es.kr/212441/subMenu.do,0700시0700분~1900시1900분,2,1,1,0,1,66,28,18,20,0,4,13,15,14,0,3, , 
서울특별시교육청,강동송파교육지원청,서울신천초등학교병설유치원,공립(병설),고희자,고희자,19860301,19860301,서울특별시 송파구 올림픽로 215,02-412-5488,02-416-4443,http://www.서울신천병설유치원.com/,0700시0700분~2000시2000분,1,1,2,0,1,76,14,18,40,0,4,13,12,27,0,2,37.5139996432474,127.09503398411
서울특별시교육청,강동송파교육지원청,서울아주초등학교병설유치원,공립(병설),이정우,이정우,20220119,20220307,서울특별시 송파구 올림픽로4길 59,02-423-8386, ,https://aju.sen.es.kr/,0700시0700분~1900시1900분,1,1,1,0,0,52,14,18,20,0,0,6,9,16,0,0,37.5058268903,127.0757678992
서울특별시교육청,강동송파교육지원청,서울영풍초등학교병설유치원,공립(병설),전은희,전은희,20170921,20180301,서울특별시 송파구 오금로57길 15,02-407-9747,02-407-9749,https://youngpung.sen.es.kr/139606/subMenu.do,0730시0730분~1930시1930분,1,1,1,0,1,52,14,18,20,0,4,5,12,13,0,1,37.496218195,127.1430149311
서울특별시교육청,강동송파교육지원청,서울위례별유치원,공립(단설),오경미,오경미,20160430,20160526,서울특별시 송파구 위례순환로 371,02-402-3931,02-402-3933,http://www.서울위례별유치원.kr,0730시0730분~1930시1930분,4,3,3,0,0,170,56,54,60,0,0,36,41,43,0,0,37.477746438627,127.145616413948
서울특별시교육청,강동송파교육지원청,서울위례솔초등학교병설유치원,공립(병설),이동섭,이동섭,20230112,20230306,서울특별시 송파구 위례북로2길 12,02-6922-8871,02-6922-8872,https://wiryesol.sen.es.kr,0730시0730분~1930시1930분,1,2,2,0,1,90,13,34,39,0,4,11,30,33,0,2,37.4867340378,127.150753871
서울특별시교육청,강동송파교육지원청,서울잠신초등학교병설유치원,공립(병설),배희숙,배희숙,19990115,19990318,서울특별시 송파구 잠실로 32,02-418-9559,02-415-0990,https://jamshin.sen.es.kr/,0700시0700분~1900시1900분,0,1,1,0,1,38,0,18,16,0,4,0,5,8,0,4,37.5141490842,127.0879439858
서울특별시교육청,강동송파교육지원청,서울잠일초등학교병설유치원,공립(병설),김애경,김애경,19870104,19870104,서울특별시 송파구 올림픽로 95,02-413-2856,02-6285-2855,http://www.jamil.es.kr/,0700시0700분~1930시1930분,1,1,1,0,0,52,14,18,20,0,0,14,18,19,0,0,37.5147416352,127.0816357693
서울특별시교육청,강동송파교육지원청,서울천호초등학교병설유치원,공립(병설),최미경,최미경,20120301,20120301,서울특별시 강동구 구천면로 310-11,02-470-6319,02-470-6312,http://chunho.sen.es.kr/index.do,0720시0720분~1920시1920분,1,1,2,0,1,72,14,18,36,0,4,6,12,15,0,3,37.5470129415,127.136955686
서울특별시교육청,강동송파교육지원청,서울평화초등학교병설유치원,공립(병설),남정대,남정대,20130301,20130524,서울특별시 송파구 송파대로26길 22,02-449-9154,02-449-9155,https://pyunghwa.sen.es.kr/,0700시0700분~1900시1900분,1,1,1,0,0,54,14,18,20,0,0,4,15,10,0,0,37.4915693471698,127.12282530613
서울특별시교육청,강동송파교육지원청,석촌유치원,사립(사인),정원우,엄세나,19841105,19850401,서울특별시 송파구 백제고분로40길 20,02-414-6692,02-415-9151,https://seokchon.kidsnote.ac/,0800시0800분~1830시1830분,5,3,3,0,0,290,104,93,93,0,0,87,85,76,0,0,37.5028765889309,127.106689294926
서울특별시교육청,강동송파교육지원청,선아유치원,사립(사인),임호순,김해영,20200211,20200302,서울특별시 강동구 구천면로 650,02-427-0294,02-442-8384,https://suna2020.kidsnote.ac/,0820시0820분~1800시1800분,1,1,1,0,0,70,23,21,26,0,0,23,17,25,0,0,37.5503184973,127.1698083186
서울특별시교육청,강동송파교육지원청,성보나유치원,사립(법인),정순택,강남희,19870311,19870311,서울특별시 강동구 고덕로83길 68,02-427-1123,02-429-3423,http://cafe.naver.com/stbona,0830시0830분~1800시1800분,1,1,1,0,0,90,30,30,30,0,0,20,22,23,0,0,37.5597428107,127.1691807181
서울특별시교육청,강동송파교육지원청,송파유정유치원,사립(사인),김지은,정연이,20101027,20110301,서울특별시 송파구 충민로 177,02-408-3408,02-408-3308,http://yujungsongpa.com,0800시0800분~1800시1800분,5,5,4,0,0,384,125,139,120,0,0,123,137,124,0,0,37.485702201822,127.133075214494
서울특별시교육청,강동송파교육지원청,수정유치원,사립(사인),김정국,황희연,19900118,19900301,서울특별시 송파구 위례성대로 28,02-412-5687,02-423-5687,https://www.sujungkids.com/,0800시0800분~1800시1800분,1,1,2,0,0,120,30,30,60,0,0,20,25,46,0,0,37.5159738054979,127.115313275713
서울특별시교육청,강동송파교육지원청,아이원유치원,사립(사인),두정아,두정아,20241219,20250301,서울특별시 강동구 성안로31마길 8,02-488-5826, ,https://i-one.kidsnote.ac,0700시0700분~2000시2000분,4,3,2,0,0,214,93,78,38,0,0,93,78,38,0,0,37.5408191681662,127.133635322641
서울특별시교육청,강동송파교육지원청,아이코리아부속새세대유치원,사립(법인),김태련,함혜정,19920120,19830302,서울특별시 송파구 충민로6길 17,02-2144-1150,02-448-1055,http://www.kidspia.or.kr/,0900시0900분~1400시1400분,1,1,2,0,0,120,30,30,60,0,0,1,18,34,0,0,37.4827541355324,127.134042568856
서울특별시교육청,강동송파교육지원청,아주유치원,사립(사인),김규성 김경미 김경본,김규성,19970709,19970709,서울특별시 송파구 양산로2길 38,02-3401-4880, , ,0800시0800분~1730시1730분,1,1,2,0,0,74,22,22,30,0,0,21,22,30,0,0,37.4884652154823,127.146186766308
서울특별시교육청,강동송파교육지원청,예슬유치원,사립(사인),김미례,김미례,20000901,20010404,서울특별시 강동구 상암로 11,02-3013-7878,02-3013-7874,http://www.yaeseul.com,0800시0800분~1800시1800분,2,3,2,0,0,295,50,78,81,0,0,36,62,34,0,0,37.5527872463179,127.125485363777
서울특별시교육청,강동송파교육지원청,예은유치원,사립(사인),김생기 김혜자,김혜자,19850206,19850206,서울특별시 송파구 오금로32길 13,02-424-6768,02-424-6112, ,0810시0810분~1800시1800분,0,1,1,0,0,240,0,24,28,0,0,0,11,26,0,0,37.5047323164537,127.120412090358
서울특별시교육청,강동송파교육지원청,오송유치원,사립(사인),오연호,오연호,19880203,19880208,서울특별시 강동구 구천면로39길 26,02-484-8535~7,02-484-8535, ,0800시0800분~1830시1830분,1,3,3,0,0,142,22,66,54,0,0,20,57,51,0,0,37.5458490286203,127.131920943402
서울특별시교육청,강동송파교육지원청,올림픽유치원,사립(사인),진성하,박지은,19890208,19890301,서울특별시 송파구 양재대로 1218,02-400-2440, ,https://olympic.kidsnote.ac,0830시0830분~1730시1730분,2,3,2,0,0,210,40,45,40,0,0,36,43,39,0,0,37.513063377492195,127.13056772467039
서울특별시교육청,강동송파교육지원청,우일유치원,사립(사인),유영권 이유경,박미영,19891228,19891228,서울특별시 송파구 토성로 38-6,02-475-2011, ,http://www.wooilkids.net,0740시0740분~1840시1840분,3,4,4,0,0,287,73,103,111,0,0,73,103,111,0,0,37.5287615277254,127.11287869248
서울특별시교육청,강동송파교육지원청,위례우일유치원,사립(사인),유영권,이유경,20150109,20150109,서울특별시 송파구 성내천로47길 38-1,02-3401-2011,02-3402-2011,http://2wooil.net,0800시0800분~1830시1830분,3,4,4,0,0,264,68,96,100,0,0,67,97,100,0,0,37.4965530773196,127.157789599858
서울특별시교육청,강동송파교육지원청,유정유치원,사립(사인),김지은,이미선,19821213,19821213,서울특별시 강동구 강동대로55길 83,02-471-3151, , ,0800시0800분~1800시1800분,4,4,4,0,0,540,104,116,124,0,0,104,116,124,0,0,37.5259465331108,127.133774412616
서울특별시교육청,강동송파교육지원청,은새유치원,사립(사인),최석명,최석명,20131129,20140303,서울특별시 강동구 고덕로62길 58,02-428-2256,02-429-2255, ,0800시0800분~1800시1800분,2,1,1,0,0,80,30,23,27,0,0,26,23,27,0,0,37.5523690504483,127.152622558785
서울특별시교육청,강동송파교육지원청,은선유치원,사립(법인),박상옥,정미화,19900301,19900302,서울특별시 송파구 동남로11길 27,02-400-9758,02-404-9758,https://cafe.naver.com/eunsunkids,0730시0730분~1930시1930분,2,2,2,0,0,169,50,58,60,0,0,50,57,58,0,0,37.4921663583594,127.126326271088
서울특별시교육청,강동송파교육지원청,의명유치원,사립(사인),황의명,한지희,19850904,19850916,서울특별시 송파구 오금로35길 17,02-402-1930,02-402-1935,http://eumyung.imweb.me,0900시0900분~1800시1800분,2,2,2,0,0,220,46,52,44,0,0,45,52,42,0,0,37.5063293904,127.1268758287
서울특별시교육청,강동송파교육지원청,잠실럭키유치원,사립(사인),민청식,이수지,20111202,20120307,서울특별시 송파구 올림픽로 135,02-424-5665,02-424-5995, ,0900시0900분~1730시1730분,2,2,2,0,0,132,40,44,48,0,0,40,44,48,0,0,37.513292123819866,127.09077615928841
서울특별시교육청,강동송파교육지원청,장미유치원,사립(법인),최성은,김미정,19931222,19931222,서울특별시 송파구 올림픽로35길 118,02-424-0090,02-423-5306,http://www.jangmikid.kr,0900시0900분~1800시1800분,1,1,1,0,0,76,22,26,28,0,0,17,18,25,0,0,37.5179276514426,127.100826414607
서울특별시교육청,강동송파교육지원청,제일무궁화유치원,사립(사인),이영,박영옥,19880203,19880203,서울특별시 송파구 동남로16길 3,02-402-9436,02-408-8159, ,0800시0800분~1800시1800분,2,3,3,0,0,310,70,80,90,0,0,57,68,81,0,0,37.4947418061,127.1309953987
서울특별시교육청,강동송파교육지원청,준현유치원,사립(사인),유익형,권민수,19991204,19991204,서울특별시 강동구 성내로3가길 61,02-477-0287,02-486-0286, ,0800시0800분~1900시1900분,2,2,2,0,0,140,48,48,44,0,0,48,48,44,0,0,37.5304904292708,127.126626818054
서울특별시교육청,강동송파교육지원청,천호유치원,사립(법인),(재) 천주교서울대교구유지재단,이광순,19721020,19720928,서울특별시 강동구 구천면로 236-1,02-470-1633,02-485-8204,https://cheonhokindergarten.qshop.ai/,0800시0800분~1900시1900분,4,3,3,0,0,210,64,69,75,0,0,59,62,60,0,0,37.5416527091,127.1316868546
서울특별시교육청,강동송파교육지원청,티움유치원,사립(사인),전춘영,전춘영,20120228,20120403,서울특별시 송파구 송파대로36길 32-6,02-417-3408,02-422-2373,https://tium3408.kidsnote.ac/,0800시0800분~1850시1850분,2,1,1,0,0,94,38,29,27,0,0,38,29,27,0,0,37.5010975953631,127.115263010479
서울특별시교육청,강동송파교육지원청,한가람유치원,사립(사인),임정희,임정희,19961219,19961219,서울특별시 송파구 한가람로 446,02-486-1210,02-486-1238,http://www.h-garam.com,0700시0700분~2000시2000분,2,1,1,0,0,88,40,21,28,0,0,40,21,17,0,0,37.5369772020397,127.114750494951
서울특별시교육청,강동송파교육지원청,한영중고등학교병설한영유치원,사립(법인),조윤정,이상수,19880206,19880301,서울특별시 강동구 동남로 832,02-6954-2304,02-442-9802,https://www.hanyoung.kg.kr,0900시0900분~1700시1700분,3,2,2,0,0,280,80,90,90,0,0,59,63,60,0,0,37.5481860983992,127.15733010525
서울특별시교육청,강동송파교육지원청,햇빛유치원,사립(사인),이영자,김경미,19860512,20090311,서울특별시 송파구 올림픽로 419,02-421-2234, , ,0800시0800분~1730시1730분,3,4,3,0,0,246,71,92,83,0,0,71,92,83,0,0,37.5204911422062,127.114124483968
서울특별시교육청,강동송파교육지원청,혜림유치원,사립(사인),이명희 백주현,이명희,19860412,20090817,서울특별시 송파구 문정로13길 13,02-400-5308,02-401-0069,http://www.hyelim.net,0800시0800분~1800시1800분,2,2,1,0,0,120,43,43,34,0,0,43,43,34,0,0,37.4943466302217,127.135226888172
서울특별시교육청,강동송파교육지원청,홍익가족유치원,사립(사인),박민정,박민정,20160627,20160701,서울특별시 송파구 삼학사로19길 20,.02-414-6943, , ,0910시0910분~1740시1740분,2,1,2,0,0,131,43,38,50,0,0,43,38,50,0,0,37.5061674774508,127.094959532052
서울특별시교육청,강서양천교육지원청,강서유치원,사립(사인),박향순,한아름,19821006,19821006,서울특별시 강서구 까치산로 116,02-2602-5225,02-2602-5215,https://kangseo.kidsnote.ac/home/main,0730시0730분~1930시1930분,2,3,2,0,0,205,40,58,52,0,0,18,59,48,0,0,37.548223176,126.8500625981
서울특별시교육청,강서양천교육지원청,경성유치원,사립(사인),유광열,유광열,19930523,19930523,서울특별시 양천구 목동로3길 57,02-2648-4997,02-2645-4506,http://www.kskid.co.kr,0800시0800분~1800시1800분,3,3,2,0,0,235,66,72,54,0,0,62,65,53,0,0,37.5094542561098,126.862162255157
서울특별시교육청,강서양천교육지원청,계상유치원,사립(법인),성낙배,김윤진,20021011,20021011,서울특별시 양천구 남부순환로86길 22,02-2625-5608,02-2682-2234,http://www.kyesangkids.com,0700시0700분~2000시2000분,3,3,2,0,0,190,70,65,55,0,0,69,63,52,0,0,37.5125092579441,126.839850665004
서울특별시교육청,강서양천교육지원청,광영유치원,사립(법인),학교법인 광영학원,손영경,19950302,19950302,서울특별시 양천구 남부순환로30길 17,02-2603-6235,02-2698-5552, ,0900시0900분~1800시1800분,1,1,1,0,0,150,10,20,20,0,0,2,4,16,0,0,37.5385992387164,126.82479267244
서울특별시교육청,강서양천교육지원청,국제유치원,사립(사인),김영무,강금의,19900905,19900905,서울특별시 강서구 양천로30길 4,02-3662-7404,02-3662-7405,http://gook1990.kidsnote.ac,0730시0730분~1930시1930분,2,1,1,0,0,156,50,50,56,0,0,23,13,13,0,0,37.5705114750656,126.822942652787
서울특별시교육청,강서양천교육지원청,꿈꾸는유치원,사립(사인),이영호 박정숙,이영호,20170306,20170307,서울특별시 양천구 오목로4길 8,02-2604-7890,02-2604-7981,https://litt.ly/dreaming_kindergarten,0800시0800분~1900시1900분,2,2,2,0,0,140,50,48,42,0,0,50,48,42,0,0,37.5208625544,126.8401916117
서울특별시교육청,강서양천교육지원청,꿈나무유치원,사립(사인),김지연,전미선,20120327,20120327,서울특별시 양천구 목동서로 280,02-2646-7701,02-2646-7780, ,0800시0800분~1830시1830분,2,3,2,0,0,180,46,78,56,0,0,41,78,52,0,0,37.5225787627058,126.86775797935
서울특별시교육청,강서양천교육지원청,나나유치원,사립(사인),최현숙,최현숙,20160224,20160302,서울특별시 강서구 등촌로13바길 46,02-2642-7300,02-2646-7618, ,0700시0700분~1930시1930분,2,1,1,0,0,165,55,60,50,0,0,27,18,21,0,0,37.5359081279999,126.857314440422
서울특별시교육청,강서양천교육지원청,대유유치원,사립(법인),김동균,김은희,19870227,19870227,서울특별시 강서구 곰달래로57길 39,02-2644-0393,02-2651-8785,http://www.daeyoo1.com,0800시0800분~2000시2000분,1,2,1,0,0,160,14,36,24,0,0,12,24,24,0,0,37.5340096980152,126.861599142168
서울특별시교육청,강서양천교육지원청,등대유치원,사립(사인),강종원,강종원,19860207,19860207,서울특별시 양천구 목동동로12길 60,02-2646-0204,02-2654-6993,https://cafe.naver.com/deungdaekids,0800시0800분~1930시1930분,2,2,2,0,0,160,44,52,56,0,0,44,51,56,0,0,37.5204678926541,126.877291773714
서울특별시교육청,강서양천교육지원청,등촌유치원,사립(사인),김신수,김희정,19800215,19800215,서울특별시 양천구 목동중앙북로8길 46,02-2646-0606,02-2646-0601,https://emdchs.kidsnote.ac,0800시0800분~1800시1800분,1,1,1,0,0,88,15,17,18,0,0,13,23,14,0,0,37.5466155952066,126.864742896585
서울특별시교육청,강서양천교육지원청,등촌제일유치원,사립(법인),재단법인예수교대한성결교회유지재단,조기염,19890331,19890331,서울특별시 강서구 화곡로66길 118,02-3663-6043,02-3662-6043,https://dcjikinder.kidsnote.ac,0800시0800분~1900시1900분,2,2,2,0,0,150,44,50,56,0,0,43,50,53,0,0,37.5554685873356,126.859373234746
서울특별시교육청,강서양천교육지원청,등현유치원,사립(사인),권영숙,권영숙,19960208,19960208,서울특별시 강서구 화곡로63가길 63,02-3662-2205,02-3662-2204, ,0700시0700분~2000시2000분,2,2,3,0,0,175,48,54,73,0,0,48,54,71,0,0,37.5614644162714,126.848519469174
서울특별시교육청,강서양천교육지원청,목동다솜유치원,사립(사인),박재형 정매실,박갑원,19861030,19861030,서울특별시 양천구 월정로9길 23-4,02-2692-8975, ,https://www.instagram.com/mokdongdasom_kindergarten,0700시0700분~2200시2200분,2,2,2,0,0,199,30,34,36,0,0,26,34,31,0,0,37.5242477866,126.8387711547
서울특별시교육청,강서양천교육지원청,목동유치원,사립(사인),박향순,조유나,20141118,20150223,서울특별시 양천구 오목로42길 13,02-2065-3373,02-2065-3370,http://www.mokdongkid.kr,0700시0700분~1900시1900분,2,2,2,0,0,245,40,50,52,0,0,24,47,47,0,0,37.5243767985,126.8605630065
서울특별시교육청,강서양천교육지원청,목성유치원,사립(사인),박미경,류원정,19890825,19890825,서울특별시 양천구 목동동로 50,02-2642-7970,02-2653-7973,http://cafe.daum.net/moksung123,0800시0800분~1830시1830분,2,2,2,0,0,180,55,60,65,0,0,51,60,60,0,0,37.5131642340354,126.861044450975
서울특별시교육청,강서양천교육지원청,미도유치원,사립(사인),최순임,정영아,19850806,19850806,서울특별시 강서구 공항대로58가길 39,02-2651-5079,02-2642-5719, ,0800시0800분~1830시1830분,1,2,1,0,0,120,30,60,30,0,0,21,47,29,0,0,37.5504440671,126.8609573609
서울특별시교육청,강서양천교육지원청,미래유치원,사립(사인),이희영 황의원,이희영,19940301,19940301,서울특별시 강서구 양천로6길 28,02-2662-1160,02-2662-1656,http://www.미래유치원.com,0700시0700분~2000시2000분,1,2,1,0,0,88,20,40,28,0,0,16,23,24,0,0,37.5709854832405,126.806621261011
서울특별시교육청,강서양천교육지원청,방화이화유치원,사립(사인),최중희,최중희,19830401,19830401,서울특별시 강서구 양천로17길 4-55,02-2662-2017,02-2662-2099, ,0700시0700분~2000시2000분,1,1,1,0,0,97,35,30,32,0,0,33,18,24,0,0,37.5740876883765,126.813526586445
서울특별시교육청,강서양천교육지원청,보라유치원,사립(사인),위성순,위성순,19950727,19950727,서울특별시 강서구 공항대로39길 100,02-2658-1154,02-3665-2283,http://www.borakid.com,0730시0730분~1930시1930분,2,2,2,0,0,125,35,50,40,0,0,31,48,38,0,0,37.5619279360884,126.84676676208
서울특별시교육청,강서양천교육지원청,빛나유치원,사립(사인),박자옥,김연순,19960330,19960330,서울특별시 양천구 목동로 212,02-2651-7355,02-2651-7356,http://bitna.info,0730시0730분~1930시1930분,2,2,2,0,0,106,32,36,38,0,0,36,36,34,0,0,37.5280352171785,126.867384003052
서울특별시교육청,강서양천교육지원청,새서울유치원,사립(사인),이상옥,이상옥,19871101,19871101,서울특별시 양천구 목동서로 340,02-2646-1100,02-2646-3994,http://www.새서울유치원.com,0800시0800분~1800시1800분,0,1,2,0,0,180,0,32,36,0,0,0,9,20,0,0,37.5184936956306,126.864502708873
서울특별시교육청,강서양천교육지원청,샘터유치원,사립(사인),유재웅,유여진,19880517,19880517,서울특별시 양천구 신월로 99,02-2691-1424, , ,0800시0800분~1900시1900분,1,2,1,0,0,140,30,52,38,0,0,30,51,37,0,0,37.5188109297824,126.831259961226
서울특별시교육청,강서양천교육지원청,서울가양초등학교병설유치원,공립(병설),김동수,김동수,20150301,20150301,서울특별시 강서구 허준로 186,02-3662-8731,02-3662-8733,https://kayang.sen.es.kr/,0700시0700분~2000시2000분,1,1,1,0,0,56,14,18,20,0,0,9,11,6,0,0,37.5618171391781,126.859445577711
서울특별시교육청,강서양천교육지원청,서울강신초등학교병설유치원,공립(병설),하명숙,하명숙,20130901,20130905,서울특별시 양천구 월정로 280,02-2699-9916,02-2699-9918,https://kangsin.sen.es.kr/26459/subMenu.do,0700시0700분~1900시1900분,2,1,2,0,1,98,28,18,40,0,4,18,6,14,0,4,37.5421012206375,126.829583937884
서울특별시교육청,강서양천교육지원청,서울개화초등학교병설유치원,공립(병설),백병미,백병미,20180301,20180301,서울특별시 강서구 양천로 11,02-2661-0493,02-2064-0237,https://gaehwa.sen.es.kr/,0730시0730분~2000시2000분,1,1,1,0,0,52,14,18,20,0,0,7,3,5,0,0,37.5739427367,126.8046462777
서울특별시교육청,강서양천교육지원청,서울경인유치원,공립(단설),김영일,김영일,20050930,20050930,서울특별시 양천구 안양천로 1009,02-2646-4906,02-2646-4905,http://www.서울경인유치원.com/,0730시0730분~1930시1930분,2,2,1,0,1,84,27,34,19,0,4,27,34,19,0,4,37.5326833215,126.8868501389
서울특별시교육청,강서양천교육지원청,서울공진초등학교병설유치원,공립(병설),이근자,이근자,20040301,20040301,서울특별시 강서구 마곡서로 33,02-2223-2391, ,http://kongjin.sen.es.kr,0700시0700분~1900시1900분,1,1,1,0,0,52,14,18,20,0,0,8,16,16,0,0,37.5578304107464,126.822610193968
서울특별시교육청,강서양천교육지원청,서울공항초등학교병설유치원,공립(병설),신두용,신두용,19920120,19920120,서울특별시 강서구 마곡서1로 68,02-2661-4560,02-2665-4960,https://konghang.sen.es.kr/,0730시0730분~1930시1930분,1,1,2,0,1,70,14,18,40,0,4,13,14,35,0,2,37.5630905103286,126.821646213013
서울특별시교육청,강서양천교육지원청,서울금낭화유치원,공립(단설),이미숙,이미숙,20190711,20190901,서울특별시 강서구 금낭화로 35,02-6219-0901,02-6219-0906,http://서울금낭화유치원.kr/home/,0700시0700분~1900시1900분,1,2,2,0,1,90,13,36,37,0,4,13,15,15,0,4,37.5686146566,126.811542222
서울특별시교육청,강서양천교육지원청,서울내발산초등학교병설유치원,공립(병설),김진성,김진성,19950411,19950411,서울특별시 강서구 강서로46길 23,02-3662-7670,02-3662-0216,https://nbs.sen.es.kr/,0730시0730분~1930시1930분,1,1,1,0,0,62,14,18,20,0,0,9,18,15,0,0,37.5508574273,126.8381498667
서울특별시교육청,강서양천교육지원청,서울등명초등학교병설유치원,공립(병설),정재원,정재원,20180301,20180301,서울특별시 강서구 강서로56나길 34,02-3665-2394,02-3665-2397,https://dungmyong.sen.es.kr,0730시0730분~1930시1930분,1,1,1,0,0,52,14,18,20,0,0,7,13,3,0,0,37.5608950826,126.8423833573
서울특별시교육청,강서양천교육지원청,서울등촌초등학교병설유치원,공립(병설),이상원,이상원,20180309,20180309,서울특별시 강서구 등촌로39길 71,02-2647-9280,02-2647-9281,https://deungchon.sen.es.kr,0730시0730분~1930시1930분,1,1,1,0,0,52,14,18,20,0,0,14,9,13,0,0,37.5476125062,126.8579416013
서울특별시교육청,강서양천교육지원청,서울마곡유치원,공립(단설),김한나,김한나,20141016,20150301,서울특별시 강서구 마곡서1로 139-13,02-2666-8071,02-2666-9302,http://www.서울마곡유치원.kr,0700시0700분~1930시1930분,2,3,3,0,2,142,26,52,56,0,8,27,52,56,0,6,37.5692718066808,126.818031666837
서울특별시교육청,강서양천교육지원청,서울서정초등학교병설유치원,공립(병설),안경호,안경호,20130301,20130301,서울특별시 양천구 목동로8길 19,02-2643-7004,02-2642-7005,https://sj.sen.es.kr/,0700시0700분~1900시1900분,1,1,1,0,0,52,14,18,20,0,0,11,12,16,0,0,37.5242920942,126.8671939937
서울특별시교육청,강서양천교육지원청,서울송정초등학교병설유치원,공립(병설),한광현,한광현,20180927,20190301,서울특별시 강서구 공항대로3길 18,02-2662-7334,02-2662-7336,http://sjes.sen.es.kr,0730시0730분~1930시1930분,1,1,1,0,1,52,13,17,18,0,4,3,6,11,0,1,37.5622308905044,126.810281254376
서울특별시교육청,강서양천교육지원청,서울수명유치원,공립(단설),맹진아,맹진아,20190711,20190902,서울특별시 강서구 수명로1길 76,02-6213-7979, ,https://www.서울수명유치원.kr:493/home/,0730시0730분~1930시1930분,3,3,3,0,2,164,42,54,60,0,8,38,40,43,0,4,37.5523838057,126.8229815514
서울특별시교육청,강서양천교육지원청,서울신곡초등학교병설유치원,공립(병설),윤선자,윤선자,20220301,20220301,서울특별시 강서구 등촌로13자길 42-14,02-2645-2640,02-2645-2642,https://sg.sen.es.kr/,0730시0730분~1930시1930분,1,1,2,0,1,72,14,18,40,0,4,3,9,19,0,1,37.5390954575,126.8560095693
서울특별시교육청,강서양천교육지원청,서울신기초등학교병설유치원,공립(병설),김경숙,김경숙,20000901,20001002,서울특별시 양천구 신정로 292,02-2601-9846,02-2601-9847,https://singi.sen.es.kr/,0700시0700분~1900시1900분,1,1,1,0,1,52,14,17,19,0,2,14,12,16,0,2,37.5113105383,126.854212154
서울특별시교육청,강서양천교육지원청,서울신원초등학교병설유치원,공립(병설),박영준,박영준,19840121,19851012,서울특별시 양천구 남부순환로58길 32,02-2608-4679,02-2608-4630,https://shinwon.sen.es.kr,0730시0730분~1930시1930분,1,1,1,0,0,52,14,18,20,0,0,3,5,8,0,0,37.529541171,126.8294594928
서울특별시교육청,강서양천교육지원청,서울신월초등학교병설유치원,공립(병설),김영미,김영미,20220301,20220311,서울특별시 강서구 강서로31길 48,02-2135-6380,02-2135-6381,https://ssinwol.sen.es.kr/,0730시0730분~1930시1930분,1,1,1,0,0,56,14,18,20,0,0,4,2,12,0,0,37.5403655144,126.8394554784
서울특별시교육청,강서양천교육지원청,서울신은초등학교병설유치원,공립(병설),김선경,김선경,20110901,20110901,서울특별시 양천구 신정이펜2로 30,02-6210-0696,02-2699-5199,https://se.sen.es.kr/88163/subMenu.do,0700시0700분~1900시1900분,1,1,1,0,0,52,14,18,20,0,0,3,9,6,0,0,37.5139127409,126.8321692978
서울특별시교육청,강서양천교육지원청,서울신정유치원,공립(단설),김명나,김명나,20190901,20190901,서울특별시 양천구 신정로7길 81-4,02-2698-1683,02-2698-1686,http://www.서울신정유치원.kr,0700시0700분~1920시1920분,4,3,3,0,2,172,56,54,54,0,8,38,45,42,0,7,37.5135707773,126.8333718118
서울특별시교육청,강서양천교육지원청,서울양동초등학교병설유치원,공립(병설),신미정,신미정,20210301,20210322,서울특별시 양천구 오목로23길 24,02-2699-9742,02-2699-9745,https://yangdong.sen.es.kr/,0700시0700분~1900시1900분,1,2,1,0,1,74,14,36,20,0,4,5,10,12,0,0,37.5258482641,126.851240195
서울특별시교육청,강서양천교육지원청,서울양목초등학교병설유치원,공립(병설),은희헌,은희헌,19960301,19960417,서울특별시 양천구 목동로11길 30,02-2604-8297,02-2696-8457,https://yangmok.sen.es.kr/,0700시0700분~2000시2000분,1,2,1,0,1,74,14,36,20,0,4,4,12,11,0,4,37.5236603982685,126.861681274287
서울특별시교육청,강서양천교육지원청,서울양화초등학교병설유치원,공립(병설),김종범,김종범,20130901,20130901,서울특별시 양천구 목동중앙북로16길 57,02-2646-1090,02-2646-1095,https://blog.naver.com/yanghwakd,0700시0700분~1930시1930분,1,1,1,0,0,52,14,18,20,0,0,13,18,13,0,0,37.5438701816,126.8745204051
서울특별시교육청,강서양천교육지원청,서울염경초등학교병설유치원,공립(병설),이재국,이재국,20060301,20060301,서울특별시 강서구 양천로69길 49,02-3662-1910,02-3662-1944,http://www.yeomkyoung.es.kr,0700시0700분~2000시2000분,1,1,1,0,0,52,14,18,20,0,0,13,15,13,0,0,37.5550003952475,126.871204143239
서울특별시교육청,강서양천교육지원청,서울영도초등학교병설유치원,공립(병설),김회경,김회경,19870127,19870127,서울특별시 양천구 목동중앙로 70,02-2643-5978,02-2643-5932,http://www.영도병설유치원.kr,0700시0700분~2000시2000분,1,1,2,0,0,72,14,18,40,0,0,11,15,22,0,0,37.5359598212,126.8715450536
서울특별시교육청,강서양천교육지원청,서울월정초등학교병설유치원,공립(병설),주현준,주현준,20130725,20130905,서울특별시 강서구 월정로 176,02-2694-5013,02-2694-6013,http://woljung.sen.es.kr/,0730시0730분~1930시1930분,1,2,1,0,1,70,14,33,19,0,4,5,11,11,0,3,37.5350215163559,126.836349391352
서울특별시교육청,강서양천교육지원청,서울월촌초등학교병설유치원,공립(병설),박종달,박종달,19860312,19860312,서울특별시 양천구 목동중앙로 132,02-2643-3477,02-2653-4398,https://swc.sen.es.kr,0730시0730분~1930시1930분,1,2,2,0,0,90,14,36,40,0,0,14,30,28,0,0,37.5404197970863,126.876539402434
서울특별시교육청,강서양천교육지원청,서울장수초등학교병설유치원,공립(병설),김지연,김지연,20060301,20060301,서울특별시 양천구 신정로13가길 30,02-6090-9887,02-2696-0950,https://jangsoo.sen.es.kr,0730시0730분~1930시1930분,2,1,2,0,1,90,28,18,40,0,4,16,10,26,0,0,37.5129957909419,126.845158891516
서울특별시교육청,강서양천교육지원청,서울정곡초등학교병설유치원,공립(병설),송미선,송미선,19940627,19940901,서울특별시 강서구 방화대로50길 22,02-2666-3130,02-2666-3132,http://www.jk.es.kr,0700시0700분~1900시1900분,1,0,0,1,0,32,14,0,0,18,0,3,0,0,5,0,37.5768724261,126.8185915636
서울특별시교육청,강서양천교육지원청,서울탑산초등학교병설유치원,공립(병설),황의정,황의정,20150301,20150414,서울특별시 강서구 허준로 109,02-2659-5105,02-2659-5107,http://www.top.es.kr,0700시0700분~2000시2000분,1,1,1,0,1,56,14,18,20,0,4,11,18,15,0,4,37.5670171285709,126.852368521053
서울특별시교육청,강서양천교육지원청,서울화일초등학교병설유치원,공립(병설),최정애,최정애,20050511,20050511,서울특별시 강서구 까치산로10길 70,02-2602-2139,02-2602-3037,https://hwail.sen.es.kr/,0730시0730분~1930시1930분,1,1,1,0,0,62,14,18,20,0,0,4,6,14,0,0,37.5407123999787,126.847471241088
서울특별시교육청,강서양천교육지원청,선미유치원,사립(법인),정순택,최미경,19730129,19730313,서울특별시 강서구 까치산로2길 43,02-2606-3341,02-2606-3342,https://cafe.naver.com/sunmikinder3341,0800시0800분~1800시1800분,1,2,2,0,0,180,18,42,48,0,0,11,20,25,0,0,37.5393328488931,126.843641741614
서울특별시교육청,강서양천교육지원청,세신유치원,사립(법인),김경미,유형숙,20150203,20150203,서울특별시 양천구 목동동로1길 38,02-2642-4963,02-2653-0691,http://cafe.daum.net/seshin1004,0700시0700분~2000시2000분,2,3,2,0,0,146,40,60,48,0,0,33,50,47,0,0,37.5176784899657,126.856857979819
서울특별시교육청,강서양천교육지원청,세화유치원,사립(사인),황연숙,황연숙,19891209,19891209,서울특별시 양천구 목동동로 130,02-2642-0784,02-2642-0785,http://www.saehwaa.com,0900시0900분~1700시1700분,2,2,2,0,0,220,40,48,52,0,0,30,45,52,0,0,37.514362377,126.87503467
서울특별시교육청,강서양천교육지원청,신목유치원,사립(사인),이장우,이장우,20090811,20090811,서울특별시 양천구 목동중앙북로10길 7-10,02-2653-3417,02-2642-9888,http://www.sinmok.co.kr,0730시0730분~1930시1930분,1,1,1,0,0,125,10,16,18,0,0,6,7,14,0,0,37.546378490209,126.870214310942
서울특별시교육청,강서양천교육지원청,신세기유치원,사립(사인),이연정,이현정,20011102,20011102,서울특별시 강서구 허준로 47,02-2659-1257,02-2659-1258, ,0800시0800분~1800시1800분,2,1,1,0,0,150,40,25,25,0,0,28,25,13,0,0,37.5704270898517,126.848634593331
서울특별시교육청,강서양천교육지원청,신영유치원,사립(사인),이정란,김나경,19830801,19830801,서울특별시 강서구 곰달래로25길 4,02-2692-2729,02-2692-6660,http://www.sykid.com/,0730시0730분~1930시1930분,2,2,1,0,0,150,36,48,26,0,0,21,45,24,0,0,37.5309776092269,126.849221954196
서울특별시교육청,강서양천교육지원청,아란유치원,사립(사인),신화룡,신화룡,20030211,20030211,서울특별시 양천구 목동서로 100,02-2646-5674,02-2646-5630,https://arankids.kidsnote.ac,0800시0800분~2000시2000분,1,2,2,0,0,124,23,48,46,0,0,23,48,46,0,0,37.5339224818752,126.873376223052
서울특별시교육청,강서양천교육지원청,아람유치원,사립(사인),윤지향,윤지향,19950222,19950222,서울특별시 강서구 금낭화로23길 8,02-2664-8888,02-2663-8338, ,0700시0700분~2000시2000분,1,1,2,0,0,110,22,24,48,0,0,16,22,33,0,0,37.580082619496,126.8118463539
서울특별시교육청,강서양천교육지원청,아이파크예원유치원,사립(사인),김경신,김경아,20080201,20071226,서울특별시 강서구 강서로 266,02-2695-2940, , ,0900시0900분~1800시1800분,3,2,2,0,0,192,72,52,52,0,0,67,50,45,0,0,37.5491814590053,126.839532342962
서울특별시교육청,강서양천교육지원청,어린이의정원유치원,사립(사인),나원자,나화자,20000629,20000629,서울특별시 양천구 목동남로4길 6-46,02-2646-1133,02-2646-9898,http://www.kinderjw.co.kr,0700시0700분~2000시2000분,3,3,3,0,0,250,70,90,90,0,0,63,76,72,0,0,37.5061514725403,126.865183338178
서울특별시교육청,강서양천교육지원청,예일유치원,사립(사인),김혜경,임진미,20080114,20080114,서울특별시 강서구 강서로47길 126,02-2667-6767,02-2667-6711, ,0800시0800분~1830시1830분,4,5,4,0,0,352,96,136,120,0,0,86,111,107,0,0,37.5537020197964,126.829197784901
서울특별시교육청,강서양천교육지원청,우람유치원,사립(사인),권미경,최민자,20090817,20090817,서울특별시 강서구 방화대로45길 32,02-2667-0645,02-2667-0643, ,0700시0700분~2000시2000분,2,3,3,0,0,215,59,75,81,0,0,50,63,60,0,0,37.5749642843861,126.814697657607
서울특별시교육청,강서양천교육지원청,우리곰유치원,사립(사인),최계숙,최계숙,19930311,20080110,서울특별시 강서구 허준로 23,02-2659-3323,02-2659-3324, ,0800시0800분~2030시2030분,2,1,1,0,0,110,40,20,25,0,0,40,18,23,0,0,37.5715537792504,126.844890654814
서울특별시교육청,강서양천교육지원청,우일유치원,사립(사인),이충우,이근호,19870811,19870811,서울특별시 강서구 곰달래로47길 88,02-2602-4026,02-2690-7949,http://www.wooilkindy.co.kr,0900시0900분~1600시1600분,1,2,2,0,0,192,16,52,56,0,0,12,21,34,0,0,37.5351762032,126.8553243448
서울특별시교육청,강서양천교육지원청,우현유치원,사립(사인),신숙희,신숙희,20081209,20090305,서울특별시 강서구 강서로 348,02-2271-3700,02-2271-3780,http://woohyunchild.kidis.co.kr,0700시0700분~2000시2000분,1,1,1,0,0,160,20,22,24,0,0,6,22,9,0,0,37.555449566617064,126.84246273121144
서울특별시교육청,강서양천교육지원청,원일유치원,사립(법인),이원표,이원표,19880305,19880318,서울특별시 양천구 목동동로 350,02-2646-4265,02-2646-4266,http://www.wonilkid.kr,0800시0800분~1800시1800분,2,2,2,0,0,180,44,48,50,0,0,39,36,33,0,0,37.5338947494,126.8815409336
서울특별시교육청,강서양천교육지원청,유니유치원,사립(사인),최경호,김숙희,19940113,19940113,서울특별시 강서구 허준로 175,02-2659-5216,02-3661-3371,https://unikidschool.kidsnote.ac,0730시0730분~1930시1930분,2,2,2,0,0,148,45,53,50,0,0,44,48,48,0,0,37.5630977860161,126.859914474593
서울특별시교육청,강서양천교육지원청,윤서유치원,사립(사인),전기옥,주유리,20030401,20030401,서울특별시 강서구 화곡로13길 107,02-2605-2277,02-260-5221,http://yskid.com/,0900시0900분~1800시1800분,3,2,3,0,0,190,64,52,74,0,0,63,52,72,0,0,37.5468097011932,126.831626187759
서울특별시교육청,강서양천교육지원청,이솔유치원,사립(사인),김수진,김수진,20170228,20170301,서울특별시 강서구 곰달래로33가길 6,.02-2606-3181,02-2606-3182,https://e-sol.kidsnote.ac,0700시0700분~2000시2000분,1,1,1,0,0,60,18,20,22,0,0,14,21,25,0,0,37.5312649445,126.8522071651
서울특별시교육청,강서양천교육지원청,장미유치원,사립(사인),윤혜진,윤혜진,19930317,19930317,서울특별시 강서구 허준로 139,02-2668-0262,02-2668-0263, ,0900시0900분~1800시1800분,2,2,1,0,0,170,30,44,22,0,0,28,43,22,0,0,37.565277542691,126.855168401174
서울특별시교육청,강서양천교육지원청,튼튼유치원,사립(사인),심호식,심정은,19830221,19830301,서울특별시 양천구 중앙로52길 62,02-2604-4151,02-2693-4151,http://www.tuntun.or.kr,0730시0730분~1930시1930분,1,2,2,0,0,320,20,36,44,0,0,20,32,29,0,0,37.5260329949362,126.857153699859
서울특별시교육청,강서양천교육지원청,한나유치원,사립(사인),정애선임진열,김옥수,19950104,19950104,서울특별시 강서구 금낭화로 287-19,02-2666-1004,02-2664-9304, ,0700시0700분~2000시2000분,1,1,1,0,0,169,17,22,25,0,0,17,10,23,0,0,37.5775568744142,126.811040043688
서울특별시교육청,강서양천교육지원청,한서유치원,사립(사인),김미화,김미화,19880208,19880208,서울특별시 양천구 목동동로 430,02-2646-2561,02-6093-2646,https://hanseo.kidsnote.ac,0700시0700분~1900시1900분,2,2,2,0,0,210,40,40,40,0,0,40,40,29,0,0,37.5349970857018,126.885135104149
서울특별시교육청,강서양천교육지원청,해리유치원,사립(사인),배현기,이진영,19931202,19931202,서울특별시 강서구 허준로 234,02-2659-3296, , ,0800시0800분~1830시1830분,2,2,2,0,0,160,48,50,52,0,0,48,51,48,0,0,37.5591617312113,126.863268396177
서울특별시교육청,강서양천교육지원청,해림유치원,사립(사인),송필연,송필연,19960330,19960901,서울특별시 양천구 목동서로2길 22,02-2646-9704,02-6016-9704,https://haerim.kidsnote.ac/home/main,0900시0900분~1800시1800분,0,0,0,5,0,114,0,0,0,114,0,0,0,0,114,0,37.5419618439468,126.881371817927
서울특별시교육청,강서양천교육지원청,홍신유치원,사립(사인),나경민,나경민,19840920,19840920,서울특별시 강서구 강서로45길 63,02-2664-6456,02-2664-6460,https://www.hongshin1984.co.kr,0800시0800분~1800시1800분,1,2,2,0,0,200,63,71,66,0,0,63,71,65,0,0,37.5481056784557,126.832554901036
서울특별시교육청,남부교육지원청,개봉샛별유치원,사립(법인),조성미,조성미,19840611,19840611,서울특별시 구로구 개봉로18길 11,02-2615-8812,02-2615-8884,http://cafe.daum.net/gooddaddy,0810시0810분~1930시1930분,1,1,1,0,0,70,20,24,26,0,0,16,12,14,0,0,37.4915183407713,126.857127914418
서울특별시교육청,남부교육지원청,굿프랜드유치원,사립(사인),허숙희,허숙희,20140905,20150304,서울특별시 영등포구 대방천로 180,02-847-3490,02-844-6220,https://cafe.naver.com/gfkindergarten,0730시0730분~1930시1930분,2,3,2,0,0,180,60,60,60,0,0,29,56,41,0,0,37.49859,126.910386
서울특별시교육청,남부교육지원청,꿀벌유치원,사립(법인),한국천구교살레시오회,이선진,19800701,19940601,서울특별시 구로구 디지털로27다길 15,02-857-8545,02-857-8889,http://www.honeybees.or.kr,0730시0730분~1930시1930분,1,1,1,0,0,130,15,22,26,0,0,4,7,18,0,0,37.4849785437203,126.889319314244
서울특별시교육청,남부교육지원청,돈보스꼬유치원,사립(법인),김희영,김희영,19641126,19641126,서울특별시 영등포구 도영로22길 22,02-833-9041,02-832-1815,http://www.donbosco.me,0900시0900분~1700시1700분,3,3,2,0,0,190,66,66,58,0,0,66,66,58,0,0,37.5100730291553,126.901093834147
서울특별시교육청,남부교육지원청,동산유치원,사립(사인),김양일,서은화,19860131,19860131,서울특별시 금천구 시흥대로152길 35,02-866-6571,02-866-6572, ,0700시0700분~2000시2000분,1,2,2,0,0,118,26,47,45,0,0,26,47,45,0,0,37.4769070229957,126.900964242182
서울특별시교육청,남부교육지원청,동아유치원,사립(사인),김찬수,박영란,20000212,20000212,서울특별시 구로구 신도림로 87,02-2677-7539, , ,0800시0800분~1800시1800분,2,2,1,0,0,195,48,40,40,0,0,41,28,27,0,0,37.5112524154383,126.882445745004
서울특별시교육청,남부교육지원청,동일유치원,사립(법인),유숙희,유숙희,19920107,19920107,서울특별시 금천구 탑골로10길 45,02-892-6478,02-892-6474,http://dongil.kid-park.com,0800시0800분~1800시1800분,2,2,2,0,0,216,50,60,60,0,0,42,47,40,0,0,37.4519206711218,126.915824008297
서울특별시교육청,남부교육지원청,동정성모유치원,사립(법인),염재령,최영희,19880210,19880301,서울특별시 구로구 경인로2길 11,02-2684-3624,02-2617-3624,https://www.djsungmo.co.kr/,0900시0900분~1700시1700분,3,2,2,0,0,200,60,50,52,0,0,51,49,51,0,0,37.4904857621,126.8283565708
서울특별시교육청,남부교육지원청,럭키유치원,사립(사인),김태선,김지원,19830318,19830318,서울특별시 금천구 시흥대로47길 43,02-806-0100,02-802-6219, ,0800시0800분~1700시1700분,1,1,1,0,0,240,13,16,26,0,0,9,11,11,0,0,37.4506553147109,126.898955300111
서울특별시교육청,남부교육지원청,명신유치원,사립(법인),이신현,이신미,19911001,19911001,서울특별시 영등포구 신길로41라길 13-9,02-832-5543,02-832-2681,http://www.myoungshin.co.kr,0700시0700분~1900시1900분,2,2,1,0,0,112,36,44,24,0,0,36,38,24,0,0,37.5074353924,126.9080117439
서울특별시교육청,남부교육지원청,목원유치원,사립(사인),조병순,고미정,20011029,20011029,서울특별시 구로구 개봉로20길 6,02-2066-6060,02-2066-6063, ,0930시0930분~1900시1900분,3,3,2,0,0,170,61,68,41,0,0,61,68,41,0,0,37.4920560785581,126.858054404642
서울특별시교육청,남부교육지원청,무지개영재유치원,사립(법인),박현주,한명남,20140221,20140301,서울특별시 영등포구 양산로17길 8,02-2675-0324,070-4275-1321,http://rainbowi.kidis.co.kr,0800시0800분~1830시1830분,3,4,3,0,0,260,69,98,83,0,0,69,98,83,0,0,37.5251079154,126.8937427016
서울특별시교육청,남부교육지원청,미림유치원,사립(사인),박성근,최경선,19820610,19820610,서울특별시 구로구 개봉로18길 37,02-2612-1006,02-2617-5006,http://www.미림유치원.kr/,0720시0720분~1920시1920분,1,1,1,0,0,100,24,26,28,0,0,28,30,25,0,0,37.4908684984193,126.85796276124
서울특별시교육청,남부교육지원청,바니유치원,사립(사인),김수영,채경란,19900306,19900306,서울특별시 구로구 구일로4길 46,02-865-4234,02-838-3894,https://cafe. naver. com/bunnykindergarten,0700시0700분~1930시1930분,1,1,1,0,0,90,30,30,30,0,0,17,11,12,0,0,37.4928347735501,126.877579090669
서울특별시교육청,남부교육지원청,사랑유치원,사립(사인),조정녀,조정녀,19890215,19890215,서울특별시 구로구 신도림로11가길 36,02-2634-7918,02-2636-9654, ,0730시0730분~1930시1930분,2,2,2,0,0,156,48,52,56,0,0,48,52,56,0,0,37.5067557606956,126.876989002116
서울특별시교육청,남부교육지원청,살레시오성미유치원,사립(법인),이선미,이선미,19701116,19701116,서울특별시 영등포구 신길로 93,02-845-7306,02-831-7306,http://www.smi.or.kr,0800시0800분~1800시1800분,3,3,3,0,0,264,66,72,78,0,0,66,72,70,0,0,37.5016423138,126.909256046
서울특별시교육청,남부교육지원청,새두산유치원,사립(사인),정인숙,정인숙,19981219,19990310,서울특별시 구로구 도림로 59,02-854-4133,02-854-4130,http://www.sdskinder.kr,0730시0730분~1900시1900분,2,2,1,0,0,230,30,34,22,0,0,31,28,21,0,0,37.4888632676222,126.888251317937
서울특별시교육청,남부교육지원청,서울개봉초등학교병설유치원,공립(병설),권영진,권영진,20000215,20000215,서울특별시 구로구 개봉로16길 30-11,02-2616-8755,02-2616-8740,http://gaebong.sen.es.kr,0700시0700분~1900시1900분,1,2,1,0,1,74,14,36,20,0,4,13,25,17,0,5,37.4896069433337,126.858025253954
서울특별시교육청,남부교육지원청,서울고산초등학교병설유치원,공립(병설),박종민,박종민,20220301,20220310,서울특별시 구로구 중앙로 6,0226170597, ,https://kohsan.sen.es.kr,0730시0730분~1930시1930분,1,1,1,0,0,52,14,18,20,0,0,6,14,14,0,0,37.49897255057,126.864772709103
서울특별시교육청,남부교육지원청,서울고척초등학교병설유치원,공립(병설),김영진,김영진,19940504,19940901,서울특별시 구로구 경서로 31,02-2612-8307,02-2612-6013,http://www.gocheok.kg.kr,0700시0700분~1900시1900분,1,2,2,0,1,94,14,36,40,0,4,10,25,29,0,4,37.5009501878321,126.85697985377
서울특별시교육청,남부교육지원청,서울구로남초등학교병설유치원,공립(병설),김명욱,김명욱,20130222,20130516,서울특별시 구로구 디지털로27길 76,02-853-5025,02-853-5027,http://guronam.sen.es.kr,0730시0730분~1930시1930분,1,1,1,0,0,52,14,18,20,0,0,5,10,7,0,0,37.4842071208,126.8902184788
서울특별시교육청,남부교육지원청,서울구일초등학교병설유치원,공립(병설),최윤석,최윤석,20131226,20140703,서울특별시 구로구 구일로 68,02-6952-0097,02-830-7550,http://guil.sen.es.kr,0730시0730분~1930시1930분,0,1,1,0,0,46,0,18,20,0,0,0,8,12,0,0,37.4927556876,126.8735306513
서울특별시교육청,남부교육지원청,서울국악유치원,사립(법인),김진희,김진희,19990305,19990305,서울특별시 금천구 시흥대로38길 62,02-896-2093,02-896-2094,http://www.seoulkugak.com,0800시0800분~1900시1900분,2,2,2,0,0,162,42,52,48,0,0,42,52,34,0,0,37.4461796397062,126.906316460483
서울특별시교육청,남부교육지원청,서울금나래초등학교병설유치원,공립(병설),정찬식,정찬식,20170301,20170410,서울특별시 금천구 시흥대로79길 37,02-807-9995,02-807-9996,https://geumnarae.sen.es.kr/index.do,0730시0730분~1930시1930분,1,1,1,0,1,56,14,18,20,0,4,14,16,20,0,4,37.4582293672,126.8962053445
서울특별시교육청,남부교육지원청,서울남유치원,사립(사인),김성득,박미진,19810303,19810303,서울특별시 구로구 구로동로17길 37-4,02-865-0137,02-865-0132, ,0900시0900분~1700시1700분,1,1,1,0,0,131,15,22,22,0,0,10,14,15,0,0,37.48811188141647,126.8818909800658
서울특별시교육청,남부교육지원청,서울당중초등학교병설유치원,공립(병설),이재용,이재용,20050105,20050512,서울특별시 영등포구 선유로 131,02-2633-1497,02-2633-1404,http://www.dangjung.es.kr,0730시0730분~1930시1930분,1,1,1,0,0,52,14,18,20,0,0,7,16,20,0,0,37.5262898157,126.8894135533
서울특별시교육청,남부교육지원청,서울대길초등학교병설유치원,공립(병설),김형식,김형식,20220301,20220301,서울특별시 영등포구 대방천로 206,02-2135-3510,02-2135-3552,https://idaegil.sen.es.kr,1330시1330분~1900시1900분,1,1,1,0,0,52,14,18,20,0,0,7,7,16,0,0,37.4981768606606,126.91317394396
서울특별시교육청,남부교육지원청,서울대동초등학교병설유치원,공립(병설),김기영,김기영,20060726,20070308,서울특별시 영등포구 대림로21길 6,02-63796199,02-835-0797,http://www.sdaedong.es.kr/46683/subMenu.do,0700시0700분~2000시2000분,0,0,1,1,0,38,0,0,20,18,0,0,0,11,8,0,37.4932991924667,126.900807890107
서울특별시교육청,남부교육지원청,서울도신초등학교병설유치원,공립(병설),최성순,최성순,19970418,19970418,서울특별시 영등포구 도림로53길 32-9,02-849-0803,02-849-6828,http://www.doshin.es.kr,0730시0730분~1930시1930분,0,0,1,1,1,42,0,0,20,18,4,0,0,4,3,3,37.4990350690844,126.900385104129
서울특별시교육청,남부교육지원청,서울독산초등학교병설유치원,공립(병설),조현석,조현석,19780411,20120301,서울특별시 금천구 시흥대로104길 31,02-895-1535,02-895-1536,https://doksan.sen.es.kr/,0730시0730분~1930시1930분,1,1,1,0,0,52,14,18,20,0,0,10,9,17,0,0,37.4655296721141,126.900172999232
서울특별시교육청,남부교육지원청,서울두산초등학교병설유치원,공립(병설),박태훈,박태훈,19950110,19950307,서울특별시 금천구 범안로11길 3,02-893-8632,02-806-6169,http://www.doosan.es.kr,0700시0700분~2000시2000분,1,2,2,0,1,94,14,36,40,0,4,11,13,28,0,4,37.4670409462,126.8914753172
서울특별시교육청,남부교육지원청,서울매봉초등학교병설유치원,공립(병설),박진석,박진석,20040301,20040301,서울특별시 구로구 고척로21길 55,02-2616-1803,02-2616-1804,https://maebong.sen.es.kr/,0700시0700분~1900시1900분,0,0,1,1,0,38,0,0,20,18,0,0,0,12,6,0,37.5046439223,126.8443536572
서울특별시교육청,남부교육지원청,서울문교초등학교병설유치원,공립(병설),김진국,김진국,20170926,20170926,서울특별시 금천구 독산로54길 102,02-896-0142,02-896-0143, ,0700시0700분~1900시1900분,1,1,1,0,1,56,14,18,20,0,4,3,7,7,0,4,37.4667200924,126.9088178504
서울특별시교육청,남부교육지원청,서울미래초등학교병설유치원,공립(병설),김종현,김종현,20030301,20030301,서울특별시 구로구 새말로 73,02-858-1965,02-862-1965,https://mirae.sen.es.kr/,0700시0700분~1900시1900분,1,1,1,0,0,52,14,18,20,0,0,14,18,20,0,0,37.5051074807398,126.888080548375
서울특별시교육청,남부교육지원청,서울백산초등학교병설유치원,공립(병설),라종훈,라종훈,20001125,20010301,서울특별시 금천구 시흥대로38길 78,02-803-5883,02-803-8823,http://backsan.sen.es.kr/112708/subMenu.do,0700시0700분~2000시2000분,1,1,1,0,0,56,14,18,20,0,0,6,18,8,0,0,37.4466268054064,126.905258709026
서울특별시교육청,남부교육지원청,서울선유초등학교병설유치원,공립(병설),김용훈,김용훈,20220301,20220301,서울특별시 영등포구 선유로43가길 14,02-6268-8010,02-6672-2465,https://seonyu.sen.es.kr/184296/subMenu.do,0720시0720분~1920시1920분,1,1,1,0,0,51,14,17,20,0,0,14,17,20,0,0,37.5328791909,126.8927768193
서울특별시교육청,남부교육지원청,서울세곡초등학교병설유치원,공립(병설),노현숙,노현숙,20131226,20140618,서울특별시 구로구 고척로33길 34,02-2060-2686,02-2060-2661,https://segok.sen.es.kr/113392/subMenu.do,0730시0730분~1930시1930분,1,1,1,0,1,56,14,18,20,0,4,6,15,9,0,4,37.5050578681,126.8491209493
서울특별시교육청,남부교육지원청,서울신미림초등학교병설유치원,공립(병설),유승혜,유승혜,20030106,20030301,서울특별시 구로구 신도림로 26,02-2676-8626,02-2676-8627,https://sinmirim.sen.es.kr/,0700시0700분~1900시1900분,1,1,1,0,0,52,14,18,20,0,0,12,18,20,0,0,37.5071152899,126.8795367296
서울특별시교육청,남부교육지원청,서울영동초등학교병설유치원,공립(병설),김옥경,김옥경,20130301,20130301,서울특별시 영등포구 국회대로53길 20,02-2635-0584,02-2635-0521,https://youngdong.sen.es.kr,0700시0700분~2000시2000분,1,1,1,0,1,52,14,18,20,0,4,8,5,12,0,4,37.5268379115432,126.907657563843
서울특별시교육청,남부교육지원청,서울영등포초등학교병설유치원,공립(병설),정준호,정준호,19971220,19980312,서울특별시 영등포구 경인로 756,02-2632-9781,02-2678-6318,https://ydp.sen.es.kr,0700시0700분~2000시2000분,1,0,0,1,1,52,13,0,0,35,4,0,0,0,5,1,37.5129846126,126.899007
서울특별시교육청,남부교육지원청,서울영림초등학교병설유치원,공립(병설),임동화,임동화,20051229,20060301,서울특별시 영등포구 시흥대로173길 14,02-834-3041,02-834-3186,https://younglim.sen.es.kr/,0730시0730분~1930시1930분,1,1,1,0,0,52,14,18,20,0,0,5,11,13,0,0,37.4873453786972,126.902516077683
서울특별시교육청,남부교육지원청,서울영서초등학교병설유치원,공립(병설),설경수,설경수,19920306,19920306,서울특별시 구로구 도림로20길 57,02-861-6971,02-861-6961,http://www.youngseo.es.kr,0730시0730분~1930시1930분,1,1,1,0,1,56,14,18,20,0,4,11,6,12,0,4,37.4882510051,126.8943271058
서울특별시교육청,남부교육지원청,서울영중초등학교병설유치원,공립(병설),김선자,김선자,19981201,19990422,서울특별시 영등포구 양산로 185,02-2633-8793,02-2676-8527,https://youngjoong.sen.es.kr,0700시0700분~1930시1930분,1,1,2,0,1,76,14,18,40,0,4,13,18,27,0,4,37.52354601891,126.903328062955
서울특별시교육청,남부교육지원청,서울오류남초등학교병설유치원,공립(병설),박응규,박응규,20190901,20190901,서울특별시 구로구 서해안로24길 22,02-2687-0221,070-8277-5255,https://oryunam.sen.es.kr/,0700시0700분~1900시1900분,0,1,1,0,0,38,0,18,20,0,0,0,15,9,0,0,37.4896865179,126.8391127263
서울특별시교육청,남부교육지원청,서울우신초등학교병설유치원,공립(병설),문헌주,문헌주,20190301,20190314,서울특별시 영등포구 신길로 190,02-847-2258,02-847-2259,https://usin.sen.es.kr,0720시0720분~1920시1920분,1,1,2,0,1,76,14,18,40,0,4,7,13,24,0,4,37.5098647213535,126.911863664868
서울특별시교육청,남부교육지원청,서울윤중초등학교병설유치원,공립(병설),박수경,박수경,19871230,19880310,서울특별시 영등포구 여의나루로2길 14,02-783-0407,02-784-9680,https://yunjung.sen.es.kr/,0720시0720분~1920시1920분,1,1,1,0,1,56,14,18,20,0,4,9,8,17,0,4,37.519813098,126.9228310324
서울특별시교육청,남부교육지원청,서울정심초등학교병설유치원,공립(병설),지선영,지선영,20181116,20190314,서울특별시 금천구 독산로78다길 89,02-851-7792,02-851-7793,http://www.jungshim.es.kr,0730시0730분~1930시1930분,1,1,1,0,1,56,14,18,20,0,4,10,11,18,0,3,37.4719940507,126.9082144411
서울특별시교육청,남부교육지원청,서울천왕초등학교병설유치원,공립(병설),정용주,정용주,20110901,20110901,서울특별시 구로구 천왕로1길 11,02-6343-4388,02-3666-1628,https://cheonwang.sen.es.kr/index.do,0730시0730분~1930시1930분,1,1,1,0,0,52,14,18,20,0,0,9,9,12,0,0,37.4816005925,126.8367175567
서울특별시교육청,남부교육지원청,서울탑동유치원,공립(단설),김미현,김미현,20050907,20050907,서울특별시 금천구 탑골로 47-3,02-894-6056,02-892-0727,http://www.topdong.kg.kr/,0700시0700분~1900시1900분,2,2,2,0,0,104,28,36,40,0,0,13,31,34,0,0,37.4527526975176,126.914694647361
서울특별시교육청,남부교육지원청,서울하늘숲유치원,공립(단설),박정순,박정순,20131226,20140422,서울특별시 구로구 오리로 1102-19,02-2625-8003,02-2625-8204,http://www.서울하늘숲유치원.kr/,0730시0730분~1930시1930분,3,2,2,0,1,118,42,35,38,0,3,37,32,36,0,3,37.4850951827,126.843016548
서울특별시교육청,남부교육지원청,서울항동유치원,공립(단설),박신정,박신정,20180927,20190301,서울특별시 구로구 연동로8길 15,02-6949-4941,02-2689-9331,https://hangdong.sen.kg.kr/,0700시0700분~1930시1930분,3,3,3,0,2,164,42,54,60,0,8,34,42,57,0,4,37.4770622722,126.8248247799
서울특별시교육청,남부교육지원청,성모유치원,사립(법인),장정화,장정화,19560309,19560309,서울특별시 영등포구 가마산로89길 7,02-842-2903,02-848-9819,http://cafe.daum.net/ntdsm,0950시0950분~1800시1800분,1,2,2,0,0,200,24,50,56,0,0,24,42,51,0,0,37.5055385903133,126.921585396287
서울특별시교육청,남부교육지원청,성요셉유치원,사립(사인),정태옥,김미현,19830120,19830120,서울특별시 영등포구 63로 45,02-783-6921,02-783-6923, ,0700시0700분~1900시1900분,1,1,1,0,0,110,30,40,40,0,0,19,22,38,0,0,37.5213527337159,126.937326091368
서울특별시교육청,남부교육지원청,성지유치원,사립(사인),이성실,이성실,20021101,20021118,서울특별시 영등포구 도신로29길 28,02-847-2120,02-847-2127, ,0800시0800분~1900시1900분,2,1,1,0,0,109,51,28,30,0,0,30,17,24,0,0,37.5117521719162,126.902324399157
서울특별시교육청,남부교육지원청,신길에덴유치원,사립(사인),오정섭 신선경,신선경,19830301,19830301,서울특별시 영등포구 신길로38길 21,02-833-1527, ,http://cafe.naver.com/edenu,0700시0700분~1900시1900분,1,1,1,0,0,73,12,14,14,0,0,2,4,9,0,0,37.5056103252,126.9134669177
서울특별시교육청,남부교육지원청,신도유치원,사립(사인),정현철,이명희,19900423,19900423,서울특별시 구로구 구일로2길 45,02-853-5423,02-867-2435, ,0800시0800분~1830시1830분,1,1,1,0,0,80,26,26,28,0,0,26,26,28,0,0,37.4890990212326,126.877647531167
서울특별시교육청,남부교육지원청,신라유치원,사립(사인),신범승,나경순,19980429,19980429,서울특별시 영등포구 영등포로64길 8,02-834-2222,02-834-5555,http://shinna.kidswon.com,0700시0700분~1900시1900분,1,1,1,0,0,120,10,12,15,0,0,8,8,8,0,0,37.514699109,126.9166501861
서울특별시교육청,남부교육지원청,여의도유치원,사립(법인),홍성희,홍성희,19790301,19790301,서울특별시 영등포구 여의동로 257,02-782-0555,02-761-9690,http://cafe.naver.com/yeouidochild,0800시0800분~1800시1800분,2,1,1,0,0,160,32,30,30,0,0,31,23,25,0,0,37.5215674520418,126.938985428352
서울특별시교육청,남부교육지원청,여의유치원,사립(사인),송명화,송명화,19830301,19830301,서울특별시 영등포구 국제금융로7길 3,02-782-1492,02-782-2517, ,0700시0700분~1900시1900분,0,0,0,1,0,22,0,0,0,22,0,0,0,0,6,0,37.5225640803493,126.931203358225
서울특별시교육청,남부교육지원청,영은유치원,사립(사인),이승구,박가영,19640615,19640615,서울특별시 영등포구 양산로 61,02-2676-0568,02-2634-0568,https://cafe.naver.com/youngeunkindergarten,0800시0800분~1900시1900분,2,1,2,0,0,109,44,25,40,0,0,42,24,38,0,0,37.5252868943054,126.889991092814
서울특별시교육청,남부교육지원청,영중유치원,사립(법인),조은정,조은정,19810121,19810121,서울특별시 영등포구 영중로 163,02-2676-8276,02-2676-8222,http://yeongjung.kidis.co.kr/,0800시0800분~1800시1800분,2,1,1,0,0,96,40,22,24,0,0,30,17,29,0,0,37.5310692664315,126.905230340225
서울특별시교육청,남부교육지원청,예림유치원,사립(법인),학교법인 한흥학원,정선희,19980220,19980305,서울특별시 금천구 금하로 793,02-809-2121,02-809-2120,https://yaelimkindergarten.kidsnote.ac,1430시1430분~1930시1930분,2,2,2,0,0,204,36,40,48,0,0,34,22,28,0,0,37.4513227091847,126.91972565332
서울특별시교육청,남부교육지원청,예쁨유치원,사립(법인),이재은,박애순,19960115,19960301,서울특별시 구로구 부일로1길 125,02-2615-3145,02-2615-3356,https://cafe.daum.net/yepum,0800시0800분~1900시1900분,1,1,1,0,0,70,22,24,24,0,0,20,24,19,0,0,37.4952256005377,126.817441395943
서울특별시교육청,남부교육지원청,우성유치원,사립(사인),김신영 이정후 이재문,김신영,19880301,19880301,서울특별시 영등포구 도신로 68-1,02-847-2525,02-847-2524,https://cafe.naver.com/woosungkinder,0720시0720분~1920시1920분,1,1,1,0,0,89,38,24,27,0,0,3,9,10,0,0,37.5057450596449,126.900624929813
서울특별시교육청,남부교육지원청,운현유치원,사립(사인),백현정,김선월,20021216,20021216,서울특별시 금천구 금하로 816,02-802-7019,02-802-7066,http://cafe.daum.net/wunhyun,0700시0700분~2200시2200분,2,2,2,0,0,240,30,40,50,0,0,19,30,48,0,0,37.447889980157,126.917091876028
서울특별시교육청,남부교육지원청,은하유치원,사립(법인),정순택,문은경,19950301,19950301,서울특별시 영등포구 당산로28길 11,02-2068-0109, , ,0900시0900분~1830시1830분,1,1,1,0,0,120,26,28,30,0,0,24,26,30,0,0,37.5249498404877,126.898435706923
서울특별시교육청,남부교육지원청,정훈유치원,사립(사인),허태근,허지영,19990601,19990601,서울특별시 구로구 경인로 382,02-2683-6833, , ,0800시0800분~1900시1900분,1,2,2,0,0,135,44,44,47,0,0,44,44,47,0,0,37.4945586116285,126.861950723498
서울특별시교육청,남부교육지원청,참사랑유치원,사립(사인),이영숙,유은석,20120314,20120314,서울특별시 금천구 벚꽃로 73,02-896-5881,02-896-5440,http://cafe.daum.net/H-truelove/,0800시0800분~1830시1830분,3,2,2,0,0,152,52,48,52,0,0,49,53,46,0,0,37.4627117340684,126.89007930269
서울특별시교육청,남부교육지원청,침례유치원,사립(법인),국명호,길홍묘,19790301,19790301,서울특별시 영등포구 국제금융로 118,02-783-2529,02-786-2429,http://baptistkid.or.kr,0900시0900분~1900시1900분,2,2,2,0,0,200,46,56,60,0,0,47,40,41,0,0,37.5180322496,126.9340526303
서울특별시교육청,남부교육지원청,큰나무유치원,사립(사인),구영옥,차윤정,19980203,19980203,서울특별시 영등포구 도신로 31,02-832-3904,02-832-3905,https://bigtreekid.kidsnote.ac,0900시0900분~1800시1800분,2,2,2,0,0,160,52,50,58,0,0,52,44,39,0,0,37.5057247227322,126.89486832038
서울특별시교육청,남부교육지원청,파란나라유치원,사립(사인),신예순,신예순,20070420,20070420,서울특별시 영등포구 도신로8길 17,02-844-7115,02-844-7110, ,0800시0800분~1830시1830분,2,2,3,0,0,220,42,44,69,0,0,41,43,60,0,0,37.5032194803582,126.897261612638
서울특별시교육청,남부교육지원청,파랑새유치원,사립(사인),박근용,김영화,19900209,19900209,서울특별시 영등포구 가마산로 384,02-834-3050,02-834-0349, ,0700시0700분~1900시1900분,1,2,1,0,0,125,15,30,20,0,0,12,19,10,0,0,37.5023874735064,126.900260770874
서울특별시교육청,남부교육지원청,평강유치원,사립(사인),고기홍,김태숙,19881201,19881201,서울특별시 영등포구 신길로 27,02-848-0502,02-833-1516,http://www.pkkid.pyungkang.tv,0730시0730분~1930시1930분,2,1,2,0,0,140,56,28,56,0,0,47,26,54,0,0,37.4949307193,126.9081536774
서울특별시교육청,남부교육지원청,푸른동산유치원,사립(사인),조상수,윤춘근,20121031,20130301,서울특별시 구로구 서해안로 2201,02-2613-1303,02-2613-1306,http://www.greengd.co.kr,0900시0900분~1730시1730분,2,2,2,0,0,260,70,90,100,0,0,28,32,38,0,0,37.4867297509484,126.831362239601
서울특별시교육청,남부교육지원청,한신유치원,사립(사인),정혜숙,박영림,19910228,19910228,서울특별시 금천구 한내로 62,02-898-3031,02-898-3037, ,0800시0800분~1900시1900분,2,3,2,0,0,175,50,74,51,0,0,50,74,51,0,0,37.456403676,126.8880946427
서울특별시교육청,남부교육지원청,한신혜원유치원,사립(사인),김선경,홍경란,19960705,19960705,서울특별시 영등포구 양평로24길 9,02-2634-9167,02-2636-6704, ,0800시0800분~1830시1830분,2,2,2,0,0,170,50,50,60,0,0,49,34,33,0,0,37.540769469495,126.891935759292
서울특별시교육청,남부교육지원청,한영유치원,사립(사인),나경식,유수연,19830301,19830301,서울특별시 영등포구 영중로41길 5,02-2677-5422,02-6264-7789,https://hykid.kidsnote.ac/,0810시0810분~1900시1900분,1,2,1,0,0,116,21,48,26,0,0,21,44,24,0,0,37.5284991011,126.904789555
서울특별시교육청,남부교육지원청,혜원유치원,사립(사인),한상칠,표이정,19880101,19880101,서울특별시 구로구 고척로 62-11,02-2612-7735,02-2612-7754,http://www.hwkd.kr,0700시0700분~1900시1900분,2,3,2,0,0,188,40,72,60,0,0,35,58,51,0,0,37.4995439056839,126.842214801115
서울특별시교육청,동부교육지원청,경희유치원,사립(법인),윤경숙,윤경숙,19610324,19610324,서울특별시 동대문구 경희대로 26,02-967-0907,02-3295-5421,http://www.khu.kg.kr,0800시0800분~1800시1800분,2,2,2,0,0,160,44,56,60,0,0,43,53,56,0,0,37.5973021086071,127.055803940927
서울특별시교육청,동부교육지원청,그림유치원,사립(사인),김창숙,이진미,20001130,20010301,서울특별시 동대문구 답십리로56길 21,02-3394-6254,02-2248-4661,http://cafe.naver.com/grimmkid,0730시0730분~2000시2000분,2,4,3,0,0,176,48,64,64,0,0,44,62,60,0,0,37.572026,127.060093
서울특별시교육청,동부교육지원청,누리에유치원,사립(사인),최성희,최성희,19890202,19890222,서울특별시 중랑구 중랑천로 20,02-437-1201,02-437-1203,http://cafe.naver.com/nuriekindergarten,0730시0730분~1930시1930분,1,1,2,0,0,160,12,16,32,0,0,3,14,24,0,0,37.5871086139817,127.076100128242
서울특별시교육청,동부교육지원청,동성유치원,사립(사인),윤기섭,박선아,19950810,19950904,서울특별시 중랑구 신내로 110,02-434-2690,02-435-2690, ,0700시0700분~1900시1900분,3,2,2,0,0,165,57,56,52,0,0,55,56,45,0,0,37.6097779070842,127.096281236983
서울특별시교육청,동부교육지원청,동안유치원,사립(사인),유재순,유재순,19981125,19990308,서울특별시 동대문구 회기로25길 67,02-957-1830,02-965-3925,http://dongkid.org/,0740시0740분~1830시1830분,2,2,2,0,0,160,30,46,52,0,0,30,45,52,0,0,37.5928935159507,127.056732717086
서울특별시교육청,동부교육지원청,동일유치원,사립(법인),김휘현,신상숙,19810210,19810210,서울특별시 중랑구 면목로35길 21,02-432-2949,02-432-8358,https://blog.naver.com/dongil2947,0800시0800분~2000시2000분,1,2,2,0,0,165,17,48,50,0,0,9,22,47,0,0,37.5781444779,127.0846555149
서울특별시교육청,동부교육지원청,라온유치원,사립(사인),권오숙,권오숙,20190430,20190701,서울특별시 동대문구 답십리로48길 56,02-2217-0430, ,https://cafe.naver.com/raon0701,0800시0800분~1800시1800분,1,1,1,0,0,51,14,20,17,0,0,9,20,17,0,0,37.570269,127.057638
서울특별시교육청,동부교육지원청,봄내유치원,사립(사인),김준태,박완순,19950109,19950109,서울특별시 중랑구 면목로61길 50,02-438-9711,02-2208-6528,http://bomnae.or.kr,0750시0750분~2000시2000분,1,2,2,0,0,185,38,72,75,0,0,18,18,48,0,0,37.5859785454291,127.085553441256
서울특별시교육청,동부교육지원청,사랑유치원,사립(사인),조경숙,조경숙,19971013,19980302,서울특별시 동대문구 제기로 131,02-957-5330,02-963-5333,http://sarang-kindergarten.co.kr,0700시0700분~2000시2000분,1,2,2,0,0,124,33,41,50,0,0,33,41,50,0,0,37.588249,127.048499
서울특별시교육청,동부교육지원청,산정현유치원,사립(법인),오임숙,오임숙,19980325,19980325,서울특별시 동대문구 회기로23가길 33,02-963-0371,02-963-0370,https://cafe.naver.com/grace0371,0730시0730분~1930시1930분,2,1,1,0,0,107,30,22,25,0,0,23,9,10,0,0,37.592680683205,127.054069998064
서울특별시교육청,동부교육지원청,삼성유치원,사립(사인),심성훈 심승희,김은수,20131125,20131125,서울특별시 동대문구 사가정로 65,02-2213-0080,02-2212-3006, ,0800시0800분~1830시1830분,3,3,2,0,0,198,63,72,63,0,0,63,72,63,0,0,37.5756147117447,127.05196129385
서울특별시교육청,동부교육지원청,새소리유치원,사립(사인),이현란,이현란,19910110,19910111,서울특별시 동대문구 사가정로 148,02-2214-0011,02-2214-0013, ,0800시0800분~1830시1830분,2,3,3,0,0,238,58,71,80,0,0,58,71,80,0,0,37.5763161268978,127.05942939686
서울특별시교육청,동부교육지원청,새아랑유치원,사립(사인),황규철,이화봉,19960827,19960827,서울특별시 중랑구 신내로 151,02-3421-8411,02-3421-8411, ,0730시0730분~1930시1930분,3,3,3,0,0,228,60,69,78,0,0,52,63,66,0,0,37.6123867066449,127.096108508433
서울특별시교육청,동부교육지원청,새일문유치원,사립(사인),민영재,심옥자,19841103,19841104,서울특별시 동대문구 장한로 165,02-2212-6229,02-2212-6229,http://cafe.naver.com/saeilmoon,0730시0730분~1930시1930분,0,0,1,1,0,60,0,0,25,35,0,0,0,24,14,0,37.5751443421832,127.071666363733
서울특별시교육청,동부교육지원청,서울군자초등학교병설유치원,공립(병설),한한우,한한우,20070301,20070522,서울특별시 동대문구 한천로6길 21,02-2212-8456,02-2212-8457,http://www.kunja.kg.kr/,0700시0700분~2000시2000분,2,2,2,0,0,104,28,36,40,0,0,28,36,30,0,0,37.5644398095571,127.061570124283
서울특별시교육청,동부교육지원청,서울답십리초등학교병설유치원,공립(병설),이승용,이승용,19860313,19860313,서울특별시 동대문구 전농로3길 23,02-2248-3152,02-2217-3152,http://www.dapsimni.kg.kr,0700시0700분~1900시1900분,1,2,1,0,1,74,14,36,20,0,4,12,28,20,0,2,37.5688037038,127.0554268641
서울특별시교육청,동부교육지원청,서울동원초등학교병설유치원,공립(병설),권정훈,권정훈,19950220,19950412,서울특별시 중랑구 송림길 114,02-438-3288,02-438-3146,http://www.dongwonkid.kg.kr,0730시0730분~1930시1930분,1,1,1,0,1,56,14,18,20,0,4,7,9,12,0,0,37.6047078414,127.1050711389
서울특별시교육청,동부교육지원청,서울면동초등학교병설유치원,공립(병설),김용석,김용석,20140301,20140307,서울특별시 중랑구 면목로57길 32,02-496-7922,02-496-7923,http://www.myeondong.es.kr,0700시0700분~1900시1900분,1,1,1,0,0,52,14,18,20,0,0,5,18,20,0,0,37.5853512439,127.0865919179
서울특별시교육청,동부교육지원청,서울면목초등학교병설유치원,공립(병설),김기만,김기만,20120301,20120402,서울특별시 중랑구 면목로 434,02-2209-4341,02-2209-4342,http://www.myeonmok.es.kr,0730시0730분~1930시1930분,1,1,1,0,0,52,14,18,20,0,0,4,2,11,0,0,37.5910827374749,127.088347759505
서울특별시교육청,동부교육지원청,서울면북초등학교병설유치원,공립(병설),이경희,이경희,20160301,20160301,서울특별시 중랑구 용마공원로5길 32,02-433-3296, ,https://myeonbuk.sen.es.kr/179295/subMenu.do,0730시0730분~1930시1930분,1,1,1,0,0,56,14,18,20,0,0,5,7,5,0,0,37.5946279108304,127.103404753746
서울특별시교육청,동부교육지원청,서울묵현초등학교병설유치원,공립(병설),정영신,정영신,20050301,20051029,서울특별시 중랑구 동일로157길 75,02-977-9105,02-977-9106,http://www.mh.es.kr,0730시0730분~1930시1930분,0,1,1,0,1,38,0,17,18,0,3,0,8,8,0,3,37.6090810435,127.0736910045
서울특별시교육청,동부교육지원청,서울봉화초등학교병설유치원,공립(병설),이정훈,이정훈,20201231,20210315,서울특별시 중랑구 신내로15길 110,02-3423-2231,02-3423-2233,https://bonghwa.sen.es.kr/183327/subMenu.do,0730시0730분~1930시1930분,1,1,1,0,0,52,14,18,20,0,0,8,8,9,0,0,37.613569477,127.0924042894
서울특별시교육청,동부교육지원청,서울새솔유치원,공립(단설),이수이,이수이,20140508,20140901,서울특별시 중랑구 신내역로1길 136,02-3422-1771,02-3422-3210,http://서울새솔유치원.kr,0700시0700분~1900시1900분,3,3,3,0,3,156,40,53,58,0,5,40,53,57,0,5,37.6176150635,127.1099411364
서울특별시교육청,동부교육지원청,서울신묵초등학교병설유치원,공립(병설),김정윤,김정윤,20220301,20220301,서울특별시 중랑구 동일로149길 46,02-6951-5495,02-6951-5494,https://sinmook.sen.es.kr/,0700시0700분~1900시1900분,1,1,1,0,1,56,14,18,20,0,4,3,5,5,0,3,37.6065228487307,127.075835832737
서울특별시교육청,동부교육지원청,서울신현초등학교병설유치원,공립(병설),하옥선,하옥선,20201231,20210301,서울특별시 중랑구 봉화산로 188,02-6956-0147,02-6956-0347,http://shinhyun.sen.es.kr/,0730시0730분~1930시1930분,1,1,1,0,1,56,14,18,20,0,4,11,13,14,0,2,37.6058145949,127.0935217555
서울특별시교육청,동부교육지원청,서울양원숲초등학교병설유치원,공립(병설),이일권,이일권,20220301,20220307,서울특별시 중랑구 양원역로 95,024939710, ,https://yangwonsoop.sen.es.kr/,0700시0700분~2000시2000분,2,2,2,0,1,108,28,36,40,0,4,21,26,33,0,0,37.6090134040458,127.105258353397
서울특별시교육청,동부교육지원청,서울이문유치원,공립(단설),박소현,박소현,20170518,20170901,서울특별시 동대문구 신이문로 16,02-959-2023,02-969-3245,http://www.imunk.co.kr,0720시0720분~1920시1920분,2,2,2,0,1,104,28,36,39,0,1,28,36,39,0,1,37.6018947753,127.0648840965
서울특별시교육청,동부교육지원청,서울장평초등학교병설유치원,공립(병설),이천희,이천희,19980301,19980402,서울특별시 동대문구 답십리로69길 27,02-2213-3086,02-2213-3088,https://jang-pyung.sen.es.kr/,0700시0700분~2000시2000분,1,1,1,0,0,52,14,18,20,0,0,9,13,14,0,0,37.5740470402,127.0733090532
서울특별시교육청,동부교육지원청,서울전곡초등학교병설유치원,공립(병설),이승희,이승희,20220301,20220301,서울특별시 동대문구 전농로 172,02-2244-3254,02-6952-2006,https://jeongok.sen.es.kr,0730시0730분~1930시1930분,1,1,1,0,0,52,14,18,20,0,0,10,5,16,0,0,37.5807042921,127.0560124452
서울특별시교육청,동부교육지원청,서울전동초등학교병설유치원,공립(병설),이윤미,이윤미,20000125,20000412,서울특별시 동대문구 전농로16길 61,02-2214-1528,02-2245-9539,https://jeondong.sen.es.kr,0700시0700분~1900시1900분,1,1,1,0,1,52,14,17,17,0,4,14,15,12,0,4,37.5793036031,127.0614758464
서울특별시교육청,동부교육지원청,서울중곡초등학교병설유치원,공립(병설),현은주,현은주,19920206,19920905,서울특별시 중랑구 면목로23길 20,02-2209-1281,02-2209-2549,http://cg.new21.net,0730시0730분~1930시1930분,1,1,2,0,0,72,14,18,40,0,0,14,18,29,0,0,37.5748287924,127.0834833633
서울특별시교육청,동부교육지원청,서울중랑초등학교병설유치원,공립(병설),김범선,김범선,20160301,20160301,서울특별시 중랑구 봉우재로6길 26,02-439-3567,02-6235-0011,https://jungnang.sen.es.kr,0730시0730분~1930시1930분,1,1,1,0,0,52,14,18,20,0,0,4,6,14,0,0,37.5895759968,127.0752076164
서울특별시교육청,동부교육지원청,서울중목초등학교병설유치원,공립(병설),남정석,남정석,20201231,20210301,서울특별시 중랑구 동일로 665,02-2209-1120,02-2209-1124,http://joongmok.sen.es.kr,0730시0730분~1930시1930분,1,1,1,0,0,56,14,18,20,0,0,9,8,14,0,0,37.590087350296,127.07937319697
서울특별시교육청,동부교육지원청,서울중흥초등학교병설유치원,공립(병설),연강숙,연강숙,20180301,20180301,서울특별시 중랑구 봉화산로 82,02-495-8833,02-495-8998,https://jung-heung.sen.es.kr/136193/subMenu.do,0730시0730분~1930시1930분,2,2,2,0,2,104,28,35,37,0,4,14,18,18,0,4,37.6016735855,127.0841443286
서울특별시교육청,동부교육지원청,서울홍파초등학교병설유치원,공립(병설),김민주,김민주,20050105,20050307,서울특별시 동대문구 고산자로 518,02-966-3568,02-966-3569,https://hongpa.sen.es.kr/100533/subMenu.do,0730시0730분~1930시1930분,1,1,1,0,0,52,14,18,20,0,0,10,6,6,0,0,37.5862027261427,127.039519411484
서울특별시교육청,동부교육지원청,서울휘경유치원,공립(단설),양민희,양민희,19990726,19991118,서울특별시 동대문구 망우로6길 48,02-2242-0356,02-2242-0357,www.hwykyung.kg.kr,0730시0730분~1930시1930분,2,2,2,0,1,104,27,33,40,0,4,27,33,40,0,4,37.5857495909,127.0582135313
서울특별시교육청,동부교육지원청,서울휘봉초등학교병설유치원,공립(병설),윤태환,윤태환,20060301,20060510,서울특별시 동대문구 장안벚꽃로 309,02-2248-4653,02-2248-4642,http://www.hwibong.es.kr,0730시0730분~1930시1930분,1,1,1,0,0,52,14,18,20,0,0,7,9,11,0,0,37.5860229581,127.0697521674
서울특별시교육청,동부교육지원청,세하유치원,사립(사인),이은숙,이은숙,20040501,20040501,서울특별시 동대문구 장안벚꽃로 107,02-2213-1382,02-2213-1355,https://blog.naver.com/sehakids,0800시0800분~2000시2000분,2,2,1,0,0,254,44,48,30,0,0,39,45,27,0,0,37.5683564394905,127.07345260315
서울특별시교육청,동부교육지원청,소화유치원,사립(법인),김혜미,김혜미,19640522,19640601,서울특별시 동대문구 약령시로 45,02-921-0136,02-953-0136,https://cafe.daum.net/sowha921,0900시0900분~1830시1830분,1,0,0,3,0,150,18,0,0,66,0,14,0,0,55,0,37.5830681791796,127.034777629626
서울특별시교육청,동부교육지원청,솔방울유치원,사립(사인),김경본,김경본,19920413,19920901,서울특별시 중랑구 용마산로 250-14,02-436-1035,02-436-1035,http://www.pineconekids.co.kr,0730시0730분~1930시1930분,1,0,0,1,0,77,27,0,0,50,0,3,0,0,24,0,37.5749603198126,127.0889553819
서울특별시교육청,동부교육지원청,수산유치원,사립(법인),서울노회유지재단,박미선,19560401,19771109,서울특별시 중랑구 중랑역로 35-1,02-433-1674,02-433-3698,https://blog.naver.com/susan8971,0700시0700분~1900시1900분,1,2,2,0,0,123,37,41,45,0,0,37,40,45,0,0,37.5976483546323,127.075932723803
서울특별시교육청,동부교육지원청,신동아유치원,사립(사인),정연학,김승현,19930428,19930428,서울특별시 동대문구 무학로26길 30,02-921-3361,02-921-0307,https://cafe.naver.com/sindonga,0700시0700분~2000시2000분,2,2,2,0,0,163,36,48,52,0,0,30,24,46,0,0,37.5725909687547,127.0327358011
서울특별시교육청,동부교육지원청,신일유치원,사립(사인),한신화,한신재,19830131,19830131,서울특별시 중랑구 면목로44길 55,02-493-7962,02-491-4695,http://cafe.naver.com/sinil7962,0730시0730분~1930시1930분,0,0,0,1,0,66,0,0,0,66,0,0,0,0,0,0,37.5810658343,127.0916555371
서울특별시교육청,동부교육지원청,아이비유치원,사립(사인),정미경,노혜련,20020214,20020214,서울특별시 동대문구 한천로 246,02-2213-1508,02-2213-1559,http://cafe.naver.com/02ivykdg,0800시0800분~1900시1900분,2,2,2,0,0,180,46,52,54,0,0,46,48,54,0,0,37.5828158686224,127.068737813944
서울특별시교육청,동부교육지원청,영은유치원,사립(사인),김영자,김영자,19960616,19960616,서울특별시 중랑구 신내로19길 42,02-3421-7557,02-3421-7559,http://www.young-eun.kg.kr,0750시0750분~1950시1950분,3,3,2,0,0,240,60,72,50,0,0,55,60,50,0,0,37.6154000255018,127.091953608179
서울특별시교육청,동부교육지원청,예원유치원,사립(사인),이정아,이선미,19950109,19950301,서울특별시 중랑구 신내로 51,02-492-3355,02-492-6626, ,0730시0730분~1930시1930분,2,2,2,0,0,128,46,40,42,0,0,45,39,42,0,0,37.604303990668,127.094163940111
서울특별시교육청,동부교육지원청,예일유치원,사립(사인),문순,서수진,19930227,19930227,서울특별시 동대문구 사가정로 190,02-2215-0084,02-2216-0084, ,0800시0800분~1800시1800분,2,2,2,0,0,180,40,46,48,0,0,34,34,36,0,0,37.5790144667676,127.065918550538
서울특별시교육청,동부교육지원청,윤경유치원,사립(사인),김주경,김춘희,19961011,19961105,서울특별시 중랑구 숙선옹주로 91,02-3421-7184,02-3421-7113, ,0800시0800분~1900시1900분,2,2,2,0,0,148,36,44,52,0,0,26,41,45,0,0,37.6164824913923,127.085474837716
서울특별시교육청,동부교육지원청,은성유치원,사립(사인),양귀덕,양귀덕,19970120,19970301,서울특별시 중랑구 동일로 752,02-2208-6601,02-2208-6603,http://blog.naver.com/eunsung2208,0730시0730분~2000시2000분,3,3,3,0,0,220,66,72,82,0,0,54,59,81,0,0,37.5970124255,127.0816067169
서울특별시교육청,동부교육지원청,이루니유치원,사립(사인),김미숙,김미숙,20120313,20120313,서울특별시 중랑구 신내로7다길 57,02-494-9094,02-432-7767,http://www.yiruni.com ,0730시0730분~2000시2000분,3,3,3,0,0,205,69,68,68,0,0,69,68,68,0,0,37.6016277152525,127.091759103217
서울특별시교육청,동부교육지원청,정암유치원,사립(법인),재단법인기독교대한감리회유지재단,이지연,20160621,20160901,서울특별시 중랑구 용마산로118길 55,02-2094-8401,02-435-2038,http://www.jungamkid.co.kr,0830시0830분~1800시1800분,2,1,1,0,0,90,38,26,26,0,0,26,21,23,0,0,37.6012290593675,127.103580655512
서울특별시교육청,동부교육지원청,정원유치원,사립(사인),황영희,황영희,20171115,20180301,서울특별시 동대문구 사가정로 276-19,02)3390-9940,02-3390-9941,http://cafe.naver.com/jokindergarten,0730시0730분~1930시1930분,2,2,2,0,0,122,40,40,42,0,0,38,39,41,0,0,37.5790066539,127.0758319164
서울특별시교육청,동부교육지원청,젬마유치원,사립(법인),정순택,성말순,19711123,19720928,서울특별시 동대문구 이문로12길 20,02-957-8166,02-959-8166,http://cafe.daum.net/ilovegemma,0900시0900분~1700시1700분,2,2,2,0,0,140,48,44,40,0,0,39,44,40,0,0,37.5929414365937,127.059420664555
서울특별시교육청,동부교육지원청,진달래유치원,사립(사인),주홍섭,안남숙,19821210,19821210,서울특별시 중랑구 상봉중앙로1가길 13,02-434-7993,02-434-7994,https://instagram.com/jungnang_jindalrea?igshid=MzRlODBiNWFlZA==,0800시0800분~1800시1800분,0,1,1,0,0,110,0,22,20,0,0,0,21,15,0,0,37.5987299423997,127.08685277087
서울특별시교육청,동부교육지원청,파스텔유치원,사립(사인),송숙현,송숙현,20000206,20000320,서울특별시 동대문구 전농로10길 20,02-2243-3553,02-2243-3563,http://www.pastel.kg.kr,0700시0700분~2000시2000분,2,2,1,0,0,128,50,50,28,0,0,30,31,16,0,0,37.5749216464706,127.06012910027
서울특별시교육청,동작관악교육지원청,강남유치원,사립(사인),정지건,이성미,19710330,19710330,서울특별시 동작구 상도로41가길 13,02-813-7122,02-827-0759, ,0800시0800분~1800시1800분,0,0,1,1,0,80,0,0,12,25,0,0,0,8,17,0,37.5034951206163,126.949674384084
서울특별시교육청,동작관악교육지원청,나랑유치원,사립(법인),박수진,박수진,20001214,20001214,서울특별시 관악구 봉천로33길 57,02-3285-5555,02-3285-5560,http://www.narang.kg.kr,0700시0700분~2000시2000분,2,1,2,0,0,137,30,20,40,0,0,19,19,23,0,0,37.4857305793227,126.943962488478
서울특별시교육청,동작관악교육지원청,노량진교회유치원,사립(법인),여충호,노윤경,19890302,19890302,서울특별시 동작구 노량진로30길 9,02-817-3875,02-817-4875,http://nrj-kids.net,0820시0820분~1830시1830분,1,1,1,0,0,72,20,25,25,0,0,21,23,22,0,0,37.5121632696688,126.955751258081
서울특별시교육청,동작관악교육지원청,동그라미유치원,사립(사인),진순옥,전미진,19941214,19941214,서울특별시 동작구 사당로28길 34,02-587-5599,02-587-5597,http://www.donggrami.com,0800시0800분~1900시1900분,4,3,3,0,0,273,100,90,83,0,0,97,90,78,0,0,37.4816528073816,126.97936657782
서울특별시교육청,동작관악교육지원청,명성유치원,사립(사인),최민수,정영희,19970310,19970310,서울특별시 관악구 광신길 154,02-874-3350,02-876-3277, ,0800시0800분~1900시1900분,1,1,1,0,0,65,18,22,25,0,0,10,13,16,0,0,37.4655087516694,126.927016524512
서울특별시교육청,동작관악교육지원청,명수유치원,사립(법인),서영옥,서영옥,19661116,19661116,서울특별시 동작구 흑석로13길 3,02-816-2964,02-823-2965,http://www.mungsu.kg.kr,0900시0900분~1800시1800분,1,1,1,0,0,120,22,26,32,0,0,17,22,26,0,0,37.5087195184325,126.96045149748
서울특별시교육청,동작관악교육지원청,배꽃유치원,사립(사인),황선명,황선명,19890127,19890309,서울특별시 관악구 봉천로29길 47,02-878-7766,02-878-7735,http://www.baekkot.com,0730시0730분~1930시1930분,2,2,2,0,0,240,38,50,52,0,0,27,43,34,0,0,37.4856084278381,126.941951474771
서울특별시교육청,동작관악교육지원청,벧엘유치원,사립(법인),박병주,임지연,19591216,20070301,서울특별시 동작구 장승배기로20길 46-3,02-814-1482,02-814-1493,http://www.bethelkids.or.kr,0830시0830분~1800시1800분,2,2,2,0,0,164,40,48,52,0,0,35,44,52,0,0,37.5090034030881,126.942775083727
서울특별시교육청,동작관악교육지원청,새소슬유치원,사립(사인),박현주,이현희,20010620,20010702,서울특별시 관악구 성현로 80,02-6671-6001,02-884-3451,http://www.sosl.kg.kr,0730시0730분~1930시1930분,1,2,2,0,0,138,20,48,52,0,0,20,44,51,0,0,37.4899512331393,126.951783765603
서울특별시교육청,동작관악교육지원청,새싹유치원,사립(사인),이인호,허미애,19931203,19931203,서울특별시 관악구 남현2길 90,02-584-6135,02-584-0327,http://sskinder.kidis.co.kr,0700시0700분~1900시1900분,0,0,1,1,0,80,0,0,15,25,0,0,0,8,17,0,37.4745681251793,126.972863325517
서울특별시교육청,동작관악교육지원청,샛별유치원,사립(법인),김혜윤,최혜선,20131204,20140305,서울특별시 동작구 상도로50길 36-1,02-3280-8993,02-3280-8995,http://www.stellar1004.co.kr,0800시0800분~2000시2000분,3,3,2,0,0,180,60,60,50,0,0,60,57,43,0,0,37.4980429328595,126.950279372821
서울특별시교육청,동작관악교육지원청,서울강남초등학교병설유치원,공립(병설),전옥출,전옥출,20131223,20140301,서울특별시 동작구 강남초등길 15,02-824-0503,02-824-0705,https://gangnam.sen.es.kr/,0700시0700분~1900시1900분,1,1,1,0,0,52,14,18,20,0,0,7,11,13,0,0,37.5061595151996,126.953360252816
서울특별시교육청,동작관악교육지원청,서울관악초등학교병설유치원,공립(병설),손애리,손애리,20000115,20000310,서울특별시 관악구 청룡4길 49,02-883-0932,02-883-0931,http://seoul-kwanak.sen.es.kr,0700시0700분~1900시1900분,1,1,1,0,1,56,14,18,20,0,4,7,11,8,0,1,37.4810922803,126.9426424299
서울특별시교육청,동작관악교육지원청,서울구암유치원,공립(단설),방은경,방은경,20190301,20190301,서울특별시 관악구 은천로 93,02-889-9930,02-889-9932,http://서울구암유치원.kr/,0700시0700분~1930시1930분,2,2,2,0,1,108,28,36,40,0,4,27,32,28,0,4,37.489282,126.944739
서울특별시교육청,동작관악교육지원청,서울난곡초등학교병설유치원,공립(병설),임일렬,임일렬,19960115,19960401,서울특별시 관악구 난곡로35길 102,02-853-9871,02-855-2135,http://nangok.es.kr/,0730시0730분~1930시1930분,1,1,0,0,1,52,14,18,0,0,4,5,12,0,0,0,37.4690614296,126.9178816298
서울특별시교육청,동작관악교육지원청,서울남부초등학교병설유치원,공립(병설),황미경,황미경,20171201,20180301,서울특별시 관악구 남부순환로163길 14,02-857-5033,02-857-5035, ,0730시0730분~1930시1930분,1,1,1,0,1,56,14,18,20,0,4,10,9,12,0,2,37.485121057,126.9221826433
서울특별시교육청,동작관악교육지원청,서울남성초등학교병설유치원,공립(병설),이인숙,이인숙,20130301,20130301,서울특별시 동작구 사당로23길 57-14,02-595-3991,02-534-3994,https://namsung.sen.es.kr/,0700시0700분~2000시2000분,1,1,2,0,0,72,14,18,40,0,0,9,16,28,0,0,37.4845957155,126.9754877342
서울특별시교육청,동작관악교육지원청,서울남현유치원,공립(단설),위효실,위효실,20200109,20200501,서울특별시 관악구 남현4길 51,02-585-2031,02-585-2035,http://www.서울남현유치원.kr,0730시0730분~1930시1930분,2,2,2,0,1,104,28,36,40,0,4,28,27,26,0,0,37.4738362824827,126.973350114095
서울특별시교육청,동작관악교육지원청,서울노량진초등학교병설유치원,공립(병설),이영미,이영미,20170927,20180307,서울특별시 동작구 장승배기로 160,02-817-1264,02-824-8066,https://noryangjin.sen.es.kr/index.do,0730시0730분~1930시1930분,0,0,0,1,0,18,0,0,0,18,0,0,0,0,3,0,37.5117511917,126.9408222377
서울특별시교육청,동작관악교육지원청,서울당곡초등학교병설유치원,공립(병설),이정수,이정수,20200301,20200301,서울특별시 관악구 보라매로2길 23,02-882-6906,02-882-4695,https://danggok.sen.es.kr/169330/subMenu.do,0700시0700분~1900시1900분,0,0,1,0,0,20,0,0,20,0,0,0,0,9,0,0,37.4901681154,126.9303697882
서울특별시교육청,동작관악교육지원청,서울문창초등학교병설유치원,공립(병설),고태은,고태은,20120301,20120301,서울특별시 동작구 신대방2길 14,02-836-9535,02-836-9536,https://munchang.sen.es.kr/,0730시0730분~1930시1930분,1,2,1,0,1,70,14,36,20,0,4,10,18,16,0,4,37.4887393592,126.9139495176
서울특별시교육청,동작관악교육지원청,서울봉천초등학교병설유치원,공립(병설),장동운,장동운,20040301,20040301,서울특별시 관악구 행운1라길 17,02-874-7406,02-874-7402,https://bongcheon.sen.es.kr,0700시0700분~1900시1900분,0,0,1,1,1,42,0,0,20,18,4,0,0,8,0,3,37.4836649701,126.9581899279
서울특별시교육청,동작관악교육지원청,서울삼성초등학교병설유치원,공립(병설),이영희,이영희,20030301,20030301,서울특별시 관악구 대학7길 52,02-877-9139,02-877-9360,http://samseong.sen.es.kr/,0730시0730분~1930시1930분,1,2,2,0,0,104,14,36,40,0,0,5,17,21,0,0,37.4677847465871,126.941144599365
서울특별시교육청,동작관악교육지원청,서울상도유치원,공립(단설),한희순,한희순,20140314,20140626,서울특별시 동작구 성대로21길 62,02-827-0037,02-821-5589,http://www.서울상도유치원.kr,0700시0700분~2000시2000분,2,3,2,0,1,122,28,53,37,0,4,18,50,37,0,4,37.5003760295,126.9373787994
서울특별시교육청,동작관악교육지원청,서울신남성초등학교병설유치원,공립(병설),정경미,정경미,19950315,19950315,서울특별시 동작구 사당로 146,02-587-6131,02-587-2256,http://shinnamsung.sen.es.kr,0700시0700분~1900시1900분,1,1,1,0,0,52,14,18,20,0,0,12,5,11,0,0,37.4889578492,126.9651359915
서울특별시교육청,동작관악교육지원청,서울신림초등학교병설유치원,공립(병설),김진경,김진경,20180301,20180301,서울특별시 관악구 문성로28길 31,02-6952-3126,02-6951-3128,http://sillim.sen.es.kr,0700시0700분~1900시1900분,1,1,1,0,0,52,14,18,20,0,0,3,9,9,0,0,37.4771194926,126.9268759446
서울특별시교육청,동작관악교육지원청,서울신봉초등학교병설유치원,공립(병설),정경식,정경식,20190301,20190301,서울특별시 관악구 양녕로6나길 1,02-883-8441,02-883-8443,http://sinbong.sen.es.kr,0700시0700분~2000시2000분,1,1,1,0,0,58,14,18,20,0,0,4,11,10,0,0,37.48539,126.949013
서울특별시교육청,동작관악교육지원청,서울신성초등학교병설유치원,공립(병설),배명주,배명주,20030106,20030301,서울특별시 관악구 신림로 114,02-6101-7616,02-875-2364,https://sss.sen.es.kr,0730시0730분~1930시1930분,2,2,1,0,1,84,28,34,18,0,4,23,29,18,0,4,37.4714280847298,126.937733245157
서울특별시교육청,동작관악교육지원청,서울신우유치원,공립(단설),이지현,이지현,19860207,19860207,서울특별시 관악구 호암로 498,02-874-3558,02-874-9887,http://www.seoulsinwoo.com,0720시0720분~1920시1920분,2,2,2,0,1,108,28,36,40,0,4,25,29,37,0,4,37.4631906379849,126.932283857476
서울특별시교육청,동작관악교육지원청,서울원당초등학교병설유치원,공립(병설),전은미,전은미,20000115,20000115,서울특별시 관악구 봉천로 505,02-879-2481,02-883-9826,http://wondang.sen.es.kr,0730시0730분~1930시1930분,1,2,1,0,1,74,14,36,20,0,4,5,16,19,0,2,37.4812809764605,126.956249742122
서울특별시교육청,동작관악교육지원청,서울은로유치원,공립(단설),김정숙,김정숙,20230112,20230301,서울특별시 동작구 서달로 115,02-826-5787, ,http://서울은로유치원.kr,0730시0730분~1930시1930분,3,2,2,0,1,118,42,36,40,0,4,38,37,39,0,0,37.5031488793269,126.959999879057
서울특별시교육청,동작관악교육지원청,서울은천초등학교병설유치원,공립(병설),이미경,이미경,19940805,19940901,서울특별시 관악구 은천로 69,02-883-6421,02-887-0417,https://euncheon.sen.es.kr/,0700시0700분~1900시1900분,1,2,2,0,1,90,14,36,40,0,4,14,22,19,0,4,37.4869678439956,126.942369045903
서울특별시교육청,동작관악교육지원청,서울청룡초등학교병설유치원,공립(병설),박상인,박상인,19970115,19970301,서울특별시 관악구 관악로5길 61,02-871-2429,02-878-1318,http://www.chungryong.es.kr/,0730시0730분~1930시1930분,1,1,1,0,0,52,14,18,20,0,0,8,12,3,0,0,37.4754891148,126.9508517628
서울특별시교육청,동작관악교육지원청,서울청림유치원,공립(단설),김연숙,김연숙,20200401,20200401,서울특별시 관악구 청림5길 22,02-875-0533,02-875-0233,http://www.서울청림유치원.kr,0700시0700분~1900시1900분,2,2,2,0,1,104,28,36,40,0,4,27,19,24,0,5,37.4890917715771,126.960111629303
서울특별시교육청,동작관악교육지원청,서울행림초등학교병설유치원,공립(병설),서진수,서진수,20180301,20180301,서울특별시 동작구 솔밭로 47,02-523-1355,02-523-1360,https://hrim.sen.es.kr,0730시0730분~1930시1930분,1,1,1,0,0,52,14,18,20,0,0,13,6,7,0,0,37.4828076066,126.9649642723
서울특별시교육청,동작관악교육지원청,소망유치원,사립(사인),김서년,권민정,19970210,19970210,서울특별시 동작구 현충로 119,02-823-8871,02-823-8872,http://www.somangkids.com/,0730시0730분~1930시1930분,1,1,1,0,0,120,20,24,25,0,0,17,18,13,0,0,37.5072227826871,126.967494878668
서울특별시교육청,동작관악교육지원청,시현유치원,사립(사인),나현선,정양순,20170223,20170302,서울특별시 동작구 만양로8길 50,02-6949-4442,02-821-4442,https://cafe.naver.com/sihyun2017,0800시0800분~1730시1730분,2,2,2,0,0,129,43,43,43,0,0,44,48,37,0,0,37.5103052508,126.9468677187
서울특별시교육청,동작관악교육지원청,애동유치원,사립(사인),김남열,김남열,19810203,19810203,서울특별시 관악구 법원단지길 56,02-856-7555,02-865-1277,https://aedong.moapp.kr,0700시0700분~2000시2000분,2,2,1,0,0,240,40,48,28,0,0,7,26,22,0,0,37.4738179906224,126.920283383492
서울특별시교육청,동작관악교육지원청,엘림숲유치원,사립(사인),이수자,이수자,19830228,19830228,서울특별시 동작구 성대로6가길 29,02-822-3450,02-812-6557,http://grace.kidis.co.kr,0730시0730분~1930시1930분,1,1,1,0,0,200,40,40,40,0,0,1,0,0,0,0,37.4977831687345,126.933201861843
서울특별시교육청,동작관악교육지원청,열림유치원,사립(사인),노국영,나영자,19941214,19941214,서울특별시 동작구 여의대방로44길 49,02-825-5021,02-825-9893,https://yullim.kidswon.com/,0700시0700분~2000시2000분,3,3,3,0,0,250,60,75,75,0,0,52,67,68,0,0,37.5089702458951,126.929223942656
서울특별시교육청,동작관악교육지원청,요요유치원,사립(사인),유유상,유유상,19920304,19920304,서울특별시 동작구 여의대방로 28,02-836-6710,02-836-0710,http://yoyokid.kidsnote.ac,0700시0700분~1900시1900분,0,0,1,1,0,187,0,0,18,20,0,0,0,11,12,0,37.4951378402867,126.91190567572
서울특별시교육청,동작관악교육지원청,은아유치원,사립(사인),양원숙,양원숙,19770215,19770302,서울특별시 관악구 남부순환로246길 25,02-882-0018,02-873-0018,http://www.euna.co.kr,0730시0730분~1900시1900분,4,4,4,0,0,550,80,88,104,0,0,63,81,100,0,0,37.4752373038,126.9643275482
서울특별시교육청,동작관악교육지원청,중앙대부속유치원,사립(법인),조형숙,조형숙,19160920,19160920,서울특별시 동작구 흑석로 47,02-815-0146,02-825-5799,https://cau-kindergarten.or.kr,0900시0900분~1700시1700분,2,2,2,0,0,240,40,48,56,0,0,40,48,53,0,0,37.5064772026825,126.95559602411
서울특별시교육청,동작관악교육지원청,총신대부속유치원,사립(법인),정희정,정희정,19850316,19850316,서울특별시 동작구 사당로 143,02-3479-0550,02-535-0884,http://www.csuk.kr/,0800시0800분~1800시1800분,2,2,2,0,0,150,30,44,50,0,0,29,37,48,0,0,37.4899132139,126.9665148794
서울특별시교육청,동작관악교육지원청,하늘유치원,사립(법인),성결교회유지재단,박지선,19940114,19940114,서울특별시 관악구 양산길 18,02-871-8508,02-871-8503,https://skykid.kidsnote.ac,0830시0830분~1800시1800분,1,0,0,1,0,146,15,0,0,20,0,5,0,0,5,0,37.4740572988801,126.932256069696
서울특별시교육청,동작관악교육지원청,한별유치원,사립(사인),조항욱,조항욱,19830608,19830608,서울특별시 관악구 남부순환로144길 65,02-855-6659,070-8255-7988,https://hanbyeol.kidsnote.ac,0900시0900분~1800시1800분,1,2,2,0,0,200,22,48,52,0,0,14,30,46,0,0,37.478418282989,126.913477294213
서울특별시교육청,동작관악교육지원청,행복유치원,사립(법인),김인수,김정은,20071023,20080301,서울특별시 동작구 양녕로23길 25,02-3280-1188,02-3280-1190,http://www.sokahappy.co.kr,0830시0830분~1730시1730분,3,2,2,0,0,180,75,52,52,0,0,58,48,51,0,0,37.4956817307715,126.941133395971
서울특별시교육청,동작관악교육지원청,행복한숲유치원,사립(사인),장경자,정은숙,20150508,20150901,서울특별시 동작구 만양로 26,02-813-6148,02-823-6148,https://cafe.naver.com/8136148,0800시0800분~1800시1800분,2,2,2,0,0,138,44,46,48,0,0,37,36,26,0,0,37.50666904012142,126.94947837424384
서울특별시교육청,동작관악교육지원청,현대유치원,사립(사인),이재수,한주희,19930114,19930114,서울특별시 관악구 관악로40길 55,02-884-3809,02-878-3809,http://hdkid.co.kr,0800시0800분~1900시1900분,2,2,2,0,0,151,48,52,51,0,0,45,52,40,0,0,37.4922512108654,126.959349626045
서울특별시교육청,북부교육지원청,고운유치원,사립(사인),김은희,김은희,19921203,19921203,서울특별시 노원구 동일로208길 34,02-948-6700, ,http://www.gounkid.com,0700시0700분~2000시2000분,3,3,3,0,0,186,66,61,59,0,0,66,61,59,0,0,37.6440374545153,127.066929011217
서울특별시교육청,북부교육지원청,까치유치원,사립(사인),김영,문수희,19890203,19890203,서울특별시 노원구 덕릉로79길 23,02-937-0331,02-937-0763, ,0700시0700분~2000시2000분,2,2,3,0,0,160,40,44,56,0,0,17,24,52,0,0,37.6562475801563,127.072782401497
서울특별시교육청,북부교육지원청,꽃동산유치원,사립(법인),김종준,서인숙,20060214,20060214,서울특별시 노원구 공릉로 257,02-948-9483, ,http://www.flowergardenkids.com,0900시0900분~1800시1800분,1,1,1,0,0,120,30,30,30,0,0,1,3,4,0,0,37.6300316002182,127.073875314241
서울특별시교육청,북부교육지원청,꿈동산아이유치원,사립(법인),꿈동산유치원사회적협동조합,이인숙,20190304,20190307,서울특별시 노원구 동일로227길 26,02-3392-5864,02-3391-5861,https://www.kiddream.kr,0730시0730분~1920시1920분,3,2,3,0,0,267,66,46,72,0,0,62,37,53,0,0,37.668698,127.053362
서울특별시교육청,북부교육지원청,꿈밭유치원,사립(사인),양혜숙,양혜숙,19910301,19930801,서울특별시 도봉구 해등로 264,02-956-9380,02-956-9382,http://kkumbat1.ebikids.co.kr,0730시0730분~1900시1900분,2,2,2,0,0,180,46,52,56,0,0,46,52,56,0,0,37.6583061195844,127.027606013211
서울특별시교육청,북부교육지원청,꿈터유치원,사립(사인),최영애,최영애,19920301,19920301,서울특별시 노원구 동일로230길 63,02-930-4202,02-930-4207,http://www.ggumter.kr,0700시0700분~2000시2000분,2,2,1,0,0,120,45,47,28,0,0,23,38,13,0,0,37.6737368395994,127.058950013938
서울특별시교육청,북부교육지원청,나래유치원,사립(사인),김춘태,김순주,20001129,20001129,서울특별시 도봉구 마들로 684-9,02-3493-9236,02-3493-9237,http://nrk.or.kr,0730시0730분~1930시1930분,1,1,1,0,0,94,20,20,25,0,0,17,11,22,0,0,37.6714920464,127.0472210907
서울특별시교육청,북부교육지원청,노원 삼육유치원,사립(법인),김연철,이성희,20120530,20120530,서울특별시 노원구 공릉로42길 13-1,02-948-2280,02-978-1932,http://www.nwsy.net/,0700시0700분~2000시2000분,1,1,1,0,0,68,19,24,25,0,0,7,12,16,0,0,37.6244124409571,127.080358269072
서울특별시교육청,북부교육지원청,다연유치원,사립(사인),박종찬,임신희,20000620,20000620,서울특별시 노원구 월계로45가길 94,02-906-7807,02-992-5781,https://www.dayeon.or.kr/,0730시0730분~1930시1930분,2,1,1,0,0,90,35,27,28,0,0,23,27,20,0,0,37.6321281936,127.0510484096
서울특별시교육청,북부교육지원청,덕성여자대학교부속유치원,사립(법인),이병호,이병호,19840109,19840302,서울특별시 도봉구 삼양로144길 33,02-995-0611,02-992-0611,http://dskinder.or.kr/,0800시0800분~1830시1830분,1,1,1,2,0,180,22,24,24,40,0,22,19,17,30,0,37.6490418727594,127.016843848665
서울특별시교육청,북부교육지원청,동화나라유치원,사립(사인),신영은,김지영(직무대리),20020204,20020204,서울특별시 노원구 덕릉로 780,02-939-6715,02-939-6725,http://동화나라.kr,0800시0800분~1900시1900분,1,1,1,0,0,160,10,15,20,0,0,2,1,5,0,0,37.6670400553683,127.079017048602
서울특별시교육청,북부교육지원청,두솔유치원,사립(사인),문성용,박현숙,19940217,19940217,서울특별시 노원구 초안산로 19,02-991-8337,02-993-6774, ,0700시0700분~2000시2000분,1,1,2,0,0,91,33,25,33,0,0,33,25,33,0,0,37.6295450677757,127.05416851247
서울특별시교육청,북부교육지원청,무지개유치원,사립(법인),신성재,김은경,20050406,20050406,서울특별시 노원구 덕릉로94가길 54,02-951-8546,02-935-8546, ,0730시0730분~1930시1930분,1,3,2,0,0,180,18,60,48,0,0,17,40,30,0,0,37.6645990724717,127.078717670154
서울특별시교육청,북부교육지원청,보고유치원,사립(사인),서유리,서유리,20010410,20010410,서울특별시 노원구 석계로13길 23-14,02-912-0570,02-911-1979, ,0700시0700분~1900시1900분,0,2,1,0,0,90,0,20,25,0,0,0,11,6,0,0,37.6196024190716,127.061394384782
서울특별시교육청,북부교육지원청,보배유치원,사립(사인),장현운,권미옥,19951115,19951115,서울특별시 노원구 마들로3길 37,02-977-2727,02-975-2525,http://www.ibobae.com,0730시0730분~1930시1930분,1,1,1,0,0,100,24,26,26,0,0,16,10,10,0,0,37.6286067853213,127.062796826548
서울특별시교육청,북부교육지원청,사라유치원,사립(사인),이복숙 이주원,구성옥,19830303,19830303,서울특별시 노원구 동일로198가길 13,02-974-7766,02-973-4869,http://cafe.naver.com/sarayouchwon,0930시0930분~1730시1730분,2,2,1,0,0,118,42,46,30,0,0,39,28,24,0,0,37.6297460311277,127.072174834685
서울특별시교육청,북부교육지원청,사랑유치원,사립(사인),이주선,김연희,20011217,20011217,서울특별시 도봉구 마들로 620,02-956-2666,02-3491-2666, ,0800시0800분~1900시1900분,1,1,1,0,0,91,20,22,22,0,0,11,19,20,0,0,37.6654311743029,127.046672505928
서울특별시교육청,북부교육지원청,삼육대학교부속유치원,사립(법인),남수명,김정미,19910213,19910311,서울특별시 노원구 화랑로 815,02-3399-1173,02-3399-1174,http://www.sykinder.co.kr,0730시0730분~1900시1900분,2,2,2,2,0,180,40,48,48,44,0,40,46,44,44,0,37.6449627245918,127.106703618079
서울특별시교육청,북부교육지원청,삼풍유치원,사립(법인),안소자,전은영,20091125,20100302,서울특별시 도봉구 노해로63가길 101,02-992-3171,02-992-3173,http://www.삼풍유치원.kr,0800시0800분~1900시1900분,3,4,3,0,0,260,66,96,78,0,0,66,96,73,0,0,37.6567961244805,127.045667143645
서울특별시교육청,북부교육지원청,서울가인초등학교병설유치원,공립(병설),이석호,이석호,20220301,20220310,서울특별시 도봉구 도봉로136다길 4,02-997-0884, ,https://seoulgain.sen.es.kr/189877/subMenu.do,0730시0730분~1930시1930분,0,0,1,1,0,38,0,0,20,18,0,0,0,2,5,0,37.659467804,127.0429508898
서울특별시교육청,북부교육지원청,서울계상초등학교병설유치원,공립(병설),이연희,이연희,20201231,20210301,서울특별시 노원구 한글비석로41가길 24,02-937-0877,02-937-0879,https://kyesang.sen.es.kr/,0700시0700분~1910시1910분,0,0,1,1,0,38,0,0,20,18,0,0,0,6,5,0,37.662941908,127.0681774812
서울특별시교육청,북부교육지원청,서울공릉초등학교병설유치원,공립(병설),이승미,이승미,20011231,20020301,서울특별시 노원구 동일로173길 12,02-973-3074,02-973-3078,http://gongrung.sen.es.kr,0730시0730분~1930시1930분,1,1,1,0,0,52,14,18,20,0,0,5,6,12,0,0,37.6193865801629,127.074074888177
서울특별시교육청,북부교육지원청,서울공연초등학교병설유치원,공립(병설),정갑연,정갑연,20230301,20230301,서울특별시 노원구 동일로192가길 16,02-3399-2177,02-3399-2198,https://gongyeon.sen.es.kr,0730시0730분~1930시1930분,1,1,1,0,0,52,14,18,20,0,0,5,8,17,0,0,37.6275475286909,127.074508899954
서울특별시교육청,북부교육지원청,서울노일유치원,공립(단설),이정희,이정희,19940805,19941111,서울특별시 노원구 동일로231길 26,02-938-9642,02-932-8791,http://www.noil.kg.kr,0730시0730분~1930시1930분,2,2,2,0,0,104,28,36,40,0,0,16,33,26,0,0,37.6724589075332,127.05402254985
서울특별시교육청,북부교육지원청,서울당현초등학교병설유치원,공립(병설),조세현,조세현,20201231,20210309,서울특별시 노원구 동일로213길 52,02-931-0601,02-931-0603,http://danghyeon.sen.es.kr,0700시0700분~1900시1900분,1,1,1,0,0,52,14,18,20,0,0,14,15,18,0,0,37.648851466,127.0580399103
서울특별시교육청,북부교육지원청,서울동일초등학교병설유치원,공립(병설),민태일,민태일,19991123,20000310,서울특별시 노원구 한글비석로 566,02-952-7465,02-952-7470,http://www.dongil.es.kr,0700시0700분~1930시1930분,1,1,2,0,0,72,14,18,40,0,0,14,12,20,0,0,37.6648062635,127.0541646164
서울특별시교육청,북부교육지원청,서울마들유치원,공립(단설),박현주,박현주,20200301,20200301,서울특별시 도봉구 마들로 567,02-992-1701, ,https://www.mdkd.kg.kr:499/home/,0730시0730분~1930시1930분,1,2,2,0,1,91,14,32,37,0,4,14,29,31,0,4,37.6608707806463,127.047498852664
서울특별시교육청,북부교육지원청,서울방학유치원,공립(단설),이현진,이현진,20200301,20200301,서울특별시 도봉구 도당로6길 14-11,02-3494-1100,02-3494-1101,http://www.서울방학.kr,0730시0730분~1930시1930분,2,2,1,0,1,81,28,32,17,0,4,27,22,12,0,4,37.6610253596,127.035851334
서울특별시교육청,북부교육지원청,서울상경초등학교병설유치원,공립(병설),정용훈,정용훈,20050301,20060504,서울특별시 노원구 수락산로 237,02-935-5129,02-939-2931,http://www.sanggyeong.es.kr,0730시0730분~1930시1930분,1,2,1,0,0,70,14,36,20,0,0,9,22,14,0,0,37.6705518402,127.0516739393
서울특별시교육청,북부교육지원청,서울상계초등학교병설유치원,공립(병설),양인화,양인화,20170301,20170302,서울특별시 노원구 상계로9길 39,02-933-6888,02-934-6888,https://sanggye.sen.es.kr,0730시0730분~1930시1930분,1,0,0,1,0,32,14,0,0,18,0,4,0,0,10,0,37.6591506973,127.0665818334
서울특별시교육청,북부교육지원청,서울상곡초등학교병설유치원,공립(병설),박진수,박진수,19971220,19980423,서울특별시 노원구 노원로38길 34,02-934-2715,02-934-2775,http://www.sanggok.sen.es.com,0730시0730분~1930시1930분,2,1,2,0,0,86,28,18,40,0,0,28,18,21,0,0,37.6628014854,127.0630202965
서울특별시교육청,북부교육지원청,서울상원초등학교병설유치원,공립(병설),김건옥,김건옥,20220307,20220307,서울특별시 노원구 한글비석로54길 119,02-952-7874,02-3391-4421,https://sangwon.sen.es.kr/,0900시0900분~1900시1900분,1,0,0,1,0,32,14,0,0,18,0,6,0,0,13,0,37.6676731293,127.0597173138
서울특별시교육청,북부교육지원청,서울수락산유치원,공립(단설),강효정,강효정,20200301,20200301,서울특별시 노원구 동일로245길 162,02-6435-3355,02-6435-3361,http://www.서울수락산유치원.kr,0720시0720분~2000시2000분,2,2,1,0,1,86,28,36,20,0,4,21,19,19,0,2,37.6808234157,127.054220086
서울특별시교육청,북부교육지원청,서울수락초등학교병설유치원,공립(병설),조복주,조복주,20000115,20000301,서울특별시 노원구 동일로 1745,02-951-4146,02-933-6869,https://surak.sen.es.kr/,0730시0730분~1930시1930분,1,1,1,0,1,38,14,18,20,0,4,2,3,8,0,4,37.6844789467,127.0551696855
서울특별시교육청,북부교육지원청,서울수암초등학교병설유치원,공립(병설),위창열,위창열,20031230,20040302,서울특별시 노원구 중계로12길 9,02-3392-0354,02-3392-0355,https://suam.sen.es.kr,0730시0730분~1930시1930분,1,1,2,0,0,72,14,18,40,0,0,14,14,20,0,0,37.6476979852229,127.081467764228
서울특별시교육청,북부교육지원청,서울숭미초등학교병설유치원,공립(병설),박동호,박동호,20210108,20210305,서울특별시 도봉구 노해로 179,02-6956-6811,02-6956-6812,http://sungmi.sen.es.kr/index.do,0700시0700분~2000시2000분,1,1,1,0,1,56,14,18,20,0,4,9,3,18,0,2,37.6510234416817,127.027944278021
서울특별시교육청,북부교육지원청,서울신상계초등학교병설유치원,공립(병설),박정래,박정래,19970115,19970318,서울특별시 노원구 상계로 267,02-3392-0570,02-952-7143,http://sinsanggye.sen.es.kr,0730시0730분~1930시1930분,1,1,2,0,1,72,14,18,40,0,4,0,12,21,0,2,37.6673784125,127.0758459521
서울특별시교육청,북부교육지원청,서울신창초등학교병설유치원,공립(병설),김진수,김진수,20031230,20040512,서울특별시 도봉구 덕릉로60길 93,02-994-7782,02-994-7792,http://shinchang.sen.es.kr,0730시0730분~1930시1930분,1,1,1,0,1,52,14,16,19,0,3,2,6,11,0,3,37.6357599308057,127.042198206835
서울특별시교육청,북부교육지원청,서울신학초등학교병설유치원,공립(병설),박종영,박종영,20161230,20180301,서울특별시 도봉구 방학로 247-21,02-6011-8183,02-6011-8191,https://seoulsinhak.sen.es.kr/,0700시0700분~1900시1900분,1,1,1,0,0,52,14,18,20,0,0,5,8,12,0,0,37.6612199123,127.0257222251
서울특별시교육청,북부교육지원청,서울쌍문초등학교병설유치원,공립(병설),임우재,임우재,20201230,20210305,서울특별시 도봉구 우이천로 360,02-2088-2800,02-2088-3927,https://ssangmun.sen.es.kr,0700시0700분~1900시1900분,0,1,1,0,0,38,0,18,20,0,0,0,3,12,0,0,37.6485838438,127.0247422284
서울특별시교육청,북부교육지원청,서울여자대학교부속유치원,사립(법인),김혜경,김혜경,19940406,19940406,서울특별시 노원구 화랑로 621,02-970-5353,02-977-7050,http://www.swuchild.com/,0800시0800분~1900시1900분,2,2,2,0,0,170,40,48,48,0,0,39,48,37,0,0,37.629063203842,127.090835608899
서울특별시교육청,북부교육지원청,서울연지유치원,공립(단설),권수경,권수경,20200301,20200301,서울특별시 노원구 월계로55길 16,02-979-8293,02-979-3708,http://yeonji.ebikids.co.kr,0730시0730분~1930시1930분,1,2,2,0,1,94,14,36,40,0,4,14,32,30,0,0,37.6329030152,127.0600893951
서울특별시교육청,북부교육지원청,서울연촌초등학교병설유치원,공립(병설),박경진,박경진,19870126,19870126,서울특별시 노원구 공릉로58길 36,02-975-2498,02-973-4373,https://yeonchon.sen.es.kr,0700시0700분~1900시1900분,1,1,1,0,0,52,14,18,20,0,0,14,16,17,0,0,37.6354160095577,127.073322413919
서울특별시교육청,북부교육지원청,서울오봉초등학교병설유치원,공립(병설),김두희,김두희,20230301,20230301,서울특별시 도봉구 시루봉로 285,0262112290,02-6211-2268,https://obong.sen.es.kr/194208/subMenu.do,0730시0730분~1930시1930분,1,1,1,0,0,52,14,18,20,0,0,7,15,15,0,0,37.6717184874026,127.040258979982
서울특별시교육청,북부교육지원청,서울용동초등학교병설유치원,공립(병설),김영희,김영희,20220301,20220301,서울특별시 노원구 한글비석로1길 81-11,02-949-0205,02-949-0854,https://yongdong.sen.es.kr,0700시0700분~1900시1900분,0,1,1,0,0,38,0,18,20,0,0,0,10,3,0,0,37.6410838118628,127.069081827773
서울특별시교육청,북부교육지원청,서울월계초등학교병설유치원,공립(병설),유연희,유연희,20230901,20230901,서울특별시 노원구 월계로45가길 10,02-6949-2613, ,https://wolgye.sen.es.kr/197675/subMenu.do,0730시0730분~1930시1930분,1,1,1,0,0,52,14,18,20,0,0,12,8,14,0,0,37.6278915081483,127.050782892001
서울특별시교육청,북부교육지원청,서울월천초등학교병설유치원,공립(병설),심수용,심수용,20220301,20220302,서울특별시 도봉구 노해로70길 96,029038020,029033698,https://wol.sen.es.kr,0700시0700분~1900시1900분,1,1,1,0,0,56,14,18,20,0,0,14,16,16,0,0,37.6480473803247,127.051753886647
서울특별시교육청,북부교육지원청,서울창동초등학교병설유치원,공립(병설),차은숙,차은숙,19940618,19940905,서울특별시 도봉구 해등로16길 81,02-907-8102,02-904-8102,https://changdong-s.sen.es.kr/,1300시1300분~1900시1900분,0,0,1,1,0,38,0,0,20,18,0,0,0,3,3,0,37.6552505021,127.0454768052
서울특별시교육청,북부교육지원청,서울태랑초등학교병설유치원,공립(병설),윤상욱,윤상욱,20011231,20020312,서울특별시 노원구 화랑로51나길 31,02-977-7385,02-977-7304,https://taerang.sen.es.kr/,0700시0700분~1900시1900분,1,1,1,0,1,56,14,18,20,0,4,10,2,12,0,2,37.62622056044904,127.09083402085551
서울특별시교육청,북부교육지원청,서울태릉초등학교병설유치원,공립(병설),정성모,정성모,20220301,20220301,서울특별시 노원구 노원로1길 36,02-2039-1612,02-2039-1613,https://taereung.sen.es.kr/184357/subMenu.do,0700시0700분~1900시1900분,0,1,1,0,0,38,0,18,20,0,0,0,15,16,0,0,37.623102405,127.0850589374
서울특별시교육청,북부교육지원청,성실유치원,사립(사인),강성모,강귀금,19970907,19970907,서울특별시 노원구 한글비석로1길 28,02-977-0246, , ,0740시0740분~1930시1930분,2,2,2,0,0,174,36,48,50,0,0,28,43,49,0,0,37.6389451888325,127.070709478047
서울특별시교육청,북부교육지원청,솔샘유치원,사립(사인),김병옥,심영선,19910724,19910620,서울특별시 도봉구 해등로 113,02-9975-164,02-999-7227, ,0700시0700분~2000시2000분,1,1,1,0,0,107,20,40,47,0,0,3,13,11,0,0,37.6539869562,127.0392365027
서울특별시교육청,북부교육지원청,슬기유치원,사립(사인),김신영,이명희,20000529,20000529,서울특별시 도봉구 도봉로180나길 33-29,02-954-7771,02-954-7772,http://www.seulgi.co.kr,0700시0700분~2000시2000분,3,2,3,0,0,210,69,56,78,0,0,61,56,77,0,0,37.6840072065434,127.048203281292
서울특별시교육청,북부교육지원청,신창유치원,사립(사인),김진숙,김진숙,19770313,19770313,서울특별시 도봉구 덕릉로 272,02-992-8503, ,https://shinchangkids.modoo.at/,0700시0700분~2000시2000분,1,0,0,1,0,64,18,0,0,22,0,2,0,0,6,0,37.6413787057261,127.040995450826
서울특별시교육청,북부교육지원청,아랑유치원,사립(사인),임장열,호승희,19970131,20090831,서울특별시 노원구 동일로 1127,02-976-3671,02-976-3671,http://arangkidiskids.co.kr,0800시0800분~1900시1900분,2,2,1,0,0,160,30,40,40,0,0,17,28,25,0,0,37.6304039848352,127.06919543265
서울특별시교육청,북부교육지원청,아이디유치원,사립(사인),곽명식,김영란,19890329,19890329,서울특별시 노원구 동일로221길 32,02-937-0604,02-952-8344,http://www.1004id.com,0700시0700분~2100시2100분,2,2,2,0,0,175,45,40,40,0,0,45,37,36,0,0,37.6591698233019,127.057170906705
서울특별시교육청,북부교육지원청,연세유치원,사립(사인),한국흠,한국흠,19890828,19890904,서울특별시 노원구 섬밭로 265,02-975-6786,02-975-6788,http://cafe.naver.com/yskindergarten,0700시0700분~2000시2000분,2,2,2,0,0,240,44,44,40,0,0,42,42,36,0,0,37.6386034995106,127.061062695321
서울특별시교육청,북부교육지원청,예진유치원,사립(사인),이동욱,허한나,19950929,19821001,서울특별시 노원구 섬밭로 123,02-973-9898,02-974-4471,http://www.yejinchild.com/,0800시0800분~1900시1900분,2,2,2,0,0,134,44,48,42,0,0,41,48,42,0,0,37.6271175583176,127.068171005258
서울특별시교육청,북부교육지원청,온누리유치원,사립(사인),최종세,최종세,20120401,20120401,서울특별시 노원구 동일로227길 47,02-933-2083,02-939-2083,https://cafe.daum.net/ONNURI-2026,0730시0730분~1930시1930분,2,2,2,0,0,145,40,45,50,0,0,38,37,48,0,0,37.6669141516,127.0543150582
서울특별시교육청,북부교육지원청,우리유치원,사립(사인),김태훈,이정임,19940720,19940720,서울특별시 노원구 한글비석로 281,02-951-8383,02-935-8658, ,0730시0730분~1930시1930분,2,2,3,0,0,170,45,62,63,0,0,45,52,57,0,0,37.6528637030144,127.077716866945
서울특별시교육청,북부교육지원청,원암유치원,사립(사인),김성환,이인숙,19870228,19870228,서울특별시 노원구 중계로14라길 48,02-932-4488,02-930-0088,http://www.wonam.kg.kr/,0800시0800분~2000시2000분,5,4,4,0,0,370,110,100,102,0,0,106,98,101,0,0,37.6496855440162,127.085070778991
서울특별시교육청,북부교육지원청,유화유치원,사립(사인),김광욱,신수경,19901229,19901229,서울특별시 도봉구 시루봉로 101,02-956-5000,02-3491-5002,https://blog.naver.com/youhwa5000_,0800시0800분~1900시1900분,1,1,1,0,0,150,26,30,30,0,0,15,29,29,0,0,37.6598486201,127.0274601881
서울특별시교육청,북부교육지원청,육사유치원,사립(사인),육군사관학교장,조희수,19900301,19950501,서울특별시 노원구 화랑로 564,02-972-0451, , ,0730시0730분~1930시1930분,1,1,1,0,0,88,18,23,25,0,0,12,19,12,0,0,37.6216620815078,127.090162991738
서울특별시교육청,북부교육지원청,정의유치원,사립(법인),윤남훈,김영희,19800119,19800119,서울특별시 도봉구 노해로49길 69,02-992-5108,02-991-1201,http://www.jeongeui.kg.kr/main/main.html,0730시0730분~1930시1930분,1,2,2,0,0,200,20,50,54,0,0,16,47,33,0,0,37.6524777289419,127.032493591253
서울특별시교육청,북부교육지원청,청남학원부속보나유치원,사립(법인),최경희,김고은,19930308,19930501,서울특별시 도봉구 해등로 307,02-956-3197,02-6314-3123,https://www.bonakinder.com,0700시0700분~2000시2000분,2,1,1,0,0,101,39,28,34,0,0,38,28,34,0,0,37.6568741767,127.0211919112
서울특별시교육청,북부교육지원청,청아유치원,사립(사인),이민숙,최은정,19931216,19931216,서울특별시 도봉구 노해로69가길 11,02-907-3811,02-992-3343,https://cheonga.kidsnote.ac,0730시0730분~1930시1930분,2,1,1,0,0,120,45,32,32,0,0,28,26,23,0,0,37.658890434848,127.049088272366
서울특별시교육청,북부교육지원청,청원유치원,사립(법인),성상엽,황용기,19661230,19661230,서울특별시 노원구 한글비석로 506,02-3399-7886,02-3399-7885,http://cheongwon.shop/,0800시0800분~1900시1900분,1,1,2,0,0,160,24,26,56,0,0,24,26,47,0,0,37.666770010271,127.062277025021
서울특별시교육청,북부교육지원청,초안유치원,사립(사인),김은숙,김은숙,19980301,19980301,서울특별시 노원구 우이천로 102,02-996-2101,02-996-2143, ,0730시0730분~2000시2000분,1,1,2,0,0,140,40,46,54,0,0,6,10,35,0,0,37.630428670949,127.043868550181
서울특별시교육청,북부교육지원청,풍천유치원,사립(사인),김두례,이윤경,19890305,19890117,서울특별시 노원구 노원로 522,02-937-1616,02-937-1610, ,0730시0730분~1940시1940분,3,2,1,0,0,155,42,48,36,0,0,38,47,32,0,0,37.6611589503839,127.060996941168
서울특별시교육청,북부교육지원청,학여울유치원,사립(사인),김숙자,김은희,19980313,19980313,서울특별시 노원구 동일로207길 186,02-975-6611,02-975-6625,https://cafe.naver.com/hnukids,0730시0730분~1930시1930분,2,2,2,0,0,147,44,52,51,0,0,44,52,50,0,0,37.6374847841985,127.060849404088
서울특별시교육청,북부교육지원청,한별유치원,사립(사인),김현덕,김현덕,19951228,19951228,서울특별시 도봉구 덕릉로59아길 17,02-907-4782,02-907-3498,https://hanbyeul4782.kidsnote.ac,0730시0730분~1930시1930분,1,2,1,0,0,110,25,50,28,0,0,19,38,27,0,0,37.6419150590351,127.038008243445
서울특별시교육청,북부교육지원청,한사랑유치원,사립(사인),김민균,김문환,19960902,19960902,서울특별시 도봉구 노해로66길 79,02-907-8224,02-907-8225,https://www.한사랑유치원.kr:475/home/,0700시0700분~2200시2200분,1,1,1,0,0,137,40,48,49,0,0,23,21,19,0,0,37.6478796014829,127.048352048228
서울특별시교육청,북부교육지원청,한성유치원,사립(사인),전경득,강연화,19930301,19930301,서울특별시 노원구 한글비석로 145,02-974-8872,02-977-9389,http://www.한성유치원.com,0730시0730분~1930시1930분,2,4,3,0,0,249,72,85,81,0,0,72,85,81,0,0,37.6405839469691,127.075977820761
서울특별시교육청,북부교육지원청,한양유치원,사립(법인),이승무,한인숙,20020401,20020401,서울특별시 노원구 마들로 31,02-973-4142,02-973-4146,http://www.hanyangkids.net,0800시0800분~1900시1900분,1,2,2,0,0,125,25,50,50,0,0,29,40,36,0,0,37.6186382268077,127.067565666124
서울특별시교육청,북부교육지원청,햇살유치원,사립(사인),김명희,이갑례,19910213,19910213,서울특별시 도봉구 우이천로32길 38,02-904-6248, , ,0800시0800분~2000시2000분,1,2,2,0,0,190,24,40,46,0,0,14,23,25,0,0,37.6492246809671,127.02523979429
서울특별시교육청,북부교육지원청,행복한유치원,사립(사인),이계화,이계화,20040429,20040429,서울특별시 도봉구 시루봉로6길 86,02-900-8001,02-908-6428, ,0730시0730분~1930시1930분,1,1,1,0,0,92,30,20,25,0,0,13,12,23,0,0,37.6591910643973,127.032087222664
서울특별시교육청,북부교육지원청,효자유치원,사립(사인),석성환,석지연,19880719,19880905,서울특별시 노원구 마들로 111,02-977-8333,02-948-1670,https://www.hyojak.com,0730시0730분~1930시1930분,2,4,2,0,0,185,44,46,44,0,0,28,42,29,0,0,37.6246897423,127.0650885064
서울특별시교육청,북부교육지원청,효천유치원,사립(사인),강영철,강지희,19800301,19800301,서울특별시 노원구 중계로18길 14,02-930-8891,02-930-8693,http://hyochunkids.com/,0800시0800분~1900시1900분,2,1,1,0,0,107,39,37,31,0,0,38,37,31,0,0,37.6513647433129,127.078210663395
서울특별시교육청,서부교육지원청,경복유치원,사립(사인),김덕옥,지정은,19960422,19960422,서울특별시 서대문구 세검정로1길 95,02-396-8384,02-394-7861,http://www.kyung-bok.co.kr,0800시0800분~1800시1800분,2,2,2,0,0,140,44,46,50,0,0,40,41,38,0,0,37.5940649573001,126.944404108274
서울특별시교육청,서부교육지원청,나사렛유치원,사립(법인),우숙경,우숙경,20051228,20051228,서울특별시 마포구 매봉산로 24-1,02-303-6721,02-303-6722, ,0800시0800분~1900시1900분,2,2,2,0,0,135,37,45,53,0,0,37,45,53,0,0,37.574371757337,126.89039349269
서울특별시교육청,서부교육지원청,다우림명문유치원,사립(사인),김애리,김애리,20081217,20081217,서울특별시 은평구 진관4로 31,02-389-6596,02-389-6595,https://dawoorimelite.kidsnote.ac/home/main,0800시0800분~1830시1830분,4,3,3,0,0,228,80,72,76,0,0,75,72,79,0,0,37.6443251922051,126.924813968489
서울특별시교육청,서부교육지원청,대진유치원,사립(법인),이재여,김상민,20070425,20070425,서울특별시 마포구 성미산로11길 36,02-334-3533,02-337-3532,http://daejin.kidis.co.kr,0700시0700분~2000시2000분,4,0,0,0,0,180,65,0,0,0,0,65,0,0,0,0,37.5621999458,126.9164203721
서울특별시교육청,서부교육지원청,돌샘유치원,사립(사인),홍병지,홍병지,20001223,20001223,서울특별시 마포구 백범로37길 12,02-713-5472,02-713-5473, ,0800시0800분~1700시1700분,2,2,2,0,0,180,57,68,55,0,0,57,68,55,0,0,37.5426685688668,126.9556542225
서울특별시교육청,서부교육지원청,동산유치원,사립(법인),임남희,임남희,19830301,19831101,서울특별시 은평구 증산서길 53-9,02-372-3030,02-307-1833,http://dongsankid.kidis.co.kr,0730시0730분~1930시1930분,1,1,1,0,0,112,20,24,26,0,0,18,19,25,0,0,37.5817725038007,126.904410147343
서울특별시교육청,서부교육지원청,마포대진유치원,사립(법인),김기정,김기정,20090616,20090616,서울특별시 마포구 성미산로 110,02-334-0161,02-334-0163,https://daejin.kidis.co.kr,0700시0700분~2000시2000분,0,5,6,0,0,391,0,175,150,0,0,0,107,119,0,0,37.5618401625,126.919315444
서울특별시교육청,서부교육지원청,명지전문대학부속명지유치원,사립(법인),김난실,김난실,19780227,19780227,서울특별시 서대문구 명지2길 37,02-302-5296,02-307-5296,http://kg.mjc.ac.kr,0800시0800분~1800시1800분,0,0,2,3,0,170,0,0,70,100,0,0,0,45,73,0,37.5836259654,126.9265732739
서울특별시교육청,서부교육지원청,바다의별유치원,사립(법인),강명옥,김명숙,19870301,19870301,서울특별시 은평구 통일로 790-1,02-387-0325,02-386-0325,https://cafe.naver.com/3870325,0830시0830분~1830시1830분,2,1,1,0,0,150,36,24,24,0,0,25,24,24,0,0,37.6154217031975,126.926217921304
서울특별시교육청,서부교육지원청,배영유치원,사립(사인),문세라,문세라,19610410,19610410,서울특별시 마포구 잔다리로6길 11,02-334-3405,02-332-3408,http://www.bykkid.co.kr,0800시0800분~2000시2000분,2,1,1,0,0,92,32,30,30,0,0,22,22,27,0,0,37.5526573200201,126.92006314797
서울특별시교육청,서부교육지원청,백합유치원,사립(법인),권영기,박진희,19860401,19860401,서울특별시 은평구 연서로14길 14-5,02-353-0855,02-388-0856,http://bakwhap.kidswon.com/index.asp,0800시0800분~1830시1830분,1,2,1,0,0,155,39,56,60,0,0,16,31,28,0,0,37.6081955332708,126.917358432252
서울특별시교육청,서부교육지원청,벧엘유치원,사립(사인),어금주,어금주,19800121,19800121,서울특별시 서대문구 연희로10길 17-6,02-333-9941,02-334-7446,http://happybethel.co.kr,0730시0730분~1930시1930분,2,2,2,0,0,130,36,44,48,0,0,25,32,40,0,0,37.5663361307684,126.932300262795
서울특별시교육청,서부교육지원청,삼성그린유치원,사립(사인),신고산,김승희,19970110,19970110,서울특별시 마포구 도화4길 62,02-3273-3838,02-3273-3839,http://sgkg.kr/,0900시0900분~1900시1900분,0,0,4,0,0,175,0,0,100,0,0,0,0,74,0,0,37.5395058701872,126.951593092062
서울특별시교육청,서부교육지원청,삼성유치원,사립(사인),윤장용 서혜자 윤영근,윤영근,19681001,19681001,서울특별시 서대문구 증가로20나길 12,02-372-2211,02-372-2266,http://kindergarten.co.kr,0800시0800분~1830시1830분,2,2,2,0,0,180,48,56,56,0,0,30,38,52,0,0,37.5816269738125,126.919236768396
서울특별시교육청,서부교육지원청,새나유치원,사립(사인),김동애,김동애,19990101,19990114,서울특별시 서대문구 가재울로 45,02-304-3130,02-306-3167,http://saena.kidsnote.ac,0800시0800분~2000시2000분,2,2,2,0,0,180,60,60,60,0,0,26,45,44,0,0,37.5749424508327,126.920486949063
서울특별시교육청,서부교육지원청,새보람유치원,사립(사인),한상욱,정희자,19901201,19901201,서울특별시 은평구 불광로 107,02-358-1019,02-384-3906,http://cafe.daum.net/saeboram,0900시0900분~1800시1800분,0,0,0,1,0,40,0,0,0,20,0,0,0,0,3,0,37.6162972339308,126.932624505367
서울특별시교육청,서부교육지원청,새현대유치원,사립(사인),정병천 이경자,황휘정,19970116,19970116,서울특별시 마포구 새창로 52,02-3273-3723,02-3273-3723, ,0700시0700분~2000시2000분,2,1,1,0,0,120,47,26,26,0,0,47,26,26,0,0,37.5394439207463,126.953979769561
서울특별시교육청,서부교육지원청,색동유치원,사립(사인),박인기,박인기,19861210,19861210,서울특별시 은평구 갈현로 212-1,02-353-5671,02-359-4857, ,0700시0700분~2000시2000분,2,2,2,0,0,163,43,48,52,0,0,30,44,43,0,0,37.6160479259673,126.914251307571
서울특별시교육청,서부교육지원청,서울가재울초등학교병설유치원,공립(병설),한정옥,한정옥,20160302,20160311,서울특별시 서대문구 모래내로15길 61,02-300-8691,02-300-8693,http://gajaeul.sen.es.kr,0700시0700분~2000시2000분,1,2,1,0,1,72,14,36,20,0,4,14,30,18,0,4,37.57376622,126.9183865601
서울특별시교육청,서부교육지원청,서울공덕초등학교병설유치원,공립(병설),라향숙,라향숙,19760122,19760122,서울특별시 마포구 만리재옛길 13,02-712-5928, ,http://www.kongduck.es.kr/,0700시0700분~1900시1900분,1,1,1,0,0,52,14,18,20,0,0,10,12,14,0,0,37.5459100779,126.9535632281
서울특별시교육청,서부교육지원청,서울구현초등학교병설유치원,공립(병설),송남규,송남규,20090427,20090427,서울특별시 은평구 갈현로15길 51,02-357-6215,02-357-6214,https://guhyun.sen.es.kr/,0720시0720분~1920시1920분,1,1,1,0,0,52,14,18,20,0,0,8,11,12,0,0,37.6098449331,126.9057798373
서울특별시교육청,서부교육지원청,서울금화초등학교병설유치원,공립(병설),김희영,김희영,20000301,20000401,서울특별시 서대문구 통일로 165,02-364-1446,02-365-0496,https://geumhwa.sen.es.kr,0730시0730분~1930시1930분,2,2,2,0,1,104,27,34,39,0,4,13,25,23,0,4,37.5681199149,126.9627360088
서울특별시교육청,서부교육지원청,서울동교초등학교병설유치원,공립(병설),서은주,서은주,20200301,20200301,서울특별시 마포구 월드컵로25길 86,02-324-2316,02-6956-8107,https://donggyo.sen.es.kr/,0700시0700분~1900시1900분,0,0,2,1,0,52,0,0,40,18,0,0,0,18,7,0,37.5586244768,126.9024005961
서울특별시교육청,서부교육지원청,서울마포초등학교병설유치원,공립(병설),오상철,오상철,20001125,20001125,서울특별시 마포구 도화2길 64,02-712-1170,02-712-1170,http://mapo.sen.es.kr/140251/subMenu.do,0730시0730분~1930시1930분,1,2,1,0,0,70,14,36,20,0,0,14,22,19,0,0,37.5386016627,126.949816151
서울특별시교육청,서부교육지원청,서울북성유치원,공립(단설),김선미,김선미,19990115,19990310,서울특별시 서대문구 북아현로1나길 32,02-365-2061,02-365-4271,http://www.서울북성유치원.com/,0700시0700분~1900시1900분,2,2,2,0,1,108,28,36,40,0,4,20,31,35,0,2,37.5604660972,126.9565068257
서울특별시교육청,서부교육지원청,서울북한산유치원,공립(단설),박영주,박영주,20200301,20200301,서울특별시 은평구 진관1로 77-15,02-6353-9900,02-6353-9961,http://www.서울북한산유치원.kr,0720시0720분~1920시1920분,2,3,2,0,1,112,28,48,36,0,4,26,32,23,0,2,37.6321862254,126.9287984907
서울특별시교육청,서부교육지원청,서울불광초등학교병설유치원,공립(병설),이용익,이용익,20210901,20210901,서울특별시 은평구 불광로 51,02-2039-1228, ,https://bulgwang.sen.es.kr,0700시0700분~2000시2000분,1,1,1,0,0,52,14,18,20,0,0,8,10,13,0,0,37.6134294463781,126.930718712253
서울특별시교육청,서부교육지원청,서울산울림유치원,공립(단설),깅걍슥,강경숙,20200301,20200301,서울특별시 은평구 진관4로 93,02-6353-9700,02-6353-9777,http://www.서울산울림유치원.kr,0700시0700분~1900시1900분,3,3,1,0,1,108,36,48,20,0,4,29,35,20,0,3,37.6480695766,126.9298268367
서울특별시교육청,서부교육지원청,서울상암초등학교병설유치원,공립(병설),김윤희,김윤희,19960312,19960710,서울특별시 마포구 월드컵북로 353,02-376-4110,02-375-8870,http://www.sangam.es.kr,0700시0700분~2000시2000분,1,1,1,0,0,56,14,18,20,0,0,7,16,9,0,0,37.5763377249389,126.892343801317
서울특별시교육청,서부교육지원청,서울상지초등학교병설유치원,공립(병설),이병삼,이병삼,20070309,20070309,서울특별시 마포구 월드컵로42길 30,02-303-8434,02-303-8435,https://seoulsangji.sen.es.kr,0730시0730분~1930시1930분,1,1,1,0,1,52,14,16,18,0,4,6,12,13,0,4,37.5797527758,126.882074396
서울특별시교육청,서부교육지원청,서울서신초등학교병설유치원,공립(병설),박남숙,박남숙,20050301,20050428,서울특별시 은평구 은평터널로 150,02-380-0090,02-3152-1007,http://www.susin.es.kr,0730시0730분~1930시1930분,0,1,1,0,0,38,0,18,20,0,0,0,8,9,0,0,37.5925660695,126.9075327578
서울특별시교육청,서부교육지원청,서울성산초등학교병설유치원,공립(병설),이종환,이종환,20141016,20150512,서울특별시 마포구 양화로3길 94,02-338-9900,02-338-9339,http://www.ssc.es.kr,0700시0700분~1900시1900분,2,2,2,0,1,108,28,36,40,0,4,10,18,20,0,4,37.5531791998,126.9115015077
서울특별시교육청,서부교육지원청,서울성서초등학교병설유치원,공립(병설),이주연,이주연,20220314,20220314,서울특별시 마포구 성미산로7길 24,02-3143-7640, ,https://sseo.sen.es.kr/,0730시0730분~1930시1930분,1,1,1,0,1,56,14,18,20,0,4,1,5,10,0,4,37.5605957482,126.9109241839
서울특별시교육청,서부교육지원청,서울소의초등학교병설유치원,공립(병설),홍명석,홍명석,20210308,20210308,서울특별시 마포구 마포대로24길 42,02-362-6512,02-362-6513,http://soeui.sen.es.kr,0700시0700분~1900시1900분,1,1,1,0,0,56,14,18,20,0,0,9,12,11,0,0,37.5527818645,126.9606555522
서울특별시교육청,서부교육지원청,서울수색초등학교병설유치원,공립(병설),주락철,주락철,20090301,20090401,서울특별시 은평구 수색로16길 21,02-376-6752,02-306-6722,http://www.susaek.es.kr,0700시0700분~1900시1900분,1,1,1,0,1,52,14,18,16,0,4,14,18,16,0,4,37.5854777944,126.8952433286
서울특별시교육청,서부교육지원청,서울신도초등학교병설유치원,공립(병설),김재영,김재영,19940624,19940910,서울특별시 은평구 진관1로 77-23,02-352-3693,02-352-2788,http://www.sindo.sen.es.kr,0700시0700분~1900시1900분,0,0,0,1,1,18,0,0,0,16,2,0,0,0,5,2,37.6329374030343,126.929198612049
서울특별시교육청,서부교육지원청,서울어울초등학교병설유치원,공립(병설),유경미,유경미,20190301,20190301,서울특별시 은평구 통일로 650,02-358-4911,02-358-4966,https://urwool.sen.es.kr/index.do,0800시0800분~2000시2000분,1,1,1,0,0,52,14,18,20,0,0,12,15,10,0,0,37.6065633137733,126.935058620612
서울특별시교육청,서부교육지원청,서울연광초등학교병설유치원,공립(병설),홍미애,홍미애,20040428,20040428,서울특별시 은평구 연서로35길 37,02-353-5977,02-353-5437,http://www.yeonkwang.es.kr,0700시0700분~1900시1900분,0,0,2,1,0,17,0,0,11,6,0,0,0,11,6,0,37.6236486702262,126.923908904579
서울특별시교육청,서부교육지원청,서울연신초등학교병설유치원,공립(병설),김시현,김시현,20120312,20120312,서울특별시 은평구 연서로 347,02-384-0374,02-387-0374,https://yeonsin.sen.es.kr/index.do,0730시0730분~1930시1930분,1,1,1,0,0,52,14,18,20,0,0,6,4,7,0,0,37.6258552098446,126.928371001676
서울특별시교육청,서부교육지원청,서울연은초등학교병설유치원,공립(병설),양재헌,양재헌,20121227,20130313,서울특별시 은평구 백련산로2길 35,02-302-4593,02-302-5064,http://www.yeoneun.sen.es.kr,0730시0730분~1930시1930분,0,1,1,0,1,38,0,18,20,0,4,0,2,2,0,2,37.590448789,126.9252076757
서울특별시교육청,서부교육지원청,서울연천초등학교병설유치원,공립(병설),김은숙,김은숙,20120301,20120301,서울특별시 은평구 연서로34길 22,02-357-3956,02-357-3959,https://yc1985.sen.es.kr/,0700시0700분~1900시1900분,0,0,0,1,0,18,0,0,0,18,0,0,0,0,3,0,37.6212872569,126.9300519092
서울특별시교육청,서부교육지원청,서울용강초등학교병설유치원,공립(병설),장은미,장은미,19990426,19990426,서울특별시 마포구 백범로17길 9,02-711-2578,02-715-4816,https://yonggang.sen.es.kr,0700시0700분~1900시1900분,0,1,1,0,1,42,0,18,20,0,4,0,15,5,0,2,37.5491014824,126.9440439565
서울특별시교육청,서부교육지원청,서울은명초등학교병설유치원,공립(병설),조인제,조인제,20090301,20090301,서울특별시 은평구 은평로4길 21-9,02-359-9510,02-359-9512,https://em.sen.es.kr/,0700시0700분~1900시1900분,0,1,1,0,0,38,0,18,20,0,0,0,11,18,0,0,37.5976796313,126.9182758913
서울특별시교육청,서부교육지원청,서울은빛유치원,공립(단설),강상이,강상이,20120401,20120401,서울특별시 은평구 진관3로 73-11,02-353-2230,02-356-2230,http://www.seouleunbit.kg.kr/,0700시0700분~2000시2000분,2,2,2,0,1,108,28,36,40,0,4,21,33,31,0,4,37.6428166053938,126.920260444214
서울특별시교육청,서부교육지원청,서울은평초등학교병설유치원,공립(병설),김은영,김은영,19870310,19870310,서울특별시 은평구 은평로 239,02-384-0407,02-384-0456,http://www.eunpyeong.es.kr,0700시0700분~2000시2000분,0,1,1,0,0,38,0,18,20,0,0,0,9,15,0,0,37.602320825,126.9342615335
서울특별시교육청,서부교육지원청,서울응암초등학교병설유치원,공립(병설),이애희,이애희,20190301,20190501,서울특별시 은평구 가좌로6길 20,02-308-1407,02-6380-0020,https://eungam.sen.es.kr/,0730시0730분~1930시1930분,1,1,1,0,1,56,14,18,20,0,4,12,10,15,0,4,37.5887531914,126.921616097
서울특별시교육청,서부교육지원청,서울인왕초등학교병설유치원,공립(병설),이영완,이영완,20060301,20060301,서울특별시 서대문구 세무서길 33-9,02-391-9520,02-391-9519,http://inwang.sen.es.kr,0730시0730분~1930시1930분,1,1,1,0,0,52,14,18,20,0,0,6,10,16,0,0,37.5907761141,126.9450112232
서울특별시교육청,서부교육지원청,서울중동초등학교병설유치원,공립(병설),김영란,김영란,20210301,20210301,서울특별시 마포구 월드컵북로 152,02-308-8851,02-308-8852,http://jungdong.sen.es.kr,0730시0730분~1930시1930분,1,1,1,0,0,52,14,18,20,0,0,9,8,15,0,0,37.5664106054,126.9117752398
서울특별시교육청,서부교육지원청,서울진관유치원,공립(단설),김미숙,김미숙,20120105,20120626,서울특별시 은평구 진관2로 111-16,02-352-9042,02-352-9044,http://www.서울진관유치원.kr/,0700시0700분~1900시1900분,2,2,2,0,1,106,28,35,39,0,4,21,35,29,0,2,37.6347125318783,126.930960916432
서울특별시교육청,서부교육지원청,서울창천초등학교병설유치원,공립(병설),이찬원,이찬원,19950309,19950309,서울특별시 마포구 백범로1길 56,02-703-2014,02-718-6553,https://changchon.sen.es.kr/,0700시0700분~2000시2000분,1,1,1,0,0,52,14,18,20,0,0,6,3,10,0,0,37.5549179569,126.939295246
서울특별시교육청,서부교육지원청,서울하늘초등학교병설유치원,공립(병설),김윤아,김윤아,20110113,20110405,서울특별시 마포구 월드컵북로 502-14,02-305-7230,02-305-7227,https://sky.sen.es.kr/,0700시0700분~1900시1900분,1,2,2,0,0,90,14,36,40,0,0,7,27,14,0,0,37.5853148805589,126.880857516202
서울특별시교육청,서부교육지원청,서울한서초등학교병설유치원,공립(병설),최우원,최우원,20141230,20150301,서울특별시 마포구 대흥로24바길 27,02-717-0954,02-715-0563,https://hanseo.sen.es.kr,0700시0700분~1900시1900분,1,1,1,0,0,52,14,18,20,0,0,6,11,13,0,0,37.5536486073,126.9497791395
서울특별시교육청,서부교육지원청,서울홍제초등학교병설유치원,공립(병설),서재구,서재구,19850126,19850304,서울특별시 서대문구 홍은중앙로 13,02-396-7239,02-396-7230,http://hongje.sen.es.kr,0730시0730분~1930시1930분,2,2,2,0,1,104,28,36,36,0,4,17,22,28,0,4,37.5927906598642,126.944254998845
서울특별시교육청,서부교육지원청,서일유치원,사립(사인),설립자 김기덕,조경화,19931231,19931231,서울특별시 마포구 새터산16길 14,02-308-2114,02-309-0004,http://www.seoilkids.com,0700시0700분~2000시2000분,2,2,2,0,0,145,34,46,50,0,0,34,30,42,0,0,37.5674589101959,126.908195944565
서울특별시교육청,서부교육지원청,선일유치원,사립(법인),박 준옥,박 준옥,19670410,19670410,서울특별시 은평구 갈현로29길 27,02-355-2049,02-352-2049,http://www.sunilkids.co.kr,0900시0900분~1800시1800분,1,1,1,0,0,140,20,25,27,0,0,20,22,21,0,0,37.6200923778944,126.912469539152
서울특별시교육청,서부교육지원청,성결유치원,사립(사인),임시영,권명희,19720131,19720131,서울특별시 마포구 독막로28길 19,02-717-1687,02-703-2644,https://www.sungkyul-kid.kr/,0800시0800분~1800시1800분,1,1,1,0,0,80,20,25,25,0,0,7,23,12,0,0,37.5463566389958,126.937333715686
서울특별시교육청,서부교육지원청,성균관유치원,사립(사인),이경숙,이정혜,20070301,20070301,서울특별시 은평구 연서로27길 23,02-356-5373,02-356-5372,http://www.skkokok.com,0700시0700분~2000시2000분,1,2,2,0,0,195,23,40,52,0,0,20,36,46,0,0,37.6183056167885,126.91694946686
서울특별시교육청,서부교육지원청,성산아트유치원,사립(사인),박현중,김성옥,19980416,19980416,서울특별시 마포구 새터산2길 34,02-373-9190,02-373-9198,https://sungsanart.hkapp.kr/,0800시0800분~1830시1830분,2,3,1,0,0,155,61,64,30,0,0,61,60,30,0,0,37.5653449834578,126.90904073469
서울특별시교육청,서부교육지원청,성아유치원,사립(사인),김영미,김미경,20060816,20060816,서울특별시 은평구 응암로14길 21,02-303-6004, ,https://sunga.kidsnote.ac,0700시0700분~1900시1900분,1,1,1,0,0,90,30,30,30,0,0,15,10,28,0,0,37.5898944983375,126.919688586708
서울특별시교육청,서부교육지원청,세종유치원,사립(사인),권복순,이찬주,19820703,19820703,서울특별시 서대문구 거북골로16길 36,02-372-0404,02-374-7404,http://www.sejongschool.co.kr,0800시0800분~1830시1830분,2,2,2,0,0,160,44,52,56,0,0,44,49,52,0,0,37.5772801097244,126.913103380463
서울특별시교육청,서부교육지원청,숲유치원,사립(사인),구본형 최미숙,김정순,20120217,20120217,서울특별시 은평구 진관2로 37,02-357-6100,02-355-0300,http://www.숲유치원.kr,0800시0800분~1830시1830분,3,3,3,0,0,305,66,72,75,0,0,60,72,68,0,0,37.6347211334445,126.921608365553
서울특별시교육청,서부교육지원청,신촌유치원,사립(사인),오창학,최병기,19641113,19641113,서울특별시 서대문구 신촌로 43,02-324-0671,02-332-1789,http://www.shinchonkid.com,0900시0900분~1800시1800분,0,0,0,4,0,140,0,0,0,140,0,0,0,0,119,0,37.5573834875748,126.931451787459
서울특별시교육청,서부교육지원청,예일유치원,사립(법인),학교법인 예일학원,김지희,19710205,19710205,서울특별시 은평구 연서로 117,02-3800-948~950,02-380-0947,http://www.yale.kg.kr,0830시0830분~1730시1730분,0,2,2,0,0,150,0,44,52,0,0,0,36,49,0,0,37.6095631295016,126.915407516248
서울특별시교육청,서부교육지원청,와우랩유치원,사립(사인),백남익,송주연,19640306,19640306,서울특별시 은평구 응암로28길 34,02-359-6966,02-358-0998,http://wowlab.kr,0730시0730분~1930시1930분,3,3,3,0,0,256,72,87,97,0,0,64,78,85,0,0,37.5940290964604,126.921565836958
서울특별시교육청,서부교육지원청,월드유치원,사립(사인),송점준,장선희,20091208,20091208,서울특별시 마포구 월드컵로42길 38,02-302-8780,02-302-8782,http://worldforkids.net,0800시0800분~1800시1800분,5,5,4,0,0,345,115,125,105,0,0,115,125,105,0,0,37.5804067772657,126.881143133362
서울특별시교육청,서부교육지원청,유정유치원,사립(사인),정금숙,정금숙,19840315,19840315,서울특별시 은평구 진흥로12길 23,02-354-2411,02-353-8584,http://유정유치원.com,0800시0800분~1900시1900분,2,2,2,0,0,170,54,54,54,0,0,54,49,55,0,0,37.6066678401922,126.926760331204
서울특별시교육청,서부교육지원청,은평국제유치원,사립(사인),김금희,김금희,20060901,20060907,서울특별시 은평구 은평로3가길 32,02-302-7123,02-372-7141,https://ep.kidis.co.kr,0730시0730분~1930시1930분,3,3,3,0,0,204,60,75,69,0,0,54,72,60,0,0,37.5989637981,126.9114650419
서울특별시교육청,서부교육지원청,은평하랑유치원,사립(사인),송지연,송지연,20230210,20230210,서울특별시 은평구 은평로16길 9-1,02-356-6701,02-6925-3652,https://harang.kidsnote.ac,0700시0700분~1900시1900분,2,2,1,0,0,131,40,45,46,0,0,24,22,26,0,0,37.6002580875299,126.930307292442
서울특별시교육청,서부교육지원청,이화여자대학교사범대학부속이화유치원,사립(법인),이화학당,이승연,19140107,19140107,서울특별시 서대문구 이화여대길 52,02-362-6177,02-312-9261,http://www.ewha-kids.com,0900시0900분~1400시1400분,2,2,2,0,0,180,40,50,52,0,0,39,48,52,0,0,37.5650590044826,126.946746328277
서울특별시교육청,서부교육지원청,자연유치원,사립(사인),한주형,김은영,20051205,20190315,서울특별시 은평구 통일로 630-1,02-303-1455,02-303-1494,https://nature.kidsnote.ac,0800시0800분~1830시1830분,3,3,3,0,0,193,60,72,61,0,0,60,72,61,0,0,37.603157439840395,126.93748390433137
서울특별시교육청,서부교육지원청,정님유치원,사립(사인),박원규,박채규,19850216,19850216,서울특별시 마포구 숭문6길 19,02-713-8053,02-713-4817,http://cafe.daum.net/2001jungnim,0800시0800분~1800시1800분,2,2,2,0,0,153,48,52,53,0,0,48,52,53,0,0,37.5500430267,126.9468893164
서울특별시교육청,서부교육지원청,조은유치원,사립(사인),조기조,이주연,20001223,20001223,서울특별시 서대문구 증가로 191,02-309-4415,02-309-4416,http://www.joeun.kg.kr,0800시0800분~1830시1830분,1,2,2,0,0,140,24,46,50,0,0,24,43,45,0,0,37.578064631658,126.916082754829
서울특별시교육청,서부교육지원청,충암유치원,사립(법인),학교법인 충암학원,박진숙,19651109,19730307,서울특별시 서대문구 명지대7길 20,02-372-8678,02-302-6853,http://www.choongam.kg.kr,0800시0800분~1900시1900분,2,2,2,0,0,170,44,52,56,0,0,34,39,46,0,0,37.5841214401,126.9222697987
서울특별시교육청,서부교육지원청,태영유치원,사립(사인),최옥매,서정은,20011120,20011120,서울특별시 마포구 독막로 266,02-3275-7667,02-6356-7668,http://cafe.daum.net/taeyoungkindergarten,0830시0830분~1730시1730분,1,2,1,0,0,120,24,47,49,0,0,24,47,49,0,0,37.5453149087111,126.943276835329
서울특별시교육청,서부교육지원청,한양제일유치원,사립(법인),학교법인인아학원,박진아,19930215,19930215,서울특별시 서대문구 통일로25길 30,02-737-5182,02-737-5183,http://www.hyjikid.net,0700시0700분~1900시1900분,1,1,1,0,0,70,21,23,18,0,0,21,23,18,0,0,37.5832772226944,126.947232533354
서울특별시교육청,서부교육지원청,현대경복유치원,사립(사인),김덕옥,김덕옥,19980301,19980301,서울특별시 서대문구 통일로34길 66,02-396-4271,02-396-4273,http://www.kyung-bok.co.kr,0800시0800분~1800시1800분,1,2,2,0,0,125,25,50,50,0,0,23,47,43,0,0,37.5863198285751,126.95155699303
서울특별시교육청,서부교육지원청,홍익대학교사범대학부속유치원,사립(법인),학교법인홍익학원,김용순,19851109,19860301,서울특별시 마포구 성미산로 111,02-3140-1107,02-3140-1106,http://www.hiuk.kg.kr,0900시0900분~1400시1400분,3,2,2,0,0,203,54,52,60,0,0,54,49,46,0,0,37.5635105202255,126.919165811083
서울특별시교육청,서부교육지원청,홍제성당유치원,사립(법인),정순택,이해숙,19830222,19830222,서울특별시 서대문구 통일로40길 18,02-396-7704, ,http://www.hjkids.co.kr,0800시0800분~1800시1800분,1,1,1,0,0,110,24,28,28,0,0,22,24,16,0,0,37.5901207718506,126.943656852305
서울특별시교육청,서부교육지원청,효림유치원,사립(사인),김영자,조진영,20011004,20011004,서울특별시 은평구 은평터널로 65,02-308-5176,02-308-5175,https://hyorim.kidsnote.ac,0730시0730분~1900시1900분,2,2,2,0,0,130,38,46,46,0,0,38,46,46,0,0,37.5863234520372,126.898988349411
서울특별시교육청,성동광진교육지원청,경동유치원,사립(사인),김경신,김경신,20001201,20001201,서울특별시 성동구 금호로 100,02-2298-2277,02-2298-2214,http://www.kdongkid.com,0830시0830분~1700시1700분,0,3,3,0,0,200,0,78,81,0,0,0,78,81,0,0,37.549735305582075,127.02839868665268
서울특별시교육청,성동광진교육지원청,광남유치원,사립(사인),목원균,조미선,19910209,19910209,서울특별시 광진구 아차산로70길 40,02-455-6774,02-455-7425,http://광남유치원.kr,0800시0800분~1900시1900분,2,2,2,0,0,180,44,52,56,0,0,44,52,56,0,0,37.5416265814375,127.100697948967
서울특별시교육청,성동광진교육지원청,대원유치원,사립(사인),백나혜,백나혜,20140211,20140211,서울특별시 광진구 뚝섬로41길 20,02-458-0820,02-446-7677,http://daewon.kidis.co.kr/,0700시0700분~2000시2000분,1,1,1,0,0,56,15,21,20,0,0,5,20,7,0,0,37.5345780783195,127.075653442717
서울특별시교육청,성동광진교육지원청,동심유치원,사립(사인),권명희,권명희,19970120,19970120,서울특별시 광진구 군자로12길 46,02-499-6101,02-499-6102,http://dongsim.kidis.co.kr,0900시0900분~1800시1800분,0,0,1,1,0,80,0,0,25,25,0,0,0,4,9,0,37.5517110728564,127.07267224202
서울특별시교육청,성동광진교육지원청,로사유치원,사립(법인),천주교서울대교구유지재단,김연주,19711029,19720310,서울특별시 성동구 성덕정길 23,02-497-2547,02-497-2548, ,0900시0900분~1700시1700분,1,1,1,0,0,110,22,26,30,0,0,21,17,28,0,0,37.5394822745,127.0462978588
서울특별시교육청,성동광진교육지원청,미타유치원,사립(사인),최성현,조미형,19910301,19910301,서울특별시 성동구 독서당로40길 21,02-2281-7982,02-2297-7905,http://www.mitakids.net,0930시0930분~1730시1730분,2,2,1,0,0,140,60,50,40,0,0,50,46,40,0,0,37.5439860806415,127.017582093315
서울특별시교육청,성동광진교육지원청,보성유치원,사립(사인),김문자,박도영,19970409,19970409,서울특별시 광진구 아차산로 552,02-453-9712,02-453-9730,http://www.bosungkid.co.kr,0730시0730분~1930시1930분,2,1,1,0,0,140,30,29,30,0,0,27,28,29,0,0,37.5436567301031,127.104250290998
서울특별시교육청,성동광진교육지원청,서울경동유치원,공립(단설),김태희,김태희,20071101,20080312,서울특별시 성동구 성수일로 34,02-461-0337,02-461-1676,http://skd.sen.kg.kr,0700시0700분~1930시1930분,2,2,2,0,1,104,28,34,38,0,4,28,34,38,0,4,37.5434765236,127.0501599105
서울특별시교육청,성동광진교육지원청,서울경수초등학교병설유치원,공립(병설),김상근,김상근,20040301,20040301,서울특별시 성동구 뚝섬로13길 22,02-465-9547,02-465-9548,https://ks.sen.es.kr,0730시0730분~2000시2000분,1,1,1,0,0,52,14,18,20,0,0,3,5,9,0,0,37.5403552537,127.0583088893
서울특별시교육청,성동광진교육지원청,서울경일초등학교병설유치원,공립(병설),김현아,김현아,20170301,20170310,서울특별시 성동구 뚝섬로 332,02-2086-6363,02-2086-6364,https://kyongil.sen.es.kr/,0730시0730분~1930시1930분,1,1,1,0,0,62,14,18,20,0,0,14,9,13,0,0,37.5406808899,127.0471891409
서울특별시교육청,성동광진교육지원청,서울구의초등학교병설유치원,공립(병설),임성훈,임성훈,19970302,19970302,서울특별시 광진구 광나루로30길 49,02-453-2123,02-453-2126,https://guui.sen.es.kr/,0700시0700분~1910시1910분,1,1,1,0,1,52,14,18,20,0,4,12,17,19,0,4,37.5430079682,127.0803119171
서울특별시교육청,성동광진교육지원청,서울금호초등학교병설유치원,공립(병설),조병래,조병래,20180301,20180301,서울특별시 성동구 무수막길 69,02-6491-3200,02-6491-3216,http://geumho.sen.es.kr/,0700시0700분~1900시1900분,1,1,1,0,1,56,14,18,20,0,4,8,17,8,0,3,37.5518983915,127.0207550097
서울특별시교육청,성동광진교육지원청,서울동명초등학교병설유치원,공립(병설),김창준,김창준,20150306,20150306,서울특별시 성동구 마장로29길 29,02-2299-6119,02-2299-6121,http://dgmg.sen.es.kr/index.do,0730시0730분~1930시1930분,1,1,1,0,0,52,14,18,20,0,0,2,8,7,0,0,37.5688313645,127.035685017
서울특별시교육청,성동광진교육지원청,서울마장초등학교병설유치원,공립(병설),한승환,한승환,20050301,20050301,서울특별시 성동구 마장로35나길 31,02-2282-2831, ,https://majang.sen.es.kr,0730시0730분~1930시1930분,1,1,1,0,0,52,14,18,20,0,0,10,15,8,0,0,37.5683103115488,127.04212793566
서울특별시교육청,성동광진교육지원청,서울무학초등학교병설유치원,공립(병설),이충원,이충원,20210205,20210301,서울특별시 성동구 무학봉15길 21,02-2290-3206,02-2298-5013,https://muhag.sen.es.kr/index.do,0730시0730분~1930시1930분,1,1,1,0,0,56,14,18,20,0,0,6,9,9,0,0,37.5632724879,127.029637543
서울특별시교육청,성동광진교육지원청,서울사근초등학교병설유치원,공립(병설),한기현,한기현,19990117,19990317,서울특별시 성동구 사근동11길 16,02-2296-9546,02-2296-9656,https://sageun.sen.es.kr/,0730시0730분~1930시1930분,1,1,1,0,1,56,14,18,20,0,4,7,9,13,0,4,37.5629651394831,127.047762639548
서울특별시교육청,성동광진교육지원청,서울성수초등학교병설유치원,공립(병설),한윤실,한윤실,20120302,20120302,서울특별시 성동구 아차산로17길 21,02-463-1186,02-463-1187,https://sungsu.sen.es.kr,0700시0700분~1930시1930분,1,1,1,0,0,52,14,18,20,0,0,5,5,9,0,0,37.5443140462,127.063168117
서울특별시교육청,성동광진교육지원청,서울송원초등학교병설유치원,공립(병설),이동미,이동미,20081231,20090301,서울특별시 성동구 동일로43길 9,02-469-5012,02-469-5013,ssw.sen.es.kr,0730시0730분~1930시1930분,1,1,1,0,0,52,14,18,20,0,0,3,4,6,0,0,37.5541594351,127.0695263714
서울특별시교육청,성동광진교육지원청,서울숭신초등학교병설유치원,공립(병설),전학기,전학기,19960302,19960403,서울특별시 성동구 마장로 161,02-2253-2901,02-2253-2905,https://soongshin.sen.es.kr/,0730시0730분~1930시1930분,1,1,1,0,1,52,14,16,18,0,4,14,16,17,0,4,37.5678170701,127.0278879673
서울특별시교육청,성동광진교육지원청,서울신양초등학교병설유치원,공립(병설),손중진,손중진,20210301,20210301,서울특별시 광진구 능동로 42,02-447-2582,02-447-2585,http://sinyang.sen.es.kr/,0700시0700분~1900시1900분,1,1,1,0,0,52,14,18,20,0,0,7,12,12,0,0,37.5346757946,127.0699839563
서울특별시교육청,성동광진교육지원청,서울신자초등학교병설유치원,공립(병설),안혜경,안혜경,19970301,19970317,서울특별시 광진구 뚝섬로46길 64,02-450-5690,02-450-5679,http://sinja.sen.es.kr,0730시0730분~1930시1930분,1,1,1,0,0,52,14,18,20,0,0,9,10,13,0,0,37.5302450263546,127.075587448265
서울특별시교육청,성동광진교육지원청,서울양남초등학교병설유치원,공립(병설),유태호,유태호,19980106,19980313,서울특별시 광진구 뚝섬로64길 71,02-6222-0583,02-452-8109,http://s-yangnam.sen.es.kr,0730시0730분~2000시2000분,1,2,1,0,1,70,13,35,18,0,4,13,34,17,0,4,37.5310601858,127.0897099675
서울특별시교육청,성동광진교육지원청,서울양진초등학교병설유치원,공립(병설),김재석,김재석,20050301,20050301,서울특별시 광진구 워커힐로 32,02-454-9138,02-454-9958,https://yjs.sen.es.kr/,0710시0710분~1930시1930분,1,1,1,0,0,52,14,18,20,0,0,14,18,20,0,0,37.5445749292278,127.098311331993
서울특별시교육청,성동광진교육지원청,서울옥수초등학교병설유치원,공립(병설),오지영,오지영,19960116,19960318,서울특별시 성동구 금호로1길 25,02-2299-4115,02-2299-9421,https://oksu.sen.es.kr/39794/subMenu.do,0700시0700분~1900시1900분,1,1,1,0,0,52,14,18,20,0,0,12,18,20,0,0,37.5461397725,127.0218819484
서울특별시교육청,성동광진교육지원청,서울옥정초등학교병설유치원,공립(병설),정정숙,정정숙,19850311,19850311,서울특별시 성동구 한림말길 43,02-2294-6317,02-2298-1911,https://okjeong.sen.es.kr/,0700시0700분~1900시1900분,1,1,1,0,0,52,14,18,20,0,0,10,10,16,0,0,37.5418664064615,127.015235592803
서울특별시교육청,성동광진교육지원청,서울용곡초등학교병설유치원,공립(병설),최은자,최은자,20210301,20210301,서울특별시 광진구 용마산로22길 82,02-6956-7233,02-6956-7234,http://yonggok.sen.es.kr,0710시0710분~1910시1910분,1,1,1,0,0,52,14,18,20,0,0,5,8,15,0,0,37.5671083542,127.0884417779
서울특별시교육청,성동광진교육지원청,서울용답초등학교병설유치원,공립(병설),심병주,심병주,20140301,20140527,서울특별시 성동구 용답25길 1,02-2245-8985,02-2245-8987,https://yd.sen.es.kr/46384/subMenu.do,0700시0700분~2000시2000분,1,1,1,0,1,53,14,18,20,0,1,2,4,4,0,1,37.5609036792524,127.053358521632
서울특별시교육청,성동광진교육지원청,서울자양초등학교병설유치원,공립(병설),최은실,최은실,19870302,19870302,서울특별시 광진구 아차산로44길 26,02-455-8051, ,https://jayang.sen.es.kr/177783/subMenu.do,0730시0730분~1930시1930분,2,1,1,0,0,66,28,18,20,0,0,20,16,19,0,0,37.5369893973015,127.079740763366
서울특별시교육청,성동광진교육지원청,서울중광초등학교병설유치원,공립(병설),조병후,조병후,20161229,20170301,서울특별시 광진구 긴고랑로13길 59,02-466-9691,02-466-9694,http://jkschool.sen.es.kr,0700시0700분~1900시1900분,1,1,1,0,1,52,14,18,20,0,4,6,11,19,0,0,37.5652401446019,127.082692494206
서울특별시교육청,성동광진교육지원청,선경유치원,사립(법인),성현정,성현정,19680308,19680308,서울특별시 광진구 뚝섬로66길 14,02-447-0852,02-3436-9442,http://www.sk-kinder.net,0830시0830분~1800시1800분,2,2,2,0,0,218,48,52,58,0,0,42,49,46,0,0,37.5333967624759,127.089785564542
서울특별시교육청,성동광진교육지원청,선양유치원,사립(사인),서미연,서미연,19860226,19860226,서울특별시 광진구 동일로 256-1,02-466-6193,02-462-4455, ,0800시0800분~2000시2000분,2,3,2,0,0,170,44,60,50,0,0,43,48,48,0,0,37.5541306321,127.0712715326
서울특별시교육청,성동광진교육지원청,선화유치원,사립(법인),학교법인 선학학원,정유리,19980307,19980307,서울특별시 광진구 천호대로130길 58,02-2204-1050~2,02-2204-1059,http://www.sunhwakids.co.kr,0800시0800분~1830시1830분,2,1,2,0,0,140,48,26,52,0,0,48,26,43,0,0,37.549814414677,127.086793934857
서울특별시교육청,성동광진교육지원청,성산유치원,사립(법인),대한예수교장로회고신총회유지재단,조은영,19840310,19840310,서울특별시 광진구 뚝섬로59길 18,02-455-0581, ,https://bit.ly/3IuoU6C,0730시0730분~1930시1930분,1,1,1,0,0,64,18,20,22,0,0,11,12,10,0,0,37.5329075416797,127.084177157249
서울특별시교육청,성동광진교육지원청,성심유치원,사립(법인),정순택,김선희,19661116,19661116,서울특별시 성동구 무학로10길 21,02-2293-0621,02-2291-7509, ,0900시0900분~1800시1800분,1,1,1,0,0,100,22,25,25,0,0,22,24,23,0,0,37.5661516286216,127.033620298781
서울특별시교육청,성동광진교육지원청,세성유치원,사립(사인),전재향,김혜인,19910901,19910901,서울특별시 성동구 독서당로 434,02-2296-6107,02-2296-6108, ,0700시0700분~2000시2000분,0,0,1,1,0,60,0,0,24,36,0,0,0,7,13,0,37.553860736643,127.03405489116
서울특별시교육청,성동광진교육지원청,세인유치원,사립(사인),장준석,장준석,19870302,19870302,서울특별시 성동구 마장로42길 26,02-2295-3551,02-2292-4085,http://www.seinkid.co.kr,0900시0900분~1800시1800분,0,1,1,0,0,90,0,30,30,0,0,0,1,1,0,0,37.5652500783984,127.046525256594
서울특별시교육청,성동광진교육지원청,슬기유치원,사립(사인),이명희,김영신,19850301,19850301,서울특별시 광진구 자양로 296,02-446-0581,02-444-1017,http://슬기유치원.com/,0700시0700분~2000시2000분,1,1,1,0,0,100,15,20,25,0,0,7,10,19,0,0,37.5520509191367,127.092571627461
서울특별시교육청,성동광진교육지원청,아이들세상유치원,사립(사인),최영자,임혜원,20001212,20001212,서울특별시 성동구 독서당로 272,02-2299-8955,02-2299-8956,http://www.kids-world.or.kr,0820시0820분~1800시1800분,2,2,1,0,0,140,48,52,31,0,0,38,40,28,0,0,37.5457606479275,127.020189155372
서울특별시교육청,성동광진교육지원청,어린이회관유치원,사립(법인),조수연,장은희,19820305,19820305,서울특별시 광진구 광나루로 441,02-2204-6001,02-2204-6116,https://www.yookyoung.kr/,0850시0850분~1830시1830분,4,4,4,0,0,440,89,100,104,0,0,89,100,97,0,0,37.5470049522648,127.078142800906
서울특별시교육청,성동광진교육지원청,에덴유치원,사립(사인),정신일,이상아,19990610,19990610,서울특별시 성동구 행당로 79,02-2292-2779,02-2282-0110,http://www.edenkid.com,0830시0830분~1730시1730분,2,2,2,0,0,140,42,55,43,0,0,42,55,43,0,0,37.5575317347257,127.026302674911
서울특별시교육청,성동광진교육지원청,영화유치원,사립(사인),성일원,김영희,19850726,19850726,서울특별시 광진구 영화사로 105,02-453-5149,02-447-6066,http://www.younghwau.com/,0730시0730분~1930시1930분,1,1,1,0,0,110,15,24,26,0,0,10,24,24,0,0,37.5540506366267,127.09771704135
서울특별시교육청,성동광진교육지원청,옥수삼성유치원,사립(사인),구자흡,구은영(직무대리),20010706,20020302,서울특별시 성동구 독서당로 218,02-2293-5657,02-2293-5658,http://oksu-samsung.co.kr,0800시0800분~1900시1900분,2,1,1,0,0,120,60,30,30,0,0,25,28,27,0,0,37.5426248397851,127.015551825377
서울특별시교육청,성동광진교육지원청,옥수예일유치원,사립(사인),조영숙,조영숙,20100301,20100301,서울특별시 성동구 독서당로 191,02-2297-0432,02-2297-0435,http://cafe.naver.com/yale4846,0800시0800분~1800시1800분,2,2,2,0,0,170,48,60,62,0,0,43,35,53,0,0,37.5433740948162,127.012760236058
서울특별시교육청,성동광진교육지원청,율화유치원,사립(사인),박옥순,이연,20031128,20031128,서울특별시 성동구 고산자로2길 35,02-2296-2577,02-2296-2599,http://www.yulhwa.co.kr,0830시0830분~1730시1730분,2,1,1,0,0,150,40,28,28,0,0,33,28,29,0,0,37.5536534564119,127.038422769848
서울특별시교육청,성동광진교육지원청,인애유치원,사립(법인),최영숙,최영숙,19780314,19780314,서울특별시 광진구 능동로4길 13,02-457-6109,02-457-7152,http://www.inaepreschool.org/,0900시0900분~1800시1800분,0,0,0,2,0,80,0,0,0,74,0,0,0,0,61,0,37.5337915017266,127.068455121668
서울특별시교육청,성동광진교육지원청,조은유치원,사립(사인),김태현,진보경,19981125,19981125,서울특별시 성동구 살곶이길 50,02-2282-2777,02-2282-2778, ,0830시0830분~1800시1800분,1,2,1,0,0,120,30,60,30,0,0,11,19,12,0,0,37.5696275040008,127.041524043963
서울특별시교육청,성동광진교육지원청,청구이화유치원,사립(사인),이미애,이미애,19960326,19960326,서울특별시 광진구 아차산로 503-23,02-458-5981, ,http://ewkids.kidis.co.kr/,0800시0800분~1900시1900분,3,2,1,0,0,150,57,54,28,0,0,57,54,28,0,0,37.5431613917395,127.095607792089
서울특별시교육청,성동광진교육지원청,프라임유치원,사립(사인),최을재,신윤정,19970305,19970305,서울특별시 광진구 광나루로56길 5,02-453-0671,02-453-8120,http://www.primekid.co.kr,0800시0800분~1900시1900분,3,3,2,0,0,310,60,72,78,0,0,59,67,76,0,0,37.5387829861189,127.098358704502
서울특별시교육청,성동광진교육지원청,한양여자대학교부속유치원,사립(법인),안혜준,안혜준,19990301,19990301,서울특별시 성동구 살곶이길 200,02-2290-2100,02-2290-2109, ,0800시0800분~1800시1800분,2,1,1,0,0,158,30,34,29,0,0,28,19,17,0,0,37.5589078043,127.0494876799
서울특별시교육청,성동광진교육지원청,한일유치원,사립(사인),장봉석,장봉석,19900901,19900901,서울특별시 광진구 뚝섬로35길 16-20,02-454-0002, ,http://hanil90.co.kr,0900시0900분~1700시1700분,1,1,1,0,0,100,25,28,28,0,0,25,24,24,0,0,37.5351706695722,127.071520903798
서울특별시교육청,성북강북교육지원청,개동유치원,사립(법인),예수교대한 성결교회 유지재단,임지혜,19991228,19991228,서울특별시 성북구 보국문로 143,02-915-5721,02-917-8758,http://kaedong.kidswon.com,0700시0700분~2000시2000분,0,0,0,1,0,175,0,0,0,25,0,0,0,0,25,0,37.6160915429161,127.00507250761
서울특별시교육청,성북강북교육지원청,길물빛유치원,사립(사인),이선아,유진희,19911223,19911223,서울특별시 강북구 인수봉로 260,02-902-7775,02-902-7774, ,0730시0730분~2000시2000분,1,1,1,0,0,77,20,27,30,0,0,16,21,23,0,0,37.6419571295291,127.011096936007
서울특별시교육청,성북강북교육지원청,꿈동산유치원,사립(사인),고백희,임우영,19880413,19880502,서울특별시 강북구 한천로115길 15,02-986-0577,02-985-3869, ,0730시0730분~1930시1930분,1,1,1,0,0,60,19,21,20,0,0,18,21,19,0,0,37.6321576245541,127.038354144195
서울특별시교육청,성북강북교육지원청,나래유치원,사립(사인),박지현,박지현,19850318,19810318,서울특별시 성북구 삼양로 73,02-913-3654,02-912-3368,http://www.naraekids.com,0700시0700분~2000시2000분,2,1,1,0,0,85,40,22,23,0,0,40,16,23,0,0,37.6095364159,127.0226510533
서울특별시교육청,성북강북교육지원청,덕수유치원,사립(법인),김만준,안혜진,19851201,19851228,서울특별시 성북구 성북로 127,02-3675-5164,02-3675-5165,http://www.ducksoo-i.net,0700시0700분~2000시2000분,2,2,1,0,0,120,40,40,25,0,0,38,35,24,0,0,37.594000626307,126.995298713081
서울특별시교육청,성북강북교육지원청,동덕여자대학교부속유치원,사립(법인),학교법인 동덕학원,유혜자,19820423,19830304,서울특별시 성북구 장월로1가길 9,02-912-3031,02-919-4013,http://dongdukchild.co.kr/,0800시0800분~1800시1800분,1,2,2,0,0,160,25,56,60,0,0,25,56,60,0,0,37.6062525227,127.0440048925
서울특별시교육청,성북강북교육지원청,동선유치원,사립(법인),한국기독교 장로회,이정림,19850304,19850304,서울특별시 성북구 보문로 98,02-926-3704,02-926-3704,http://dongsun.kidis.co.kr,0700시0700분~2000시2000분,0,0,1,1,0,70,0,0,12,14,0,0,0,6,6,0,37.5840308733802,127.020378327034
서울특별시교육청,성북강북교육지원청,두산효자유치원,사립(사인),석성환,이효자,20030308,20030308,서울특별시 성북구 화랑로48길 16,02-963-8334,02-963-8336,http://www.dshyojak.com,0730시0730분~1930시1930분,1,2,1,0,0,120,24,40,30,0,0,18,30,28,0,0,37.6121100163,127.0693491397
서울특별시교육청,성북강북교육지원청,루이유치원,사립(법인),정은미,이기쁨,20120831,20120911,서울특별시 성북구 서경로6길 13,02-919-5959,02-919-5956,http://www.lui.or.kr,0730시0730분~2000시2000분,2,2,0,0,0,100,40,60,0,0,0,26,47,0,0,0,37.6071430575557,127.016384241933
서울특별시교육청,성북강북교육지원청,반디유치원,사립(사인),조철호,안애숙,19960110,19960303,서울특별시 성북구 성북로4길 52,02-929-1228,02-928-1229,http://www.bandykindergarten.co.kr/,0700시0700분~2000시2000분,1,1,1,0,0,90,33,30,27,0,0,33,30,27,0,0,37.5938826542989,127.008735813293
서울특별시교육청,성북강북교육지원청,사랑유치원,사립(사인),송종석,황경선,19721204,19721204,서울특별시 성북구 월곡로7길 72,02-913-4114,02-919-8080, ,0700시0700분~2000시2000분,1,2,2,0,0,190,48,56,60,0,0,46,51,59,0,0,37.5998714272654,127.036476403523
서울특별시교육청,성북강북교육지원청,새삼선유치원,사립(법인),이상일,김현주,20010901,20010301,서울특별시 성북구 성북로6가길 28,02-745-9415,02-745-9416,http://www.ssskid.co.kr,0730시0730분~1930시1930분,1,1,1,0,0,90,20,24,20,0,0,20,23,17,0,0,37.5899655861206,127.006016479171
서울특별시교육청,성북강북교육지원청,새싹유치원,사립(법인),학교법인 은실학원,유청옥,19641007,19641007,서울특별시 성북구 정릉로 282,02-914-6529,02-919-7962,http://www.saessakid.co.kr,0730시0730분~1930시1930분,1,2,1,0,0,180,20,44,28,0,0,11,34,25,0,0,37.6031272233313,127.014541638149
서울특별시교육청,성북강북교육지원청,서울길원초등학교병설유치원,공립(병설),고흔석,고흔석,20260301,20070517,서울특별시 성북구 길음로15길 55,02-914-2410,02-914-2411,http://www.gilwon.es.kr,0730시0730분~1930시1930분,1,1,2,0,0,72,14,18,40,0,0,11,13,25,0,0,37.6090646167,127.016799503
서울특별시교육청,성북강북교육지원청,서울길음유치원,공립(단설),이정인,이정인,20051005,20051005,서울특별시 성북구 길음로 142,02-918-9931,02-913-9930,http://www.gileum.net,0730시0730분~1930시1930분,2,2,2,0,0,104,28,36,40,0,0,28,36,40,0,0,37.6136383737631,127.016665101703
서울특별시교육청,성북강북교육지원청,서울돈암초등학교병설유치원,공립(병설),김철,김철,20060301,20060306,서울특별시 성북구 동소문로13길 38,02-926-2357,02-926-2337,https://donam.sen.es.kr/97257/subMenu.do,0730시0730분~1930시1930분,1,1,1,0,0,52,14,18,20,0,0,13,17,15,0,0,37.5937441124283,127.012542455851
서울특별시교육청,성북강북교육지원청,서울동신초등학교병설유치원,공립(병설),신명애,신명애,20051229,20051229,서울특별시 성북구 보문사길 50,02-929-8475,02-929-8476,https://dongsin.sen.es.kr/38859/subMenu.do,0700시0700분~1900시1900분,1,1,1,0,0,52,14,18,20,0,0,4,6,6,0,0,37.5831267419,127.0168221158
서울특별시교육청,성북강북교육지원청,서울미양초등학교병설유치원,공립(병설),이은희,이은희,19920115,19920115,서울특별시 강북구 솔샘로 195,02-987-4195,02-945-2813,http://mi-yang.sen.es.kr,0730시0730분~1930시1930분,1,2,2,0,1,90,14,34,38,0,4,14,16,15,0,4,37.6212315886,127.0136725294
서울특별시교육청,성북강북교육지원청,서울번동초등학교병설유치원,공립(병설),권준범,권준범,20160301,20160308,서울특별시 강북구 오현로 204,02-987-1866,02-987-1868,http://beondong.sen.es.kr,0730시0730분~1930시1930분,1,1,1,0,0,52,14,18,20,0,0,9,4,10,0,0,37.6292996143,127.0406985938
서울특별시교육청,성북강북교육지원청,서울베네딕도유치원,사립(법인),김옥주,김희진,20060322,20060322,서울특별시 성북구 아리랑로16길 52,02-6922-5900,02-925-9878,https://cafe.naver.com/benedictine,0900시0900분~1800시1800분,2,2,3,0,0,196,46,51,68,0,0,46,51,68,0,0,37.5994936432976,127.016232680162
서울특별시교육청,성북강북교육지원청,서울삼선초등학교병설유치원,공립(병설),김수은,김수은,19960122,19960301,서울특별시 성북구 보문로29길 106,02-745-7116,02-745-7121,https://samsun.sen.es.kr/,0730시0730분~1930시1930분,1,1,1,0,1,112,14,18,20,0,4,8,11,7,0,1,37.5858101574,127.01202856
서울특별시교육청,성북강북교육지원청,서울석관초등학교병설유치원,공립(병설),임현자,임현자,19711203,20090513,서울특별시 성북구 돌곶이로22길 21,02-959-1396,02-959-1397,https://seokgwan.sen.es.kr/,0700시0700분~1930시1930분,1,2,1,0,1,70,14,33,19,0,4,14,22,19,0,2,37.6110229275,127.0583558239
서울특별시교육청,성북강북교육지원청,서울성북초등학교병설유치원,공립(병설),남수극,남수극,19850215,19850311,서울특별시 성북구 성북로 102-10,02-743-4419,02-766-5966,https://blog.naver.com/sungbuk1111,0730시0730분~1930시1930분,1,1,1,0,1,56,14,18,20,0,4,8,10,9,0,3,37.5940659459,126.9987821886
서울특별시교육청,성북강북교육지원청,서울송천초등학교병설유치원,공립(병설),배민정,배민정,20180301,20180301,서울특별시 강북구 삼양로20길 29,02-982-3334,02-982-3353,http://song-cheon.kg.kr,0730시0730분~1930시1930분,1,1,1,0,0,52,14,18,20,0,0,7,13,7,0,0,37.6149060968,127.0237354802
서울특별시교육청,성북강북교육지원청,서울수송초등학교병설유치원,공립(병설),강은모,강은모,20210301,20210301,서울특별시 강북구 한천로124길 14,02-6930-5813,02-6930-5814,https://soosong.sen.es.kr/,0730시0730분~1930시1930분,1,1,1,0,1,52,13,18,19,0,2,4,13,10,0,2,37.6373239671113,127.033206683842
서울특별시교육청,성북강북교육지원청,서울수유초등학교병설유치원,공립(병설),고영미,고영미,20051229,20060309,서울특별시 강북구 삼양로74길 39,02-988-4612,02-989-6698,http://suyu.sen.es.kr,0730시0730분~1930시1930분,1,1,1,0,1,56,14,18,20,0,4,7,2,10,0,0,37.630748451277,127.020185120591
서울특별시교육청,성북강북교육지원청,서울숭곡초등학교병설유치원,공립(병설),장인영,장인영,20001125,20001125,서울특별시 성북구 종암로40길 30,02-912-5188,02-912-5189,http://www.soonggok.es.kr,0730시0730분~1930시1930분,1,2,1,0,0,70,14,36,20,0,0,9,16,14,0,0,37.607794998132,127.032329397423
서울특별시교육청,성북강북교육지원청,서울숭례초등학교병설유치원,공립(병설),황기봉,황기봉,20020301,20020301,서울특별시 성북구 종암로5길 14,02-953-0995,02-927-0267,https://sungrye.sen.es.kr/210092/subMenu.do,0700시0700분~1900시1900분,2,2,2,0,1,72,28,36,40,0,4,11,27,22,0,4,37.5950625591,127.0348225881
서울특별시교육청,성북강북교육지원청,서울우이유치원,공립(단설),황지현,황지현,20201231,20210301,서울특별시 강북구 삼양로99길 36,02-994-8522,02-994-8525,http://www.서울우이유치원.kr,0730시0730분~1930시1930분,2,2,2,0,3,116,28,36,40,0,12,18,24,37,0,0,37.6386546815398,127.014808238461
서울특별시교육청,성북강북교육지원청,서울장곡초등학교병설유치원,공립(병설),김귀자,김귀자,20140301,20140306,서울특별시 성북구 장월로23길 16,02-919-9128,02-919-9101,http://www.janggokcho.es.kr,0730시0730분~1930시1930분,2,1,1,0,0,66,28,18,20,0,0,14,13,20,0,0,37.6168304138519,127.048154667555
서울특별시교육청,성북강북교육지원청,서울장월초등학교병설유치원,공립(병설),한미라,한미라,20070509,20071031,서울특별시 성북구 한천로101길 66,02-914-6122,02-914-6123,http://www.jangwol.es.kr/,0700시0700분~1900시1900분,2,1,1,0,0,66,28,18,20,0,0,24,18,15,0,0,37.6219408619,127.0471733359
서울특별시교육청,성북강북교육지원청,서울장위초등학교병설유치원,공립(병설),김경애,김경애,20181125,20190301,서울특별시 성북구 장월로8가길 41,02-6925-4560, ,https://jangwicho.sen.es.kr,0700시0700분~2000시2000분,1,1,1,0,1,52,14,17,17,0,4,14,12,14,0,4,37.6114425067997,127.050006419755
서울특별시교육청,성북강북교육지원청,서울정덕초등학교병설유치원,공립(병설),안세원,안세원,20001125,20010308,서울특별시 성북구 아리랑로 63,02-924-0423,02-924-0426,https://jeongdeok.sen.es.kr,0730시0730분~1930시1930분,1,1,1,0,0,52,14,18,20,0,0,14,18,20,0,0,37.5982205709,127.0132912763
서울특별시교육청,성북강북교육지원청,서울좋은소리유치원,공립(단설),지정미,지정미,20190711,20190901,서울특별시 성북구 길음로13길 29,02-915-9300,02-915-9308,https://joeunsorikd.sen.kg.kr/,0730시0730분~1930시1930분,1,1,2,0,1,67,14,17,36,0,2,14,17,34,0,2,37.6083860735,127.0188294174
서울특별시교육청,성북강북교육지원청,서울좋은소리유치원분원,공립(단설),지정미,지정미,20201231,20210301,서울특별시 성북구 숭인로 50,02-6221-7800,02-6225-7800,http://joeunsorikd.sen.kg.kr,0730시0730분~1930시1930분,1,1,1,0,1,56,14,18,20,0,4,14,17,16,0,2,37.610661005176496,127.02625296603499
서울특별시교육청,성북강북교육지원청,서울청덕초등학교병설유치원,공립(병설),김재상,김재상,19860210,19860310,서울특별시 성북구 정릉로9라길 11,02-919-8685,02-919-8688,http://cheongdeok.sen.es.kr/,0730시0730분~1930시1930분,1,1,1,0,0,56,14,18,20,0,0,6,14,17,0,0,37.6120335702,127.0003343196
서울특별시교육청,성북강북교육지원청,서울화계초등학교병설유치원,공립(병설),어제우,어제우,20111027,20120307,서울특별시 강북구 솔매로50가길 25,02-945-6936,02-945-6239,https://hwagye.sen.es.kr/,0730시0730분~1930시1930분,2,1,2,0,0,86,28,18,40,0,0,20,10,26,0,0,37.6236858986,127.0287685812
서울특별시교육청,성북강북교육지원청,선한유치원,사립(법인),정순택,김정화,19870131,19870302,서울특별시 성북구 길음로9길 73,02-919-2226,02-909-1259,http://cafe.daum.net/seonhan1987,0730시0730분~2000시2000분,1,1,1,0,0,90,24,26,27,0,0,24,26,24,0,0,37.6040058238566,127.020664980479
서울특별시교육청,성북강북교육지원청,성신유치원,사립(법인),전홍주,전홍주,19831116,19840428,서울특별시 성북구 보문로34다길 2,02-920-7384,02-927-7362,http://www.sskid.or.kr,0800시0800분~1800시1800분,2,2,1,0,0,180,32,44,26,0,0,28,33,25,0,0,37.5923548197266,127.021939738412
서울특별시교육청,성북강북교육지원청,성실유치원,사립(사인),김형수,김제면,19820713,19820713,서울특별시 강북구 삼각산로 143-1,02-905-8700,02-991-5436,http://www.성실유치원.kr,0700시0700분~2000시2000분,2,2,2,0,0,120,36,48,36,0,0,19,39,34,0,0,37.6426574082,127.0196396039
서울특별시교육청,성북강북교육지원청,성체유치원,사립(법인),김갑숙,김갑숙,19731123,19731123,서울특별시 강북구 삼각산로 161,02-993-7411,02-998-2332,https://cafe.naver.com/sungche1973,0700시0700분~2000시2000분,2,2,1,0,0,120,36,44,26,0,0,18,29,21,0,0,37.6422162278923,127.021308677784
서울특별시교육청,성북강북교육지원청,솔샘유치원,사립(사인),이경미,이경미,20021023,20021023,서울특별시 강북구 솔샘로 159,02-984-1616,02-984-6053, ,0700시0700분~2000시2000분,5,4,3,0,0,390,90,80,70,0,0,81,75,67,0,0,37.6217103109792,127.010429875791
서울특별시교육청,성북강북교육지원청,신암유치원,사립(사인),김요섭,안소영,19650210,19640601,서울특별시 성북구 보문로27길 15,02-928-6004,02-921-7556,http://www.shinam.net,0700시0700분~2000시2000분,1,1,1,0,0,84,24,30,30,0,0,24,30,29,0,0,37.5867676012784,127.017342254352
서울특별시교육청,성북강북교육지원청,아랑유치원,사립(사인),정혜숙,이정현,20051011,20051011,서울특별시 성북구 북악산로 844,02-927-1636,02-927-1638,http://www.arang.kg.kr,0730시0730분~1930시1930분,2,3,2,0,0,190,52,72,66,0,0,47,67,64,0,0,37.5989943847844,127.017574811165
서울특별시교육청,성북강북교육지원청,영광유치원,사립(사인),왕기은,이수연(직무대리),19990119,19990119,서울특별시 성북구 북악산로 913,02-923-5900,02-923-5920,http://cafe.daum.net/ykkindergarten,0700시0700분~2000시2000분,2,2,2,0,0,154,43,48,40,0,0,19,39,29,0,0,37.5953320974168,127.023980879428
서울특별시교육청,성북강북교육지원청,영암유치원,사립(법인),서울노회유지재단,이선미,19870228,19870228,서울특별시 성북구 안암로7길 66,02-922-4773,02-922-4773,https://myoungahmolw.zaemit.com/,0800시0800분~2000시2000분,1,1,1,0,0,98,24,26,28,0,0,24,25,30,0,0,37.5823649472984,127.023434872384
서울특별시교육청,성북강북교육지원청,영재유치원,사립(사인),송진영 송나영 이정민,김지은,19851210,19851210,서울특별시 성북구 종암로15길 1,02-925-4114,02-925-5666,https://cafe.naver.com/yjua,0700시0700분~2200시2200분,1,2,1,0,0,93,22,32,22,0,0,13,23,17,0,0,37.5974319761243,127.034767509331
서울특별시교육청,성북강북교육지원청,영천유치원,사립(법인),이정선,이정선,19851220,19851220,서울특별시 성북구 장위로 34,02-941-6776,02-915-5131,http://www.youngchun.co.kr,0700시0700분~1900시1900분,1,1,1,0,0,62,18,22,22,0,0,18,18,22,0,0,37.6141319094416,127.04048110142
서울특별시교육청,성북강북교육지원청,예원유치원,사립(사인),박명주,김광복,19960531,19960531,서울특별시 강북구 삼양로49길 18,02-988-9419,02-983-9503,http://www.예원프리스쿨.kr,0700시0700분~2000시2000분,1,1,1,0,0,72,18,24,30,0,0,3,13,11,0,0,37.6234844029874,127.017714734632
서울특별시교육청,성북강북교육지원청,우촌유치원,사립(법인),성후경,성후경,20080124,20080415,서울특별시 성북구 성북로4길 52-1,02-922-2344,02-922-7071,http://uchonkid.com,0800시0800분~1800시1800분,1,1,2,0,0,210,20,24,30,0,0,15,17,23,0,0,37.5956421284567,127.011400801727
서울특별시교육청,성북강북교육지원청,은영유치원,사립(법인),재)대한불교보문원,최진성,19871230,19871230,서울특별시 성북구 보문사길 18,02-926-9278,02-921-6911,http://cafe.daum.net/dmsdud9278,0900시0900분~1800시1800분,1,2,2,0,0,120,24,46,50,0,0,19,23,39,0,0,37.5846233040336,127.016682191886
서울특별시교육청,성북강북교육지원청,좋은나라유치원,사립(사인),구승회,이혜경,19990609,19990615,서울특별시 성북구 종암로24가길 53,02-911-5777,02-911-7157,http://cafe.naver.com/joheunnara,0730시0730분~1900시1900분,3,2,2,0,0,250,67,61,66,0,0,67,61,66,0,0,37.6001469162502,127.037773171553
서울특별시교육청,성북강북교육지원청,창문유치원,사립(법인),곽정윤,곽정윤,20120305,20120305,서울특별시 강북구 월계로 61,02-943-7780,02-943-7735,http://changmunkids.kr,0800시0800분~2000시2000분,2,3,2,0,0,175,48,69,58,0,0,47,68,55,0,0,37.6134957697038,127.036386184111
서울특별시교육청,성북강북교육지원청,탑주유치원,사립(법인),김재확,이영주,19830502,19830502,서울특별시 성북구 화랑로13길 17,02-913-5548,02-941-5514,http://cafe.naver.com/tapju,0800시0800분~1800시1800분,3,2,2,0,0,175,60,60,55,0,0,60,54,52,0,0,37.6050732686215,127.041369534679
서울특별시교육청,성북강북교육지원청,하나유치원,사립(사인),백광영,백자현,20040325,20040325,서울특별시 강북구 솔샘로 174,02-984-7557, , ,0700시0700분~2000시2000분,4,3,3,0,0,234,72,68,68,0,0,64,68,68,0,0,37.6187008127341,127.009796698132
서울특별시교육청,성북강북교육지원청,한가람유치원,사립(사인),이신애,이종희,20030902,20030902,서울특별시 성북구 서경로 166,02-942-0042,02-942-9179,http://www.hangaramdream.co.kr,0730시0730분~2000시2000분,3,4,3,0,0,240,60,99,81,0,0,53,99,81,0,0,37.6163007881406,127.010289715596
서울특별시교육청,성북강북교육지원청,한마음유치원,사립(사인),고범석,박신형,20001120,20001120,서울특별시 성북구 월계로 124,02-942-5353,02-941-6392, ,0700시0700분~2000시2000분,2,1,2,0,0,165,32,36,40,0,0,30,18,30,0,0,37.6161897186706,127.041187954752
서울특별시교육청,성북강북교육지원청,해뜨는유치원,사립(사인),오유경,오유경,20100204,20100301,서울특별시 성북구 서경로2길 16,02-942-8687,050-4031-4224, ,0700시0700분~1900시1900분,2,2,2,0,0,132,39,45,48,0,0,39,45,48,0,0,37.6048771005146,127.015729013965
서울특별시교육청,성북강북교육지원청,화계유치원,사립(사인),박준호,박정은,19721130,19721130,서울특별시 강북구 덕릉로 45,02-902-8905,02-995-8318,http://hwagyekinder.com,0700시0700분~2000시2000분,1,1,1,0,0,200,60,60,80,0,0,3,6,10,0,0,37.6346781212621,127.019037809781
서울특별시교육청,성북강북교육지원청,희망찬유치원,사립(법인),하지연,하지연,19790416,19790416,서울특별시 성북구 동소문로34길 24,02-926-6888,02-924-6785,http://cafe.daum.net/hmcps,0730시0730분~1900시1900분,2,2,2,0,0,210,45,54,48,0,0,23,25,40,0,0,37.5991858490228,127.023659750652
서울특별시교육청,중부교육지원청,가명유치원,사립(법인),(재)천주교서울대교구유지재단,김윤경,19560415,19560415,서울특별시 중구 청파로 447-1,02-362-7593, ,http://gamyungkids.kidis.co.kr/,0900시0900분~1800시1800분,1,1,1,0,0,80,22,28,28,0,0,22,26,18,0,0,37.5591420998,126.9676216268
서울특별시교육청,중부교육지원청,강변유치원,사립(법인),장병일,이수영,19790309,19790309,서울특별시 용산구 이촌로84길 9-7,02-792-2652,02-790-5170, ,0700시0700분~2000시2000분,1,1,1,0,0,75,25,25,25,0,0,18,12,16,0,0,37.5183357294952,126.977415867557
서울특별시교육청,중부교육지원청,계성유치원,사립(법인),천주교쌘뽈수도원유지재단,김동옥,19661203,19670309,서울특별시 용산구 효창원로15길 15,02-712-0826,02-6918-6695,http://www.gskg.kr,0900시0900분~1400시1400분,0,0,3,7,0,300,0,0,70,159,0,0,0,70,159,0,37.5358636280513,126.952783448607
서울특별시교육청,중부교육지원청,근화유치원,사립(법인),정순택,박인화,19540405,19540405,서울특별시 중구 동호로20길 24,02-2237-1684,02-2237-7137,http://guenhwa.com,0840시0840분~1720시1720분,1,0,0,3,0,120,21,0,0,63,0,21,0,0,63,0,37.5594166501294,127.009138723527
서울특별시교육청,중부교육지원청,대건유치원,사립(법인),고은경,고은경,19710902,19710902,서울특별시 용산구 이촌로81길 38,02-790-5016,02-3785-2757,http://www.daegeon.kg.kr,0800시0800분~1830시1830분,2,2,2,0,0,200,42,54,56,0,0,42,53,56,0,0,37.5207145439147,126.977855444719
서울특별시교육청,중부교육지원청,도원유치원,사립(법인),조승민,조승민,19750210,19750210,서울특별시 용산구 새창로12길 11-8,02-713-1960,02-704-0262, ,0840시0840분~1800시1800분,1,1,1,0,0,82,30,26,26,0,0,7,18,15,0,0,37.5387046737814,126.957861986218
서울특별시교육청,중부교육지원청,리라유치원,사립(법인),이희정,이희정,19700520,19700520,서울특별시 중구 소파로2길 7,02-753-7751,02-755-2677,https://www.lilakindergarten.kr,0750시0750분~1630시1630분,3,3,2,0,0,320,60,72,56,0,0,51,60,50,0,0,37.5578179274,126.9879796946
서울특별시교육청,중부교육지원청,린덴바움유치원,사립(사인),황은식,황은식,20160222,20160301,서울특별시 종로구 통일로12길 51,02-730-6207,02-730-6207,https://xn--6n1b61jr3bixr.kr/,0800시0800분~1700시1700분,3,3,2,0,0,211,66,74,59,0,0,66,74,59,0,0,37.5747674459807,126.961572774215
서울특별시교육청,중부교육지원청,배화여자대학교 부속 배화유치원,사립(법인),학교법인 배화학원,이예숙,19170401,19170401,서울특별시 종로구 필운대로1길 34,02-737-1433,02-737-1434,http://www.baewha.ac.kr/mbs/child ,0920시0920분~1720시1720분,1,1,1,0,0,110,22,26,30,0,0,0,14,14,0,0,37.5780565654717,126.968359021962
서울특별시교육청,중부교육지원청,복자유치원,사립(법인),김진아,김진아,19531127,19531127,서울특별시 용산구 후암로34길 21-8,02-319-2915,02-319-3870,https://cafe.naver.com/bokjakindergarten,0900시0900분~1800시1800분,1,2,1,0,0,120,22,45,32,0,0,12,31,28,0,0,37.5520045946575,126.978181324051
서울특별시교육청,중부교육지원청,봄샘유치원,사립(법인),김다영,김다영,20050315,20050315,서울특별시 종로구 율곡로 264,02-764-3210,02-762-7396,https://www.bomsaem.co.kr,0700시0700분~1900시1900분,1,1,1,0,0,62,20,20,22,0,0,16,15,22,0,0,37.573270055892,127.006685302102
서울특별시교육청,중부교육지원청,상명사대부속유치원,사립(법인),학교법인 상명학원,전승준,19660228,19660228,서울특별시 종로구 홍지문2길 1,02-396-1602,02-394-6577,https://smu-k.kidsnote.ac,0840시0840분~1800시1800분,2,2,2,0,0,150,45,52,54,0,0,45,51,54,0,0,37.600438862919,126.956714114697
서울특별시교육청,중부교육지원청,서울광희초등학교병설유치원,공립(병설),박지성,박지성,20161031,20170301,서울특별시 중구 다산로 269,02-2231-4717,02-6283-0549,https://gwanghee.sen.es.kr/,0730시0730분~1930시1930분,1,1,1,0,0,52,14,18,20,0,0,3,13,9,0,0,37.5678487188,127.0145775094
서울특별시교육청,중부교육지원청,서울남산초등학교병설유치원,공립(병설),함명희,함명희,20240901,20240901,서울특별시 중구 퇴계로22길 17,02-2097-9575,02-2097-9576,https://namsan.sen.es.kr,0700시0700분~2100시2100분,1,1,1,0,1,52,13,18,19,0,2,7,11,11,0,2,37.5597837446,126.9867767375
서울특별시교육청,중부교육지원청,서울남정초등학교병설유치원,공립(병설),김현숙,김현숙,19970115,19970115,서울특별시 용산구 원효로64길 17-10,02-3273-6510,02-718-0108,https://seoul-nj.sen.es.kr/152412/subMenu.do,0730시0730분~1930시1930분,1,1,1,0,0,62,14,18,20,0,0,10,16,13,0,0,37.5360000055,126.9646417168
서울특별시교육청,중부교육지원청,서울덕수초등학교병설유치원,공립(병설),박수민,박수민,19870126,19870126,서울특별시 중구 덕수궁길 140,02-720-7275,02-720-7276,http://deoksoo.sen.es.kr,0730시0730분~1930시1930분,1,2,1,0,0,70,14,36,20,0,0,6,16,11,0,0,37.5690803018076,126.974653073567
서울특별시교육청,중부교육지원청,서울명신초등학교병설유치원,공립(병설),박찬익,박찬익,19980124,19980124,서울특별시 종로구 낙산길 250,02-744-4633,02-741-5531,https://myungshin.sen.es.kr/,0730시0730분~1930시1930분,1,1,1,0,0,52,14,18,20,0,0,7,7,7,0,0,37.5811007228,127.0137991444
서울특별시교육청,중부교육지원청,서울서빙고초등학교병설유치원,공립(병설),전경옥,전경옥,19870310,19870310,서울특별시 용산구 서빙고로51길 14,02-796-8867,02-797-7063,https://seobinggo.sen.es.kr/index.do,0720시0720분~1920시1920분,1,1,1,0,1,52,14,17,17,0,4,7,17,17,0,4,37.5219210755263,126.992239021164
서울특별시교육청,중부교육지원청,서울장충유치원,공립(단설),황보영,황보영,19940825,19941006,서울특별시 중구 청구로17길 40,02-2234-6047,02-2234-1798,http://www.서울장충유치원.kr/,0700시0700분~1900시1900분,2,2,2,0,1,108,28,36,40,0,4,11,26,21,0,4,37.5592359562387,127.010773834432
서울특별시교육청,중부교육지원청,서울재동초등학교병설유치원,공립(병설),성인진,성인진,19860217,19860217,서울특별시 종로구 북촌로4길 7,02-764-2830,02-3672-2831,https://jaedong.sen.es.kr/,0730시0730분~1930시1930분,0,0,0,2,0,36,0,0,0,36,0,0,0,0,13,0,37.5795685602,126.9859592588
서울특별시교육청,중부교육지원청,서울창신초등학교병설유치원,공립(병설),김상윤,김상윤,20120301,20120312,서울특별시 종로구 지봉로 73,02-763-8812,02-763-8813,http://www.chang-shin.sen.es.kr,0730시0730분~1930시1930분,1,1,1,0,0,52,14,18,20,0,0,2,11,11,0,0,37.5762120548,127.0142938942
서울특별시교육청,중부교육지원청,서울청운초등학교병설유치원,공립(병설),김만호,김만호,20180301,20180301,서울특별시 종로구 자하문로 105,02-739-6940,02-739-6939,http://www.chungwoon.es.kr,0700시0700분~1900시1900분,1,1,1,0,0,52,14,18,20,0,0,7,10,14,0,0,37.585921404,126.9692360034
서울특별시교육청,중부교육지원청,서울청파유치원,공립(단설),성구진,성구진,20220106,20220311,서울특별시 용산구 효창원로 228,02-2117-5700, ,https://xn--2i4bq6hcctpy0vitc0ym.kr:446/home/,0730시0730분~1930시1930분,2,2,2,0,1,108,28,36,40,0,4,22,28,27,0,4,37.5473049014,126.9635439244
서울특별시교육청,중부교육지원청,서울충무초등학교병설유치원,공립(병설),박성이,박성이,19950110,19950310,서울특별시 중구 퇴계로50길 13,02-2265-4840,02-2279-0950, ,0730시0730분~1930시1930분,0,0,1,1,0,52,0,0,20,18,0,0,0,7,7,0,37.5620469154541,127.001212523578
서울특별시교육청,중부교육지원청,서울한남초등학교병설유치원,공립(병설),황혜정,황혜정,20001125,20010315,서울특별시 용산구 한남대로 112,02-749-2393,02-749-1294,http://hannam.sen.es.kr,0700시0700분~1900시1900분,1,1,1,0,0,52,14,18,20,0,0,6,3,5,0,0,37.5395998212831,127.005529087449
서울특별시교육청,중부교육지원청,서울혜화초등학교병설유치원,공립(병설),이미경,이미경,20030301,20030301,서울특별시 종로구 혜화로 32,02-763-0124,070-4015-0123,http://hyehwa.sen.es.kr/,0700시0700분~1900시1900분,1,0,0,1,0,32,14,0,0,18,0,3,0,0,3,0,37.5885301119882,126.999683771622
서울특별시교육청,중부교육지원청,세검정유치원,사립(법인),이동진,조미령,19830301,19830301,서울특별시 종로구 자하문로 310,02-395-2544,02-395-2547,http://www.sgjkids.com,0700시0700분~1930시1930분,1,1,1,0,0,80,18,20,22,0,0,16,21,16,0,0,37.6002594159231,126.959444800163
서울특별시교육청,중부교육지원청,세종유치원,사립(법인),임광순,임광순,19700407,19700407,서울특별시 종로구 사직로8길 9,02-733-1475,02-733-1488,http://www.sejonglo.org/sosik,0800시0800분~1800시1800분,2,1,0,0,0,62,26,20,0,0,0,18,13,0,0,0,37.5754086592,126.9700171068
서울특별시교육청,중부교육지원청,수암유치원,사립(사인),박상영,권희은,20000703,20000703,서울특별시 중구 다산로 32,02-2256-6100-1,02-2256-6103,http://www.수암유치원.kr/,0700시0700분~1900시1900분,3,2,1,0,0,220,60,44,20,0,0,52,43,19,0,0,37.5476129223983,127.007491221494
서울특별시교육청,중부교육지원청,숭의여자대학교부설유치원,사립(법인),박경호,노승희,19740210,19740210,서울특별시 중구 소파로2길 10,02-3708-9078,02-3708-9080,https://www.sewu.ac.kr/kindergarten,0900시0900분~1700시1700분,1,1,1,0,0,60,20,20,20,0,0,14,13,19,0,0,37.5564181014127,126.987556889762
서울특별시교육청,중부교육지원청,신일유치원,사립(사인),이광선,김현숙,19490107,19490107,서울특별시 중구 동호로10길 27,02-2234-4006,02-2234-4303,https://shinilyu.co.kr,0700시0700분~2000시2000분,1,1,1,0,0,110,22,24,28,0,0,17,24,28,0,0,37.5553898977951,127.011862544246
서울특별시교육청,중부교육지원청,영락유치원,사립(법인),이창선,임미자,19660410,19660410,서울특별시 중구 수표로 33,02-2277-5878,02-2277-5879,http://ynchild.net,0700시0700분~2200시2200분,1,1,1,0,0,88,18,24,28,0,0,8,18,15,0,0,37.5644207872738,126.988923918702
서울특별시교육청,중부교육지원청,옥인유치원,사립(사인),이은호,이원경,19930430,19930430,서울특별시 종로구 자하문로 69,02-735-3984,02-739-0087,http://okin.kidis.co.kr,0800시0800분~2000시2000분,1,1,1,0,0,90,15,20,22,0,0,7,17,17,0,0,37.5822206800506,126.970342570975
서울특별시교육청,중부교육지원청,운현유치원,사립(법인),학교법인 덕성학원,성기선,19641216,19651010,서울특별시 종로구 삼일대로 460,02-742-7790,02-766-4146,http://www.unhyunms.co.kr,0900시0900분~1700시1700분,0,0,0,3,0,120,0,0,0,75,0,0,0,0,75,0,37.5753410903992,126.987373451381
서울특별시교육청,중부교육지원청,원유치원,사립(사인),원은자,송공주,19850305,19850305,서울특별시 용산구 이촌로81길 14,02-797-0038,02-792-0038, ,0800시0800분~1900시1900분,2,2,3,0,0,177,42,52,61,0,0,42,52,61,0,0,37.5196499584282,126.976817460598
서울특별시교육청,중부교육지원청,일민유치원,사립(사인),이선자,윤인수,19810114,19810114,서울특별시 용산구 효창원로 17,02-704-0915,02-704-3231, ,0900시0900분~1900시1900분,2,2,2,0,0,160,55,55,50,0,0,41,51,41,0,0,37.5343863181056,126.949892448739
서울특별시교육청,중부교육지원청,충신유치원,사립(사인),이전호,송은영,19990309,19990319,서울특별시 용산구 이촌로71길 14,02-793-4266,02-796-4361,http://kids.choongshin.or.kr/,0800시0800분~1830시1830분,3,2,2,0,0,240,60,52,52,0,0,47,44,41,0,0,37.5210208003181,126.973141330814
서울특별시교육청,중부교육지원청,한가람유치원,사립(사인),오인성,송수현,19950110,19950110,서울특별시 용산구 이촌로89길 50,02-796-8865,02-790-8841,http://hangaram.kidis.co.kr,0800시0800분~1800시1800분,1,1,1,0,0,90,30,30,30,0,0,10,13,16,0,0,37.5195226491658,126.981263623347
서울특별시교육청,중부교육지원청,한아름유치원,사립(사인),정명호,김수진,19930113,19930113,서울특별시 종로구 혜화로6가길 34,02-747-2449,02-747-2440,http://hanarum.kidis.co.kr,0730시0730분~1930시1930분,0,0,0,3,0,68,0,0,0,44,0,0,0,0,31,0,37.5905286695,127.0010753117
서울특별시교육청,중부교육지원청,한일유치원,사립(사인),이승구,홍성숙,19601201,19601201,서울특별시 중구 퇴계로88다길 5,02-2235-0016,02-2235-0377,https://hanil.kidsnote.ac,0730시0730분~1930시1930분,1,1,1,0,0,95,20,22,23,0,0,15,18,16,0,0,37.5631833006448,127.020079589023
서울특별시교육청,중부교육지원청,혜화유치원,사립(법인),(재)천주교서울대교구유지재단,김명자,19370126,19370412,서울특별시 종로구 창경궁로 296,02-743-7021,02-747-3867,http://www.hyehwa.kg.kr,0850시0850분~1730시1730분,2,2,2,0,0,240,36,44,48,0,0,36,37,48,0,0,37.5868691071498,127.003138828506
