교육청명,교육지원청명,유치원명,설립유형,대표자명,원장명,설립일,개원일,주소,전화번호,팩스번호,홈페이지,운영시간,만3세학급수,만4세학급수,만5세학급수,혼합학급수,특수학급수,인가총정원수,3세정원수,4세정원수,5세정원수,혼합정원수,특수학급정원수,만3세원아수,만4세원아수,만5세원아수,혼합원아수,특수원아수,위도,경도
경상북도교육청,경산교육지원청,경산꽃재유치원,공립(단설),손수정,손수정,20230301,20130301,경상북도 경산시 하양읍 대학로305길 25,053-854-0398,053-854-0319,https://school.gyo6.net/ksggg,0800시0800분~1900시1900분,1,2,2,0,1,108,16,40,48,0,4,14,28,29,0,4,35.9117356066,128.8190180551
경상북도교육청,경산교육지원청,경산동부초등학교병설유치원,공립(병설),김순남,김순남,20130301,20130301,경상북도 경산시 원효로28길 60-6,053-819-6880,053-819-6890,https://school.gyo6.net/ksdongbues/cm/cntnts/cntntsView.do?mi=151799&cntntsId=151799,0800시0800분~1900시1900분,0,0,0,1,1,24,0,0,0,20,4,0,0,0,7,4,35.8175260635,128.7482418122
경상북도교육청,경산교육지원청,경산서부초등학교병설유치원,공립(병설),김철연,김철연,20001016,20010309,경상북도 경산시 경산로42길 22-11,053-816-8154,053-816-5104, ,1300시1300분~1700시1700분,0,0,0,1,0,24,0,0,0,24,0,0,0,0,8,0,35.8272838391867,128.72906004708
경상북도교육청,경산교육지원청,경산성모유치원,사립(법인),강은경,강은경,20110301,20110301,경상북도 경산시 경산로 118,053-811-8324,053-811-8938, ,0830시0830분~1830시1830분,0,0,1,1,0,106,0,0,48,18,0,0,0,8,5,0,35.819336448,128.7295186592
경상북도교육청,경산교육지원청,경산압량유치원,공립(단설),김종령,김종령,20240301,20240301,경상북도 경산시 압량읍 김유신로 25,053-710-0810,053-710-0814,https://school.gyo6.net/arkg,1250시1250분~1630시1630분,2,1,2,0,1,106,32,22,48,0,4,32,22,42,0,3,35.8396503512,128.7690804529
경상북도교육청,경산교육지원청,경산유치원,공립(단설),김경숙,김경숙,20050301,20050301,경상북도 경산시 삼풍로 25,053-818-8551,053-818-8553,http://school.gyo6.net/kyungsankg,0800시0800분~1900시1900분,2,2,2,0,0,120,32,40,48,0,0,31,40,27,0,0,35.8228886751,128.7552366784
경상북도교육청,경산교육지원청,경산중앙유치원,사립(법인),정연욱,최영미,19820601,19820605,경상북도 경산시 강변동로 358,053-816-8816,053-816-8815,http://www.ja-kindergarten.com,0900시0900분~1700시1700분,2,3,2,1,0,180,38,66,52,24,0,38,66,52,24,0,35.8402954470333,128.729374803817
경상북도교육청,경산교육지원청,경산중앙초등학교병설유치원,공립(병설),심영진,심영진,19950301,19950301,경상북도 경산시 중앙초등길 9,053-815-1686,053-815-1687,https://school.gyo6.net/gsja/main.do,0830시0830분~1700시1700분,0,0,0,1,0,20,0,0,0,20,0,0,0,0,3,0,35.822309637,128.7314696248
경상북도교육청,경산교육지원청,경산초등학교병설유치원,공립(병설),정지혜,정지혜,19870205,19870311,경상북도 경산시 경안로 84,053-717-1705,053-815-2313,https://school.gyo6.net/gyeongsanes,0800시0800분~1900시1900분,0,0,0,1,0,20,0,0,0,20,0,0,0,0,10,0,35.8150988292,128.7396421241
경상북도교육청,경산교육지원청,계당초등학교병설유치원,공립(병설),김태조,김태조,19820302,19820302,경상북도 경산시 와촌면 계당길 27,053-853-7192,053-851-7011,https://school.gyo6.net/kyedang,0830시0830분~1630시1630분,0,0,0,1,0,20,0,0,0,20,0,0,0,0,3,0,35.9283067697,128.8513460505
경상북도교육청,경산교육지원청,계명유치원,사립(사인),손미령,손미령,19930604,19930604,경상북도 경산시 대학로12길 16,053-813-3927,053-813-3928,http://cafe.daum.net/kmk-3927,0900시0900분~1930시1930분,1,1,2,0,0,100,10,16,23,0,0,10,16,23,0,0,35.8325525964629,128.72905273572
경상북도교육청,경산교육지원청,남산초등학교병설유치원,공립(병설),김태룡,김태룡,19810301,19810301,경상북도 경산시 남산면 하남로 316,054-852-5022,054-851-0006,http://school.gyo6.net/kns,0830시0830분~1630시1630분,0,0,0,1,0,20,0,0,0,20,0,0,0,0,2,0,35.7931067199,128.8351544216
경상북도교육청,경산교육지원청,남성초등학교병설유치원,공립(병설),정문주,정문주,19450401,19810301,경상북도 경산시 원효로 375,053-817-8932,053-801-0268,http://school.gyo6.net/namseong,1300시1300분~1700시1700분,0,0,0,1,0,20,0,0,0,20,0,0,0,0,3,0,35.812108295,128.7750707468
경상북도교육청,경산교육지원청,남천초등학교병설유치원,공립(병설),권명숙,권명숙,19810305,19810305,경상북도 경산시 남천면 남천로 481,053-812-9005,053-812-9998,http://school.gyo6.net/namseong,0830시0830분~1700시1700분,0,0,0,1,0,20,0,0,0,20,0,0,0,0,2,0,35.7676539586,128.7249836085
경상북도교육청,경산교육지원청,다문초등학교병설유치원,공립(병설),이유경,이유경,19830302,19830302,경상북도 경산시 다문로70길 85,053-853-7351,053-851-0074,http://school.gyo6.net/damun,0830시0830분~1630시1630분,0,0,0,1,0,20,0,0,0,20,0,0,0,0,5,0,35.871654383,128.8515252313
경상북도교육청,경산교육지원청,대구대학교사범대학부속영광유치원,사립(법인),정진희,정진희,19871207,19880301,경상북도 경산시 대구대로 201,053-850-5776,053-850-5779,https://school.gyo6.net/ygdu/,0840시0840분~1900시1900분,2,2,2,0,0,132,34,44,54,0,0,40,47,43,0,0,35.902642039,128.8461315021
경상북도교육청,경산교육지원청,대동초등학교병설유치원,공립(병설),전영선,전영선,19810301,19810301,경상북도 경산시 와촌면 팔공로 563-14,053-857-5227,053-857-5230,http://school.gyo6.net,0830시0830분~1630시1630분,0,0,0,1,0,20,0,0,0,20,0,0,0,0,6,0,35.9593291614,128.8036716064
경상북도교육청,경산교육지원청,대해유치원,사립(사인),이해순,신주필,20060301,20060301,경상북도 경산시 성암로12길 17-5,053-814-0707,053-814-2034,https://daehae.moapp.kr,0900시0900분~1700시1700분,3,3,3,0,0,288,63,72,75,0,0,60,63,71,0,0,35.8223277785,128.724488188
경상북도교육청,경산교육지원청,라온유치원,사립(사인),백해경,백해경,20110301,20110301,경상북도 경산시 청운2로7길 13-2,053-817-2279,053-817-2280, ,0900시0900분~1700시1700분,1,0,1,1,0,136,18,0,24,24,0,15,0,17,15,0,35.8410613409568,128.750991048174
경상북도교육청,경산교육지원청,민들레유치원,사립(사인),최명희,최명희,20150210,20150301,경상북도 경산시 원효로40길 60,053-814-0028,053-814-0029, ,0800시0800분~1840시1840분,2,2,1,2,0,158,38,46,26,48,0,38,46,26,41,0,35.8144450405647,128.754256994715
경상북도교육청,경산교육지원청,본(BON)유치원,사립(사인),사공경숙,사공경숙,20150301,20150301,경상북도 경산시 선비길 25,053-813-0058,053-813-0086, ,0730시0730분~1930시1930분,2,2,2,1,0,158,38,44,52,24,0,37,39,41,24,0,35.8168418345223,128.726077570394
경상북도교육청,경산교육지원청,부림초등학교병설유치원,공립(병설),김대호,김대호,19810301,19810301,경상북도 경산시 문천길 24,053-854-4330,053-851-9220,https://school.gyo6.net/burymes,0830시0830분~1630시1630분,0,0,0,1,0,20,0,0,0,20,0,0,0,0,3,0,35.898187803,128.8254457839
경상북도교육청,경산교육지원청,삼성현초등학교병설유치원,공립(병설),이성근,이성근,20150217,20150301,경상북도 경산시 경청로216길 20,053-816-0916, , ,0830시0830분~1630시1630분,0,0,0,1,0,20,0,0,0,20,0,0,0,0,5,0,35.7999008897228,128.739506644864
경상북도교육청,경산교육지원청,서부유치원,사립(사인),김주환,유춘임,20051020,20051020,경상북도 경산시 경산로13길 12,053-811-9996,053-811-9992,https://cafe.naver.com/sbkinderg,0730시0730분~1930시1930분,1,2,2,0,0,204,36,36,36,0,0,14,25,36,0,0,35.8149047579681,128.730364600967
경상북도교육청,경산교육지원청,성암초등학교병설유치원,공립(병설),이미영,이미영,20050127,20050127,경상북도 경산시 펜타힐즈3로 21,053-813-0271,053-813-0268, ,0800시0800분~1900시1900분,1,1,1,0,0,60,16,20,24,0,0,16,19,22,0,0,35.8260790856723,128.719286105091
경상북도교육청,경산교육지원청,예인유치원,사립(사인),장영말,이미향,20061215,20061215,경상북도 경산시 대학로295길 62,053-856-0500,053-856-0044,https://school.gyo6.net/yein/main.do?sysId=yein,0830시0830분~1930시1930분,2,2,1,0,0,206,32,40,28,0,0,28,38,26,0,0,35.9083355541994,128.81708105955
경상북도교육청,경산교육지원청,예일유치원,사립(사인),최숙자,최숙자,20120220,20120220,경상북도 경산시 경청로217길 14,053-802-5007,053-818-5007,https://school.gyo6.net/yalekids,0900시0900분~1900시1900분,0,0,2,5,0,180,0,0,52,120,0,0,0,52,120,0,35.8026315336,128.7368099782
경상북도교육청,경산교육지원청,옥곡초등학교병설유치원,공립(병설),박재휘,박재휘,20050301,20060301,경상북도 경산시 경산로 54,053-812-8650,053-812-8651,https://school.gyo6.net/gsokes,0800시0800분~1900시1900분,0,0,0,1,0,20,0,0,0,20,0,0,0,0,9,0,35.8149503215205,128.732517071244
경상북도교육청,경산교육지원청,와촌초등학교병설유치원,공립(병설),박용휘,박용휘,19810301,19810301,경상북도 경산시 와촌면 금송로 452-3,053-852-2778,053-851-1315,http://school.gyo6.net/wachon,0830시0830분~1700시1700분,0,0,0,1,0,20,0,0,0,20,0,0,0,0,7,0,35.950421978,128.8372712028
경상북도교육청,경산교육지원청,용성초등학교병설유치원,공립(병설),김보선,김보선,19810306,19810306,경상북도 경산시 원효로 1405,053-851-9155,053-851-1043,http://yongseong.school.gyo6.net/,0830시0830분~1630시1630분,0,0,0,1,0,20,0,0,0,20,0,0,0,0,2,0,35.7939017582571,128.874523880011
경상북도교육청,경산교육지원청,우리들숲유치원,사립(사인),송옥화,송옥화,19930301,19930301,경상북도 경산시 계양로8길 63,053-801-4211,053-802-7646,https://cafe.naver.com/forestkingergarten,0830시0830분~1630시1630분,2,0,0,3,0,132,36,0,0,72,0,28,0,0,52,0,35.8164090749756,128.754127389862
경상북도교육청,경산교육지원청,운문유치원,사립(사인),정은성,정도진,20080304,20080304,경상북도 경산시 장산로 347,053-802-2525,053-802-2523,http://www.unmun.kr/,0730시0730분~1900시1900분,3,2,3,0,0,200,54,44,78,0,0,54,44,62,0,0,35.8141986437,128.7614333341
경상북도교육청,경산교육지원청,유선아이숲유치원,사립(법인),정원일,김진자,20150223,20150302,경상북도 경산시 경안로8길 12,053-813-3120,053-813-3125,http://www.yousunisoop.or.kr,0900시0900분~1700시1700분,1,2,1,0,0,93,20,48,25,0,0,20,42,25,0,0,35.8105318050752,128.741539045455
경상북도교육청,경산교육지원청,은성유치원,사립(사인),신경재,신용주,19951201,19960302,경상북도 경산시 계양로16길 58-2,053-801-5900,053-801-5902, ,0800시0800분~1900시1900분,2,3,2,0,0,202,34,66,54,0,0,26,45,41,0,0,35.819615175,128.753937617
경상북도교육청,경산교육지원청,임당초등학교병설유치원,공립(병설),권창환,권창환,19850305,19850305,경상북도 경산시 임당로12길 7,053-817-4487,053-818-5574,http://school.gyo6.net/imdang,0830시0830분~1630시1630분,0,0,0,1,0,20,0,0,0,20,0,0,0,0,4,0,35.840999481792,128.742790993455
경상북도교육청,경산교육지원청,자연아이유치원,사립(사인),정명선,김춘자,19980301,19980301,경상북도 경산시 대학로13길 16,053-813-1007,053-813-5055,https://cafe.naver.com/natureedu2/,0830시0830분~1700시1700분,2,1,2,0,0,160,36,24,52,0,0,32,19,36,0,0,35.8356798128,128.7302247442
경상북도교육청,경산교육지원청,자인초등학교병설유치원,공립(병설),배재만,배재만,19820301,19820301,경상북도 경산시 금학로 7,053-857-1154,053-856-6597,http://school.gyo6.net/jain,0830시0830분~1630시1630분,0,0,0,1,0,20,0,0,0,20,0,0,0,0,3,0,35.8212818246,128.8238260587
경상북도교육청,경산교육지원청,장은유치원,사립(사인),권동숙,권동숙,19980705,19980705,경상북도 경산시 봉황길 70-5,053-854-8538,053-854-8538, ,0900시0900분~1700시1700분,1,1,1,2,0,108,18,22,28,40,0,17,19,28,37,0,35.8828893665855,128.825798981959
경상북도교육청,경산교육지원청,중방유치원,사립(법인),김성록,노미자,19901101,19910306,경상북도 경산시 대학로32길 35,053-811-5057,053-811-5065,http://school.gyo6.net/jungbang,0900시0900분~1700시1700분,3,3,3,0,0,204,54,66,84,0,0,52,73,72,0,0,35.830926324742,128.73966022033
경상북도교육청,경산교육지원청,진량초등학교병설유치원,공립(병설),현금환,현금환,19810301,19810301,경상북도 경산시 낙산길 37,053-852-8713,053-853-5038, ,1230시1230분~1630시1630분,0,0,0,1,0,20,0,0,0,20,0,0,0,0,9,0,35.8756827659024,128.816347538848
경상북도교육청,경산교육지원청,창파유치원,사립(법인),이근민,김기숙,19821223,19830301,경상북도 경산시 삼성현로31길 23,053-802-9632,053-801-4415,https://school.gyo6.net/changpa,0900시0900분~1700시1700분,0,0,0,1,0,36,0,0,0,20,0,0,0,0,6,0,35.8194968907,128.7229457825
경상북도교육청,경산교육지원청,책놀이숲놀이유치원,사립(사인),이언이,이언이,20170906,20180301,경상북도 경산시 남매로6길 29,053-814-2626,053-814-4477, ,0900시0900분~1900시1900분,2,1,1,1,0,106,36,22,26,22,0,28,22,26,4,0,35.8121492006,128.7437600696
경상북도교육청,경산교육지원청,청천초등학교병설유치원,공립(병설),유승진,유승진,19840127,19840127,경상북도 경산시 하양읍 대경로 187,053-852-3220,053-852-3635,http://school.gyo6.net/cheongcheon,0830시0830분~1630시1630분,0,0,0,1,0,20,0,0,0,20,0,0,0,0,3,0,35.8844628599,128.7732817534
경상북도교육청,경산교육지원청,키다리아저씨유치원,사립(사인),허미정,허미정,20010215,20010215,경상북도 경산시 성암로21길 73,053-816-0040,053-816-0041,https://school.gyo6.net/kidariajeossi,0740시0740분~1830시1830분,1,1,1,0,0,142,20,24,26,0,0,6,11,20,0,0,35.8309548727533,128.725449949945
경상북도교육청,경산교육지원청,하양유치원,사립(법인),최홍기,정난이,19830301,19830301,경상북도 경산시 하양로 119-9,053-851-1006,053-853-2992,http://kg.hayang.org,0800시0800분~1830시1830분,1,1,1,0,0,132,16,22,24,0,0,5,11,10,0,0,35.9148316484752,128.819493919061
경상북도교육청,경산교육지원청,하주초등학교병설유치원,공립(병설),문석주,문석주,20090827,20090827,경상북도 경산시 무학로 48,053-854-1371,053-853-8624,http://haju.es.kr,0830시0830분~1630시1630분,0,0,0,1,0,20,0,0,0,20,0,0,0,0,8,0,35.9201984097341,128.812261439421
경상북도교육청,경산교육지원청,한사유치원,사립(사인),박윤주,박윤주,20020128,20020301,경상북도 경산시 교리길 22,053-852-2222,053-856-2255,https://school.gyo6.net/hansa,0800시0800분~1830시1830분,2,2,2,0,0,210,36,44,48,0,0,35,33,33,0,0,35.9267520210658,128.817590147205
경상북도교육청,경주교육지원청,감포초등학교병설유치원,공립(병설),이기락,이기락,19810309,19810309,경상북도 경주시 감포읍 감포로10길 21,054-776-2602,054-776-2686,https://school.gyo6.net/gampoes,0830시0830분~1700시1700분,0,0,0,1,0,20,0,0,0,20,0,0,0,0,11,0,35.8089686103,129.5030915212
경상북도교육청,경주교육지원청,강동초등학교병설유치원,공립(병설),박영국,박영국,19810310,19810310,경상북도 경주시 강동로 80,07048036423,054-762-5920,http://school.gyo6.net/gdonges,0830시0830분~1700시1700분,0,0,0,1,0,20,0,0,0,20,0,0,0,0,6,0,35.9921286364378,129.27674583933
경상북도교육청,경주교육지원청,건천초등학교병설유치원,공립(병설),정용길,정용길,19200710,19810204,경상북도 경주시 내서로 1105,054-751-6360,054-751-6289,http://www.geoncheon.es.kr,1230시1230분~1630시1630분,0,0,0,1,0,20,0,0,0,20,0,0,0,0,5,0,35.8505395865,129.1037321592
경상북도교육청,경주교육지원청,경주여자정보고등학교병설동도유치원,사립(법인),김영숙,김영숙,20080301,20080301,경상북도 경주시 시동로 90,054-748-3662, ,https://school.gyo6.net/newschool/cm/cntnts/cntntsView.do?mi=158560&cntntsId=158560,0900시0900분~1900시1900분,1,1,1,0,0,66,18,22,26,0,0,9,15,16,0,0,35.7706978909,129.2764614825
경상북도교육청,경주교육지원청,경주초등학교병설유치원,공립(병설),금영휴,금영휴,19840310,19840310,경상북도 경주시 충효2길 20,054-742-2456,054-773-3999,https://school.gyo6.net/gyeongjues/main.do?sysId=gyeongjues,0800시0800분~1900시1900분,1,1,1,0,0,60,16,20,24,0,0,9,15,18,0,0,35.8420077105458,129.189890036629
경상북도교육청,경주교육지원청,계림초등학교병설유치원,공립(병설),김동철,김동철,19070401,19910316,경상북도 경주시 동문로43번길 16,054-772-3857,054-741-5345,http://gyerimes.school.gyo6.net/,0800시0800분~1900시1900분,0,0,0,1,0,60,0,0,0,20,0,0,0,0,14,0,35.8492707565,129.212382423
경상북도교육청,경주교육지원청,괘릉초등학교병설유치원,공립(병설),김규열,김규열,19830304,19830304,경상북도 경주시 신계입실길 139-5,054-749-0254,054-745-0630,http://greung.school.gyo6.net,0840시0840분~1640시1640분,0,0,0,1,0,20,0,0,0,20,0,0,0,0,8,0,35.7604071708,129.3225665141
경상북도교육청,경주교육지원청,근화유치원,사립(법인),장명옥,장명옥,19460410,19460410,경상북도 경주시 승삼2길 19,054-772-2395,054-771-2395,http://school.gyo6.net/keunhwa,0800시0800분~1900시1900분,0,0,0,6,0,150,0,0,0,134,0,0,0,0,134,0,35.8749045549757,129.228680147041
경상북도교육청,경주교육지원청,금장초등학교병설유치원,공립(병설),김숙희,김숙희,20090812,20090812,경상북도 경주시 등나무길 18-6,054-745-0970,054-745-9661,http://school.gyo6.net/geumjanges,0800시0800분~1900시1900분,1,1,1,0,0,60,16,20,24,0,0,16,19,16,0,0,35.8737388348,129.2052940556
경상북도교육청,경주교육지원청,나산초등학교병설유치원,공립(병설),박종권,박종권,19850917,19850917,경상북도 경주시 동해안로 625-9,054-744-1478,054-744-1426,http://www.nasan.school.gyo6.net,0830시0830분~1700시1700분,0,0,0,1,0,20,0,0,0,20,0,0,0,0,3,0,35.6977014808523,129.46997834642
경상북도교육청,경주교육지원청,나원초등학교병설유치원,공립(병설),박은영,박은영,19810301,19810301,경상북도 경주시 안현로 20,054-775-2066,054-745-2066,http://school.gyo6.net/nawones,0800시0800분~1900시1900분,1,2,1,0,0,80,16,40,24,0,0,15,40,22,0,0,35.8700092535091,129.203460837288
경상북도교육청,경주교육지원청,내남초등학교병설유치원,공립(병설),손원국,손원국,19810301,19810301,경상북도 경주시 내남면 경덕로 286,070-7113-6859,054-745-0233,http://school.gyo6.net/naenam,1240시1240분~1640시1640분,0,0,0,1,0,20,0,0,0,20,0,0,0,0,6,0,35.7652693766,129.1950155812
경상북도교육청,경주교육지원청,동국대학교부속유치원,사립(법인),안현정,안현정,19980304,19980304,경상북도 경주시 동대로 159,054-771-1020,054-771-1022,https://school.gyo6.net/donggukkids/main.do,0920시0920분~1700시1700분,3,3,3,0,0,330,54,68,78,0,0,54,67,66,0,0,35.8629469047,129.1978642311
경상북도교육청,경주교육지원청,동방초등학교병설유치원,공립(병설),박춘길,박춘길,19850901,19850901,경상북도 경주시 산업로 3485-8,054-748-1382,054-748-9766,http://school.gyo6.net/dongbang,0830시0830분~1630시1630분,0,0,0,1,0,20,0,0,0,20,0,0,0,0,4,0,35.8038561943,129.2617878331
경상북도교육청,경주교육지원청,동천초등학교병설유치원,공립(병설),최상일,최상일,19980309,19980309,경상북도 경주시 알천북로249번길 20,054-741-7273,054-743-3883,http://school.gyo6.net/dongcheon,0800시0800분~1900시1900분,0,1,0,1,0,40,0,20,0,20,0,0,8,0,7,0,35.8484081014,129.2281158111
경상북도교육청,경주교육지원청,마루유치원,사립(사인),김대혁,정현정,20061212,20070301,경상북도 경주시 불국로 80-8,054-777-7972,054-746-5851, ,0830시0830분~1600시1600분,2,2,2,0,0,144,36,44,52,0,0,28,37,41,0,0,35.7806330983071,129.30396214592
경상북도교육청,경주교육지원청,모량초등학교병설유치원,공립(병설),임미화,임미화,19810301,19810301,경상북도 경주시 내서로 1504,054-748-0615, ,http://moryang.school.gyo6.net,1240시1240분~1640시1640분,0,0,0,1,0,20,0,0,0,20,0,0,0,0,11,0,35.8235981451,129.1301892053
경상북도교육청,경주교육지원청,모아초등학교병설유치원,공립(병설),신순자,신순자,19930309,19930309,경상북도 경주시 산업로 4974-5,054-771-1898,054-745-4725,http://www.moa.es.kr,1230시1230분~1630시1630분,0,0,0,1,0,20,0,0,0,20,0,0,0,0,4,0,35.9207978238,129.2462560761
경상북도교육청,경주교육지원청,모화초등학교병설유치원,공립(병설),김기영,김기영,19810301,19810301,경상북도 경주시 계동1길 12,054-778-9347,054-773-1407,http://school.gyo6.net/mohwa,0840시0840분~1700시1700분,0,0,0,1,0,20,0,0,0,20,0,0,0,0,20,0,35.6771107833149,129.332928535315
경상북도교육청,경주교육지원청,불국사초등학교병설유치원,공립(병설),이인영,이인영,19810304,19810312,경상북도 경주시 불국사초등길 27,054-745-7869, ,http://bulguksa.school.gyo6.net,1220시1220분~1620시1620분,0,0,0,1,0,20,0,0,0,20,0,0,0,0,8,0,35.7778335554572,129.300743807218
경상북도교육청,경주교육지원청,불국유치원,사립(사인),정용복,김정선,19940101,19940101,경상북도 경주시 다불로 379-25,054-772-8670,054-771-8670,https://school.gyo6.net/bulgukkids,0800시0800분~1830시1830분,3,3,2,0,0,180,54,72,52,0,0,54,72,47,0,0,35.8504380936575,129.239182939805
경상북도교육청,경주교육지원청,사방초등학교병설유치원,공립(병설),김태해,김태해,19810310,19810310,경상북도 경주시 사방검단길 54,054-762-5942,054-762-7545,http://www.sabang.co.kr,0830시0830분~1630시1630분,0,0,0,1,0,20,0,0,0,20,0,0,0,0,8,0,35.9386277491909,129.225650729964
경상북도교육청,경주교육지원청,산대초등학교병설유치원,공립(병설),장지화,장지화,19971215,19980310,경상북도 경주시 구부랑길 54-5,054-762-1634,054-761-0403,http://sandaees.school.gy06.net,0800시0800분~1900시1900분,0,0,0,1,0,44,0,0,0,16,0,0,0,0,16,0,36.0030838095721,129.197736764855
경상북도교육청,경주교육지원청,샛별유치원,사립(법인),백수진,백수진,19700213,19700213,경상북도 경주시 비화원로 112,054-761-2326,054-763-2326,https://school.gyo6.net/sbkg,0900시0900분~1600시1600분,0,0,0,1,0,125,0,0,0,20,0,0,0,0,17,0,35.9922550452768,129.220215934884
경상북도교육청,경주교육지원청,서라벌초등학교병설유치원,공립(병설),남경호,남경호,19820301,19820310,경상북도 경주시 천군2길 24,054-745-7944,054-745-1045,http://school.gyo6.net/seorabeol,1230시1230분~1630시1630분,0,0,0,1,0,20,0,0,0,20,0,0,0,0,4,0,35.8308893019,129.2793292804
경상북도교육청,경주교육지원청,석계초등학교병설유치원,공립(병설),이승하,이승하,19820301,19820301,경상북도 경주시 외동읍 석계평리길 79-31,054-705-0820,054-773-0301,http://school.gyo6.net/seokgye,0830시0830분~1630시1630분,0,0,0,1,0,20,0,0,0,20,0,0,0,0,17,0,35.6787401824255,129.309409201879
경상북도교육청,경주교육지원청,신라초등학교병설유치원,공립(병설),최쌍길,최쌍길,19930301,19930301,경상북도 경주시 금성로183번길 28,070-7113-6536,054-744-0776,http://school.gyo6.net/sillaes,1240시1240분~1640시1640분,0,0,0,1,0,20,0,0,0,20,0,0,0,0,8,0,35.8348643959793,129.204368564745
경상북도교육청,경주교육지원청,아화초등학교병설유치원,공립(병설),최상길,최상길,19810204,19810310,경상북도 경주시 내서로 461,054-751-4341,054-751-4341,http://school.gyo6.net/ahwaes,1230시1230분~1630시1630분,0,0,0,1,0,20,0,0,0,20,0,0,0,0,2,0,35.892782068,129.0534772062
경상북도교육청,경주교육지원청,양남초등학교병설유치원,공립(병설),최주화,최주화,19810204,19810301,경상북도 경주시 양남로 335-1,054-744-6841,054-774-8682,http://school.gyo6.net,0830시0830분~1630시1630분,0,0,0,1,0,20,0,0,0,20,0,0,0,0,4,0,35.6755504894818,129.460486794998
경상북도교육청,경주교육지원청,양북초등학교병설유치원,공립(병설),김광수,김광수,19810301,19810301,경상북도 경주시 어일남길 2,070-8634-0279,054-744-7731,https://school.gyo6.net/yangbuk/main.do?sysId=yangbuk,0830시0830분~1630시1630분,0,0,0,1,0,20,0,0,0,20,0,0,0,0,2,0,35.7855921722,129.4442391569
경상북도교육청,경주교육지원청,연안초등학교병설유치원,공립(병설),최정화,최정화,19820520,19820520,경상북도 경주시 연안1길 15,054-774-6061,054-744-6019, ,1240시1240분~1640시1640분,0,0,0,1,0,20,0,0,0,20,0,0,0,0,5,0,35.7281459000579,129.318798461496
경상북도교육청,경주교육지원청,예송유치원,사립(사인),양은실,양은실,19920301,19920318,경상북도 경주시 유림로 69,054-776-7383,054-776-7381,http://yesongkid.com,0900시0900분~1600시1600분,3,2,2,0,0,210,54,48,52,0,0,54,48,49,0,0,35.8699435250746,129.217822342824
경상북도교육청,경주교육지원청,예일유치원,사립(사인),박태옥,박태옥,20000218,20000301,경상북도 경주시 강동로 129,054-762-5590,054-762-5596,https://school.gyo6.net/yeil,0800시0800분~1900시1900분,2,2,2,0,0,147,43,48,56,0,0,27,28,39,0,0,35.9969530415261,129.276820793142
경상북도교육청,경주교육지원청,용강초등학교병설유치원,공립(병설),이명주,이명주,20060301,20060301,경상북도 경주시 승삼2길 9,054-772-1320,054-743-9401,http://school.gyo6.net/ygang,0800시0800분~1900시1900분,1,1,2,0,0,84,16,20,48,0,0,16,20,36,0,0,35.8760188279789,129.229428762767
경상북도교육청,경주교육지원청,용황유치원,공립(단설),김정순,김정순,20010301,20010301,경상북도 경주시 원지길12번길 49,054-776-3782,054-776-3783,http://school.gyo6.net/yonghwangkg,1230시1230분~1630시1630분,2,2,2,0,0,121,32,41,48,0,0,32,41,48,0,0,35.8646020873958,129.220791394662
경상북도교육청,경주교육지원청,월성초등학교병설유치원,공립(병설),장명섭,장명섭,19850901,19850901,경상북도 경주시 원효로 67,054-772-9243,054-743-1817,https://school.gyo6.net/ws,0730시0730분~1930시1930분,0,0,1,1,0,40,0,0,22,18,0,0,0,11,10,0,35.8430555296484,129.208861884522
경상북도교육청,경주교육지원청,유림초등학교병설유치원,공립(병설),장한진,장한진,19940901,19940901,경상북도 경주시 용담로104번길 43-4,054-773-2727,054-771-4557,http://you.school.gy06.net,0830시0830분~1630시1630분,0,0,0,1,0,20,0,0,0,20,0,0,0,0,9,0,35.8687216895,129.2128585156
경상북도교육청,경주교육지원청,입실초등학교병설유치원,공립(병설),채효순,채효순,19810301,19810301,경상북도 경주시 입실로1길 94,054-776-8806,054-776-8813, ,1240시1240분~1640시1640분,0,0,0,1,0,20,0,0,0,20,0,0,0,0,9,0,35.7169465721303,129.324402581835
경상북도교육청,경주교육지원청,중앙유치원,사립(법인),류정임,류정임,19791130,19800310,경상북도 경주시 태종로 266-8,054-749-0019,054-771-6222,https://school.gyo6.net/jaforest,0900시0900분~1700시1700분,2,2,2,0,0,132,36,44,52,0,0,36,40,43,0,0,35.8357922903,129.1642893092
경상북도교육청,경주교육지원청,천북초등학교병설유치원,공립(병설),박봉재,박봉재,19810301,19810301,경상북도 경주시 천북로 343,054-774-0602,054-774-0689,http://cheonbuk.school.gyo6.net/,0830시0830분~1630시1630분,0,0,0,1,0,20,0,0,0,20,0,0,0,0,5,0,35.897278475,129.2676819312
경상북도교육청,경주교육지원청,천포초등학교병설유치원,공립(병설),정경진,정경진,19810310,19810310,경상북도 경주시 단석로 1929,054-751-8874,054-751-5916,http://cheonpo.school.gyo6.net,1230시1230분~1630시1630분,0,0,0,1,0,20,0,0,0,20,0,0,0,0,7,0,35.845836478706,129.094993145849
경상북도교육청,경주교육지원청,현곡초등학교병설유치원,공립(병설),장미아,장미아,19810301,19810310,경상북도 경주시 현곡면 다경길 16-7,054-745-2110,054-624-2114,http://school.gyo6.net/khyungok,0800시0800분~1900시1900분,1,1,1,0,0,60,16,20,24,0,0,16,20,24,0,0,35.8868573507,129.1800914099
경상북도교육청,경주교육지원청,현대유치원,사립(법인),이은희,이은희,19931231,19940301,경상북도 경주시 용담로92번길 43-9,054-771-0015,054-741-0669,https://www.gj-hdkid.co.kr/,0800시0800분~1600시1600분,1,1,1,0,0,130,18,24,24,0,0,16,24,24,0,0,35.8678519035295,129.213353689082
경상북도교육청,경주교육지원청,화랑초등학교병설유치원,공립(병설),박명희,박명희,19850901,19850901,경상북도 경주시 임해로 116,054-741-2539,054-771-5957,https://school.gyo6.net/hwarang-kjes/main.do,0730시0730분~1930시1930분,0,0,0,1,0,20,0,0,0,20,0,0,0,0,9,0,35.8421346346775,129.229995849234
경상북도교육청,경주교육지원청,화천초등학교병설유치원,공립(병설),박순현,박순현,20260301,20260301,경상북도 경주시 건천읍 경주역세권3로 60,054-701-2073,054-701-2076,http://school.gyo6.net/hc,0750시0750분~1900시1900분,1,1,1,0,0,60,16,20,24,0,0,16,20,24,0,0, , 
경상북도교육청,경주교육지원청,황남초등학교병설유치원,공립(병설),김영식,김영식,19921231,19921231,경상북도 경주시 광중2길 28,054-772-9409,054-742-2013,https://school.gyo6.net/hn,0800시0800분~1900시1900분,1,1,1,0,0,60,16,20,24,0,0,16,20,24,0,0,35.8845875386,129.2290630189
경상북도교육청,경주교육지원청,황성초등학교병설유치원,공립(병설),양진희,양진희,19850901,19850901,경상북도 경주시 양정로287번길 12,054-774-4666,054-774-4633,http://hwangsung.school.gy06.net,0800시0800분~1900시1900분,1,1,1,0,0,60,16,20,24,0,0,16,20,18,0,0,35.8596309132158,129.222578710853
경상북도교육청,경주교육지원청,흥무초등학교병설유치원,공립(병설),이해철,이해철,19930309,19930309,경상북도 경주시 금성로347번길 30,054-771-6664,054-772-4102,http://school.gyo6.net/heungmu,0800시0800분~1900시1900분,1,1,1,0,0,54,14,18,22,0,0,5,9,18,0,0,35.8497780183,129.2041606652
경상북도교육청,고령교육지원청,고령초등학교병설유치원,공립(병설),전영달,전영달,20000301,20000301,경상북도 고령군 대가야읍 왕정길 10,054-955-2460,054-954-1931,http://school.gyo6.net/goryonges,0830시0830분~1900시1900분,0,0,0,1,1,18,0,0,0,15,3,0,0,0,15,0,35.7328094743,128.2684167149
경상북도교육청,고령교육지원청,다산초등학교병설유치원,공립(병설),석말숙,석말숙,19810301,19810301,경상북도 고령군 다산로 685-11,054-955-9953,054-955-8267,https://school.gyo6.net/dasanes,0800시0800분~1900시1900분,0,0,1,1,1,50,0,0,26,24,4,0,0,7,9,2,35.8243673772,128.4510202675
경상북도교육청,고령교육지원청,쌍림초등학교병설유치원,공립(병설),임휘수 ,임휘수,19810310,19810310,경상북도 고령군 귀원1길 6,054-955-0034,054-955-8243,http://www.ssangrim.kr,0830시0830분~1630시1630분,0,0,0,1,0,20,0,0,0,20,0,0,0,0,5,0,35.6808950999,128.2417472125
경상북도교육청,고령교육지원청,우곡초등학교병설유치원,공립(병설),최성욱,최성욱,19810301,19810301,경상북도 고령군 객기나루길 374,054-955-1013,054-955-8249,https://school.gyo6.net/ugok,0830시0830분~1630시1630분,0,0,0,1,0,20,0,0,0,20,0,0,0,0,5,0,35.6330774787187,128.366684300725
경상북도교육청,구미교육지원청,가야유치원,사립(사인),김상교,김상교,20030301,20030301,경상북도 구미시 옥계2공단로 264-11,054-473-5556,054-473-3383,https://school.gyo6.net/kaya,0900시0900분~1700시1700분,2,2,2,0,0,180,60,60,60,0,0,45,49,45,0,0,36.1278888398987,128.417521564911
경상북도교육청,구미교육지원청,계명유치원,사립(사인),김미숙,김미숙,20050901,20050901,경상북도 구미시 봉곡서로 100,054-454-0780,054-454-0782,https://blog.naver.com/kmk_0780,0900시0900분~1900시1900분,2,2,3,0,0,270,38,46,78,0,0,38,46,53,0,0,36.1598517910384,128.307532970554
경상북도교육청,구미교육지원청,광평초등학교병설유치원,공립(병설),전용수,전용수,19810301,19810301,경상북도 구미시 구미대로 285,054-461-9956,054-461-9957,https://school.gyo6.net/kwangpyunges/main.do?sysId=kwangpyunges,1300시1300분~1700시1700분,0,0,0,1,0,20,0,0,0,20,0,0,0,0,3,0,36.1128066436,128.3627208978
경상북도교육청,구미교육지원청,구미문성초등학교병설유치원,공립(병설),신정순,신정순,20180301,20180302,경상북도 구미시 들성로9길 13,054-514-7776,054-514-7778,http://school.gyo6.net/gmsung,1230시1230분~1630시1630분,1,1,1,0,0,60,16,20,24,0,0,8,19,23,0,0,36.1618515323,128.3452657766
경상북도교육청,구미교육지원청,구미사곡초등학교병설유치원,공립(병설),김진숙,김진숙,20060301,20060301,경상북도 구미시 상사동로24길 9,054-463-2165,054-463-2163,http://gumisagok.school.gyo6.net,1230시1230분~1630시1630분,0,0,0,1,0,20,0,0,0,20,0,0,0,0,3,0,36.0999021216,128.3605590643
경상북도교육청,구미교육지원청,구미신당초등학교병설유치원,공립(병설),한익희,한익희,20200301,20200301,경상북도 구미시 신당4로 29,054-715-7515, ,http://school.gyo6.net/gmsdes,0800시0800분~1900시1900분,1,1,1,0,0,60,16,20,24,0,0,16,20,24,0,0,36.1606539827022,128.431038445341
경상북도교육청,구미교육지원청,구미신평초등학교병설유치원,공립(병설),임형수,임형수,19950301,19950301,경상북도 구미시 신비로4길 15,054-715-5476,054-461-0416, ,1230시1230분~1630시1630분,1,1,1,0,1,58,14,18,22,0,4,10,16,11,0,5,36.1219220264326,128.365864232386
경상북도교육청,구미교육지원청,구미왕산초등학교병설유치원,공립(병설),서보윤,서보윤,20100301,20100301,경상북도 구미시 왕산로 32,054-461-5639,054-461-5638, ,0730시0730분~1830시1830분,0,0,1,1,1,52,0,0,24,24,4,0,0,7,18,6,36.0861234909098,128.365477015307
경상북도교육청,구미교육지원청,구미원당초등학교병설유치원,공립(병설),장계영,장계영,20200301,20200301,경상북도 구미시 옥계신당로9길 21,054-715-5336,054-715-5338,http://school.gyo6.net/wondang,0800시0800분~1900시1900분,1,1,1,0,1,65,16,20,24,0,5,16,19,24,0,5,36.1443713258,128.4248544188
경상북도교육청,구미교육지원청,구미인덕초등학교병설유치원,공립(병설),이헌성,이헌성,20180301,20180308,경상북도 구미시 신당인덕3로 25,054-714-3284, ,http://school.gyo6.net/gmindeokes,0800시0800분~1930시1930분,1,1,1,0,0,60,16,20,24,0,0,16,20,24,0,0,36.1625221676,128.4379667378
경상북도교육청,구미교육지원청,구미초등학교병설유치원,공립(병설),임지선,임지선,19940301,19940301,경상북도 구미시 역전로2길 23,054-453-5428,054-456-0240,http://gumies.school.gyo6.net,1230시1230분~1630시1630분,1,1,1,0,0,60,16,20,24,0,0,16,9,14,0,0,36.130347662449,128.335166216168
경상북도교육청,구미교육지원청,구운초등학교병설유치원,공립(병설),임선희,임선희,19830303,19830303,경상북도 구미시 송평구길 79,054-456-7956,054-454-8805,https://school.gyo6.net/9un,0800시0800분~1900시1900분,0,0,0,1,0,20,0,0,0,20,0,0,0,0,7,0,36.1706337190282,128.368775928412
경상북도교육청,구미교육지원청,금오유치원,사립(사인),이광홍,이진우,19970307,19970307,경상북도 구미시 문장로22길 32,054-441-2697,054-441-2698,http://cafe.daum.net/gokids,0800시0800분~1830시1830분,3,2,1,0,0,164,50,40,26,0,0,42,32,22,0,0,36.151971924346,128.333766904084
경상북도교육청,구미교육지원청,꽃가람유치원,사립(사인),변인숙,변인숙,20170301,20170301,경상북도 구미시 들성로9길 20-57,054-451-3399, , ,0730시0730분~1930시1930분,0,0,0,1,0,156,0,0,0,18,0,0,0,0,8,0,36.162712621,128.3462628697
경상북도교육청,구미교육지원청,나리유치원,사립(사인),이금옥,이금옥,20101022,20110301,경상북도 구미시 산호대로41길 14-42,054-473-7516,070-7209-6019, ,1330시1330분~1600시1600분,0,0,1,2,0,202,0,0,24,38,0,0,0,19,17,0,36.1392256603,128.4399625752
경상북도교육청,구미교육지원청,남계초등학교병설유치원,공립(병설),김상국,김상국,19810301,19810301,경상북도 구미시 봉한3길 16,054-454-8512,054-456-1103, ,1230시1230분~1630시1630분,0,0,0,1,0,20,0,0,0,20,0,0,0,0,3,0,36.1810922672977,128.348437508144
경상북도교육청,구미교육지원청,늘푸른유치원,사립(사인),최홍준,박현숙,20090301,20090301,경상북도 구미시 산호대로23길 19,054-471-7900,054-472-7908,http://cafe.naver.com/evergreen4717900,0730시0730분~1900시1900분,3,3,2,0,0,198,72,72,52,0,0,70,72,48,0,0,36.1391862248331,128.414784440631
경상북도교육청,구미교육지원청,대자연유치원,사립(사인),홍호식,권해옥,20140401,20150302,경상북도 구미시 4공단로12길 30,054-473-7175,054-473-7178,https://school.gyo6.net/daejayeon,0830시0830분~1900시1900분,0,1,4,6,0,270,0,22,104,144,0,0,22,91,133,0,36.127826628476,128.456249237666
경상북도교육청,구미교육지원청,도량초등학교병설유치원,공립(병설),이한호,이한호,20000301,20000310,경상북도 구미시 송동로7길 15-14,054-442-2448,054-444-6568,http://doryang.school.gyo6.net ,0830시0830분~1700시1700분,0,0,0,1,0,20,0,0,0,20,0,0,0,0,7,0,36.1447145377184,128.320052648759
경상북도교육청,구미교육지원청,도산유치원,공립(단설),정은주,정은주,20011119,20011119,경상북도 구미시 문장로 100,054-458-2058,054-457-8427,https://school.gyo6.net/dosankg,0800시0800분~1900시1900분,2,2,1,0,1,100,32,40,24,0,4,31,39,17,0,4,36.1415475905,128.3329596759
경상북도교육청,구미교육지원청,동아유치원,사립(사인),김희동,김희동,19950228,19950228,경상북도 구미시 형곡로 211-9,054-451-2377,054-453-2377, ,0900시0900분~1630시1630분,7,5,4,0,0,346,128,110,104,0,0,128,109,104,0,0,36.1084275313493,128.338381599504
경상북도교육청,구미교육지원청,동화나라유치원,사립(사인),김종식,정공자,20130228,20130301,경상북도 구미시 상사동로 103,0544644119,054-462-7905, ,0730시0730분~1930시1930분,0,2,2,2,0,234,0,44,52,48,0,0,30,37,30,0,36.0937302824683,128.359028825366
경상북도교육청,구미교육지원청,드림유치원,사립(사인),이순희,이순희,20191226,20200302,경상북도 구미시 해마루공원로 115,054-475-9390,054-476-9390, ,0730시0730분~1930시1930분,1,1,1,1,0,98,20,24,28,24,0,18,17,28,18,0,36.1446233508138,128.428055827948
경상북도교육청,구미교육지원청,라온유치원,사립(사인),김형영,김형영,20150301,20150301,경상북도 구미시 봉곡남로25길 40-5,054-442-7942,054-455-3411,https://blog.naver.com/raon-kindergarten,0800시0800분~1830시1830분,2,1,2,3,0,192,36,22,56,78,0,36,22,56,78,0,36.1551660999454,128.316495130835
경상북도교육청,구미교육지원청,라임유치원,사립(사인),김윤경,김윤경,20130301,20130301,경상북도 구미시 금오대로9길 30,0544627979,054-461-0603, ,0800시0800분~1700시1700분,0,1,1,0,0,78,0,22,24,0,0,0,9,17,0,0,36.0739053121721,128.347869938131
경상북도교육청,구미교육지원청,리더스숲유치원,사립(사인),김춘학,위종임,20121129,20130304,경상북도 구미시 인동49길 16-45,054-471-7953,054-471-7952, ,0700시0700분~1900시1900분,4,4,3,0,0,294,72,88,78,0,0,49,83,66,0,0,36.0946267593922,128.446914738587
경상북도교육청,구미교육지원청,리라유치원,사립(사인),신순례,신순례,19981113,19981113,경상북도 구미시 들성로3길 35,054-443-8080,054-443-8998,http://cafe.daum.net/rira8080,0730시0730분~1900시1900분,3,2,2,0,0,300,45,46,44,0,0,39,44,42,0,0,36.1554341945366,128.329042200954
경상북도교육청,구미교육지원청,링컨유치원,사립(사인),권순교,김숙경,20130227,20130301,경상북도 구미시 인동북길 183-20,054-472-2787,054-716-2785,http://www.rckids.moapp.kr,0830시0830분~1700시1700분,2,1,1,1,0,120,36,23,26,23,0,23,13,26,16,0,36.095008027584,128.435678870028
경상북도교육청,구미교육지원청,명지유치원,사립(사인),윤기주,윤기주,20120301,20120301,경상북도 구미시 문장로12안길 14-4,054-451-2732,054-451-2732, ,0730시0730분~1600시1600분,2,1,1,0,0,130,36,44,50,0,0,24,17,16,0,0,36.1405927450313,128.335046940486
경상북도교육청,구미교육지원청,문장유치원,사립(사인),유혜진,유혜진,20140217,20140301,경상북도 구미시 문장로23길 22-19,0544412433, , ,0830시0830분~1630시1630분,1,1,1,0,0,83,18,20,20,0,0,10,7,8,0,0,36.1510287278551,128.328076513964
경상북도교육청,구미교육지원청,문장초등학교병설유치원,공립(병설),최제석,최제석,20051201,20060301,경상북도 구미시 문장로 168,054-443-4926,054-443-4928, ,0800시0800분~1900시1900분,1,1,1,0,1,64,16,20,24,0,4,10,11,14,0,4,36.1485800882,128.3327639174
경상북도교육청,구미교육지원청,문화유치원,사립(사인),강성구,강성구,20101013,20110301,경상북도 구미시 도봉로 57-2,054-443-9966,054-443-9966,https://munhwakids.moapp.kr,0830시0830분~1630시1630분,1,0,1,1,0,160,18,0,26,25,0,14,0,24,24,0,36.1410907247,128.3178853243
경상북도교육청,구미교육지원청,보눔유치원,사립(사인),전은향,전은향,20160127,20160301,경상북도 구미시 흥안로2길 37,054-474-5577,054-474-5569, ,0830시0830분~1630시1630분,1,3,3,2,0,210,18,66,78,48,0,18,66,78,48,0,36.1480388249518,128.417795117053
경상북도교육청,구미교육지원청,분도유치원,사립(법인),조환길,홍명자,19740309,19740315,경상북도 구미시 원남로 120,054-452-3977,054-458-1050,https://cafe.daum.net/gumiboondo,0730시0730분~1900시1900분,0,0,1,1,0,132,0,0,24,22,0,0,0,16,12,0,36.1266571991545,128.333416856289
경상북도교육청,구미교육지원청,브니엘유치원,사립(사인),강인숙,강인숙,20080301,20080301,경상북도 구미시 박정희로 599,054-458-5700,054-458-5713, ,0900시0900분~1900시1900분,1,1,1,0,0,220,18,22,26,0,0,11,10,12,0,0,36.1224735634,128.339422126
경상북도교육청,구미교육지원청,사랑유치원,사립(사인),김태은,김선경,19920201,19920201,경상북도 구미시 검성로 93,054-472-5330,054-473-4455, ,0750시0750분~1830시1830분,2,2,2,0,0,132,34,44,54,0,0,10,20,19,0,0,36.1180645584622,128.427032045136
경상북도교육청,구미교육지원청,산동숲유치원,사립(사인),허영숙,허영숙,19940820,19940820,경상북도 구미시 산동읍 강동로 816-16,054-475-4750,054-476-4750, ,0830시0830분~1900시1900분,3,2,2,0,0,150,55,52,43,0,0,55,52,43,0,0,36.165213016611,128.458206583392
경상북도교육청,구미교육지원청,산동초등학교병설유치원,공립(병설),김종중,김종중,19810109,19810109,경상북도 구미시 강동로 936-18,054-471-6253,054-474-3087,http://school.gyo6.net/sand3005/ ,1230시1230분~1630시1630분,0,0,0,1,0,20,0,0,0,20,0,0,0,0,3,0,36.1675837141,128.4458770154
경상북도교육청,구미교육지원청,상모유치원,공립(단설),이봉자,이봉자,20040112,20040312,경상북도 구미시 상모로 71,054-464-9720,054-464-9721,https://school.gyo6.net/sangmo-kidkg/main.do?sysId=sangmo-kidkg,0740시0740분~1900시1900분,2,1,2,0,2,108,32,20,48,0,8,19,17,42,0,8,36.0907948421729,128.356383228809
경상북도교육청,구미교육지원청,색동유치원,사립(사인),곽영자,곽영자,19870327,19870327,경상북도 구미시 공원로 343,054-456-3838,054-455-0505, ,0730시0730분~1930시1930분,2,3,2,0,0,350,32,50,50,0,0,30,41,49,0,0,36.1069887218599,128.329826020488
경상북도교육청,구미교육지원청,선산유치원,사립(사인),김판순,김판순,19680501,20130701,경상북도 구미시 단계동길 109-11,054-481-7040,054-481-7041,http://www.sskids.or.kr,0800시0800분~1900시1900분,2,2,2,0,0,157,36,66,54,0,0,17,24,27,0,0,36.2472951928275,128.296675202059
경상북도교육청,구미교육지원청,선산초등학교병설유치원,공립(병설),박창욱,박창욱,19810301,19810301,경상북도 구미시 선산읍 선산중앙로 87-4 (선산읍. 선산초등학교),054-482-0493,054-482-0592,http://school.gyo6.net/sunsanes,0800시0800분~1900시1900분,0,0,1,1,0,44,0,0,11,5,0,0,0,11,5,0,36.244068930558456,128.30108350296507
경상북도교육청,구미교육지원청,선주초등학교병설유치원,공립(병설),박상일,박상일,20040301,20040301,경상북도 구미시 봉곡로 134,054-442-7521,054-442-4383,http://seonju.school.gyo6.net/,0730시0730분~1930시1930분,0,0,0,1,0,20,0,0,0,20,0,0,0,0,8,0,36.1511007574,128.3113639539
경상북도교육청,구미교육지원청,성심유치원,사립(법인),김조희,김조희,19810314,19810318,경상북도 구미시 야은로45길 13,054-463-0775,054-465-3004, ,0800시0800분~1830시1830분,1,0,0,1,0,125,16,0,0,25,0,4,0,0,18,0,36.1245547174049,128.36246494182
경상북도교육청,구미교육지원청,세종유치원,사립(사인),정근수,박희야,20041120,20041120,경상북도 구미시 상모로10길 21-33,054-464-7151,054-464-7153,https://school.gyo6.net/sejong,0730시0730분~1930시1930분,0,4,3,4,0,280,0,88,78,80,0,0,86,66,80,0,36.0888432773842,128.357477247448
경상북도교육청,구미교육지원청,송정유치원,사립(사인),권재욱,권준호,19960301,19960301,경상북도 구미시 신시로10길 64-10,054-457-4589,054-457-4582, ,0930시0930분~1630시1630분,2,2,2,0,0,308,100,100,108,0,0,32,30,40,0,0,36.1155165408415,128.346055925262
경상북도교육청,구미교육지원청,숲은성유치원,사립(사인),신상재,신상재,20120301,20120301,경상북도 구미시 4공단로4길 5-9 (구포동),054-475-5115,054-475-1403, ,0900시0900분~1630시1630분,0,0,3,5,0,206,0,0,76,130,0,0,0,76,130,0,36.1319535614347,128.429501358532
경상북도교육청,구미교육지원청,아이누리유치원,사립(사인),김명주,김명주,20090113,20090113,경상북도 구미시 들성로9길 3-24,054-455-4212,054-455-4213,https://cafe.naver.com/inuri2009,1300시1300분~1700시1700분,2,2,2,0,0,181,36,40,48,0,0,36,32,35,0,0,36.1611218021976,128.344681280806
경상북도교육청,구미교육지원청,양포초등학교병설유치원,공립(병설),최승희,최승희,19970901,19980301,경상북도 구미시 흥안로3길 30,054-475-1451,054-475-1459,http://school.gyo6.net/yangpo,1300시1300분~1700시1700분,0,0,0,1,1,24,0,0,0,6,3,0,0,0,6,3,36.1447736041,128.4157741077
경상북도교육청,구미교육지원청,예일유치원,사립(사인),김창옥,김창옥,19931231,19931231,경상북도 구미시 신비로9길 10,054-463-6904,070-7500-9939, ,0830시0830분~1630시1630분,1,2,2,0,0,127,25,75,27,0,0,15,41,43,0,0,36.1210551673823,128.370656205344
경상북도교육청,구미교육지원청,오태초등학교병설유치원,공립(병설),박신규,박신규,20120301,20120301,경상북도 구미시 금오대로10길 19-9,054-465-1311,054-465-1312,http://school.gyo6.net/otaees,0800시0800분~1900시1900분,0,0,1,1,0,44,0,0,24,20,0,0,0,8,14,0,36.0701942509216,128.3494358679
경상북도교육청,구미교육지원청,옥계동부초등학교병설유치원,공립(병설),박미영,박미영,20100310,20100310,경상북도 구미시 옥계북로 89,054-474-5331,054-474-5326,https://school.gyo6.net/okgyedongbues,0830시0830분~1630시1630분,0,0,0,1,0,20,0,0,0,20,0,0,0,0,6,0,36.1391099849,128.4276263483
경상북도교육청,구미교육지원청,옥계우리유치원,사립(사인),김경남,박윤주,20140217,20140301,경상북도 구미시 옥계2공단로 278-3,054-474-6468,054-474-6470,https://www.instagram.com/woorikindergarten/,0900시0900분~1630시1630분,1,1,1,0,0,75,18,22,26,0,0,11,19,22,0,0,36.1303745655,128.4166736623
경상북도교육청,구미교육지원청,옥계유치원,사립(사인),홍호식,홍민철,19980220,19980220,경상북도 구미시 흥안로2길 9-2,054-475-2442/3,054-475-6165,http://school.gyo6.net/oukgye,0830시0830분~1630시1630분,3,2,3,0,0,410,62,48,72,0,0,58,39,61,0,0,36.1479292981147,128.416793424513
경상북도교육청,구미교육지원청,옥계초등학교병설유치원,공립(병설),이송도,이송도,20010301,20010301,경상북도 구미시 산호대로23길 21-7,054-475-0015,054-475-0753,http://school.gyo6.net/okgyees,0800시0800분~1900시1900분,1,1,1,0,0,60,16,20,24,0,0,8,7,16,0,0,36.1402074018,128.4144650795
경상북도교육청,구미교육지원청,옥계한별유치원,사립(사인),김태자,김태자,20140301,20140301,경상북도 구미시 산호대로41길 14-26,054-475-7747,070-7209-9144, ,0900시0900분~1700시1700분,1,1,2,6,0,236,18,22,52,144,0,18,22,52,123,0,36.1387160312612,128.44102903706
경상북도교육청,구미교육지원청,우리유치원,사립(사인),김경남,김경남,19970319,19970319,경상북도 구미시 옥계2공단로 280-2,054-474-6467,054-474-6470,https://www.instagram.com/woorikindergarten/,0800시0800분~1900시1900분,1,1,3,0,0,283,18,22,78,0,0,8,19,61,0,0,36.1303437264,128.417404556
경상북도교육청,구미교육지원청,원남초등학교병설유치원,공립(병설),장준호,장준호,20010212,20010212,경상북도 구미시 원남로 12-50,054-452-1676,054-452-1676,https://school.gyo6.net/kwonnam/cm/cntnts/cntntsView.do?mi=152359&cntntsId=152359,0730시0730분~1900시1900분,0,0,1,1,0,44,0,0,24,20,0,0,0,13,12,0,36.1292118739,128.3211915855
경상북도교육청,구미교육지원청,원호초등학교병설유치원,공립(병설),김선국,김선국,19971101,19980309,경상북도 구미시 문장로22길 58,054-443-5202,054-443-5205,http://wonho.school.gyo6.net/,0800시0800분~1900시1900분,1,1,1,0,0,60,16,20,24,0,0,10,14,12,0,0,36.154418212,128.3318940643
경상북도교육청,구미교육지원청,위버조이유치원,사립(사인),사공채,사공채,20170217,20170301,경상북도 구미시 형곡로8길 16-8,054-458-0900, , ,0800시0800분~1430시1430분,3,2,2,0,0,186,54,46,52,0,0,40,41,46,0,0,36.1160365343,128.3318270182
경상북도교육청,구미교육지원청,은성유치원,사립(사인),신상재,윤귀옥,20070302,20070302,경상북도 구미시 인동46길 37-22,054-473-5511,054-476-7869, ,0730시0730분~1930시1930분,0,0,4,8,0,308,0,0,108,200,0,0,0,105,190,0,36.0888781999974,128.442037391631
경상북도교육청,구미교육지원청,인동초등학교병설유치원,공립(병설),윤병찬,윤병찬,20000301,20000301,경상북도 구미시 여헌로3길 34,054-471-7737,054-471-2223,http://school.gyo6.net/indong,0800시0800분~1900시1900분,1,1,1,0,1,62,16,20,24,0,4,7,10,18,0,0,36.1068159929,128.4227158469
경상북도교육청,구미교육지원청,자연숲유치원,사립(사인),박선미,박선미,20131023,20140301,경상북도 구미시 옥계2공단로 248-30,054-474-7966,054-474-7956, ,0830시0830분~1830시1830분,0,2,1,0,0,158,0,25,15,0,0,0,17,8,0,0,36.1276336781425,128.417054076885
경상북도교육청,구미교육지원청,주향유치원,사립(사인),최영희,홍명주,20040202,20040202,경상북도 구미시 형곡로25길 11,054-456-1353,054-457-2273, ,0730시0730분~2000시2000분,3,2,2,0,0,210,54,44,54,0,0,38,34,54,0,0,36.1081940092372,128.333992807232
경상북도교육청,구미교육지원청,진평초등학교병설유치원,공립(병설),박윤경,박윤경,20190301,20190301,경상북도 구미시 인동30길 53,054-715-9952,054-476-9954,http://school.gyo6.net/jinpyeonges,0800시0800분~1700시1700분,0,0,0,1,1,24,0,0,0,20,4,0,0,0,7,4,36.0913525689,128.4274392018
경상북도교육청,구미교육지원청,천사유치원,사립(사인),장정희,장정희,19840302,19840302,경상북도 구미시 산책길 55-12,054-455-1004,070-7500-8006,http://www.angel-school.or.kr,0830시0830분~1630시1630분,1,3,3,0,0,390,16,66,78,0,0,11,65,70,0,0,36.1231651943953,128.329696208159
경상북도교육청,구미교육지원청,천생초등학교병설유치원,공립(병설),하준철,하준철,20070301,20070301,경상북도 구미시 인동43길 8,054-475-5308,054-475-5307,http://school.gyo6.net/cheonsaenges,1300시1300분~1700시1700분,0,0,0,1,0,20,0,0,0,20,0,0,0,0,4,0,36.0940514035,128.4381113166
경상북도교육청,구미교육지원청,킨더하바유치원,사립(사인),임명해,김미연,20120301,20120301,경상북도 구미시 인동52길 42,054-476-6605,054-471-6605, ,0730시0730분~1900시1900분,3,2,2,0,0,184,54,44,52,0,0,41,42,41,0,0,36.0892950573481,128.443800339141
경상북도교육청,구미교육지원청,태양유치원,사립(사인),이순경,오은심,20131213,20140301,경상북도 구미시 관심1길 58-21,054-481-1142, , ,0900시0900분~1700시1700분,0,2,2,0,0,100,0,44,50,0,0,0,37,31,0,0,36.2141583934622,128.326981250629
경상북도교육청,구미교육지원청,한별유치원,사립(법인),변민수,변민수,20051114,20060301,경상북도 구미시 선기로2길 14-20,054-453-5088,054-453-5089, ,0750시0750분~1930시1930분,2,2,2,0,0,180,36,44,52,0,0,30,33,45,0,0,36.1318796165137,128.320129138324
경상북도교육청,구미교육지원청,해마루초등학교병설유치원,공립(병설),이상철,이상철,20110715,20140301,경상북도 구미시 산호대로 953,054-473-2284,054-473-2285,https://school.gyo6.net/haemaru,0800시0800분~1700시1700분,1,1,1,0,0,60,16,20,24,0,0,16,18,23,0,0,36.1404634543,128.4332785322
경상북도교육청,구미교육지원청,형남초등학교병설유치원,공립(병설),전종필,전종필,19960301,19960305,경상북도 구미시 형곡동로 1-5,054-457-5035,054-457-7276, ,0800시0800분~1900시1900분,0,0,1,1,0,44,0,0,24,20,0,0,0,17,6,0,36.1012467633,128.3350453887
경상북도교육청,구미교육지원청,홍익유치원,사립(사인),정봉채,정봉채,20051028,20051028,경상북도 구미시 봉곡남로 182,054-443-8787,054-443-8786,https://blog.naver.com/hongik__2006,0750시0750분~1900시1900분,4,5,4,0,0,294,72,110,112,0,0,77,109,108,0,0,36.1518419066,128.3211395528
경상북도교육청,구미교육지원청,효성유치원,사립(사인),김양의,김양의,19960228,19960228,경상북도 구미시 왕산로3길 42,054-463-8787,054-463-0110, ,0730시0730분~1830시1830분,1,0,0,1,0,120,16,0,0,24,0,9,0,0,14,0,36.0884676029478,128.36833176896
경상북도교육청,김천교육지원청,감천초등학교병설유치원,공립(병설),김명규,김명규,19810301,19810301,경상북도 김천시 금감로 1550-2,054-431-5664,054-439-9097,http://school.gyo6.net/gmes,1230시1230분~1630시1630분,0,0,0,1,0,20,0,0,0,20,0,0,0,0,6,0,36.0656232297,128.1253897163
경상북도교육청,김천교육지원청,개령서부초등학교병설유치원,공립(병설),허영란,허영란,19820329,19820329,경상북도 김천시 감문로 277,054-436-5272,054-436-7633,http://www.gaeseo.es.kr,0830시0830분~1630시1630분,0,0,0,1,0,20,0,0,0,20,0,0,0,0,2,0,36.1572491274161,128.15221437972
경상북도교육청,김천교육지원청,계명유치원,사립(사인),이제승,이현정,19941220,19941220,경상북도 김천시 고래실길 39,054-436-2101,054-436-2103, ,0900시0900분~1700시1700분,1,1,1,0,0,90,30,30,30,0,0,11,13,20,0,0,36.1221180752544,128.085397447838
경상북도교육청,김천교육지원청,금강사금강유치원,사립(사인),김진태,김수경,20000118,20000118,경상북도 김천시 가메실5길 58,054-431-7773,054-431-7780, ,0900시0900분~1600시1600분,2,3,1,0,0,120,40,54,26,0,0,40,53,26,0,0,36.1210324969087,128.100894239928
경상북도교육청,김천교육지원청,김천동부초등학교병설유치원,공립(병설),권경미,권경미,19810122,19810122,경상북도 김천시 황산로 83-15,054-436-7969,054-436-0601, ,0800시0800분~1900시1900분,0,0,1,1,0,36,0,0,24,20,0,0,0,8,8,0,36.1186440037934,128.138248510459
경상북도교육청,김천교육지원청,김천동신초등학교병설유치원,공립(병설),한인기,한인기,20030301,20030301,경상북도 김천시 신음새동네길 116,054-431-2440,054-439-2439,http://school.gyo6.net/gc-dongshin,0800시0800분~1900시1900분,0,0,0,1,0,20,0,0,0,20,0,0,0,0,5,0,36.1314424218,128.1218139136
경상북도교육청,김천교육지원청,김천부곡초등학교병설유치원,공립(병설),라용찬,라용찬,20200901,20200901,경상북도 김천시 부곡맛고을1길 147,054-437-8240, ,https://school.gyo6.net/gimcheonbugog/cm/cntnts/cntntsView.do?mi=106987&cntntsId=106987,1230시1230분~1630시1630분,0,0,0,1,0,20,0,0,0,20,0,0,0,0,7,0,36.1248664105,128.0950564206
경상북도교육청,김천교육지원청,김천서부초등학교병설유치원,공립(병설),이미경,이미경,19830228,19830301,경상북도 김천시 원곡길 8,054-434-7767,054-432-5033, ,0830시0830분~1700시1700분,0,0,0,1,0,20,0,0,0,20,0,0,0,0,6,0,36.1228755397217,128.107102365962
경상북도교육청,김천교육지원청,김천신일초등학교병설유치원,공립(병설),채득원,채득원,19970307,19970307,경상북도 김천시 신음3길 42,054-433-5579,054-433-5570,https://school.gyo6.net/gcsinile,0830시0830분~1800시1800분,0,0,0,1,0,20,0,0,0,20,0,0,0,0,4,0,36.1429746777,128.1205132814
경상북도교육청,김천교육지원청,김천유치원,공립(단설),조미연,조미연,20071221,20080301,경상북도 김천시 문당길 76,054-437-0618,054-437-0621,http://school.gyo6.net/gimcheonkg,0800시0800분~1900시1900분,1,2,2,0,1,100,18,40,48,0,4,18,35,37,0,2,36.1405174107,128.0924876207
경상북도교육청,김천교육지원청,김천중앙초등학교병설유치원,공립(병설),김태표,김태표,19850301,19850301,경상북도 김천시 김천로 156,054-436-7735,054-432-1707,http://gjaes.school.gyo6.net,0730시0730분~1900시1900분,1,1,1,0,1,58,14,18,22,0,4,3,9,13,0,2,36.1205203515,128.1175696245
경상북도교육청,김천교육지원청,녹야유치원,사립(사인),이안순,윤경림,19880301,19880301,경상북도 김천시 호랑이2길 5,054-434-4656,054-439-4656, ,0900시0900분~1800시1800분,2,1,1,0,0,140,36,22,26,0,0,23,18,24,0,0,36.116240458101,128.118479476328
경상북도교육청,김천교육지원청,농소유치원,공립(단설),지상자,지상자,20180301,20180306,경상북도 김천시 해오름1로1길 9,054-432-8221,054-432-8224,http://school.gyo6.net/nongsokg,0800시0800분~1900시1900분,2,2,2,0,0,132,36,40,48,0,0,36,39,40,0,0,36.122293643,128.1755153314
경상북도교육청,김천교육지원청,대덕초등학교병설유치원,공립(병설),석미영,석미영,19810302,19810302,경상북도 김천시 관기2길 21,054-434-1018,054-434-9927,https://school.gyo6.net/daeduk/main.do?sysId=daeduk,1230시1230분~1630시1630분,0,0,0,1,0,20,0,0,0,20,0,0,0,0,2,0,35.9181792778,127.9720466758
경상북도교육청,김천교육지원청,리라유치원,사립(사인),윤여애,윤여애,20060123,20060123,경상북도 김천시 신음새동네2길 13,054-437-3233,054-437-3244,https://school.gyo6.net/lila,0800시0800분~1700시1700분,2,2,1,0,0,212,36,44,28,0,0,31,28,26,0,0,36.13371111835,128.119827963067
경상북도교육청,김천교육지원청,봉계초등학교병설유치원,공립(병설),김기윤,김기윤,19810301,19810301,경상북도 김천시 봉계길 74-15,054-430-1963,054-430-0213,https://school.gyo6.net/bonggyees/class/CI1803089513/,0830시0830분~1640시1640분,0,0,0,1,0,20,0,0,0,20,0,0,0,0,6,0,36.1444427783,128.0641114548
경상북도교육청,김천교육지원청,아천초등학교병설유치원,공립(병설),황연옥,황연옥,19810310,19810310,경상북도 김천시 어모문화1길 14,054-434-3006,054-432-7900,http://acheon.school.gyo6.net,0830시0830분~1630시1630분,0,0,0,1,0,20,0,0,0,20,0,0,0,0,7,0,36.1787566084108,128.116469523773
경상북도교육청,김천교육지원청,우리유치원,사립(사인),백승희,유정희,20071026,20080305,경상북도 김천시 부곡맛고을2길 86,054-437-4417,054-437-4418,http://www.woree.co.kr,0900시0900분~1700시1700분,2,2,2,0,0,175,40,45,46,0,0,40,42,38,0,0,36.1243389625508,128.094299625465
경상북도교육청,김천교육지원청,운곡초등학교병설유치원,공립(병설),정용경,정용경,20100301,20100301,경상북도 김천시 용전4로3길 7,054-437-5126,054-437-5123,https://school.gyo6.net/gcungokes/main.do,1300시1300분~1630시1630분,1,1,2,0,0,86,18,20,48,0,0,14,18,34,0,0,36.1235169195,128.1928835752
경상북도교육청,김천교육지원청,위량초등학교병설유치원,공립(병설),이태선,이태선,19810309,19810309,경상북도 김천시 문화로 6,054-431-5113,054-432-6480,http://wiryanges.school.gyo6.net,1230시1230분~1630시1630분,0,0,0,1,0,20,0,0,0,20,0,0,0,0,3,0,36.2015427199,128.1611667706
경상북도교육청,김천교육지원청,율곡유치원,공립(단설),채순희,채순희,20150301,20150306,경상북도 김천시 용전4로1길 33,054-437-6704, ,http://yulgokkg.school.gyo6.net,0740시0740분~1900시1900분,2,2,2,0,1,128,36,40,48,0,4,35,36,43,0,5,36.1218203766,128.1927431973
경상북도교육청,김천교육지원청,율빛유치원,공립(단설),이계화,이계화,20180301,20180301,경상북도 김천시 옥산길 128,054-430-9851,054-430-9854,http://school.gyo6.net/yulbit,0800시0800분~1900시1900분,4,3,3,0,1,208,72,60,72,0,4,67,52,55,0,5,36.1119482518,128.1890391865
경상북도교육청,김천교육지원청,조은유치원,사립(사인),노채경,노채경,19960301,19960301,경상북도 김천시 시청2길 32,054-431-4417,054-431-4418,http://www.joun.kg.kr,0730시0730분~1900시1900분,2,1,2,0,0,158,36,44,52,0,0,22,23,36,0,0,36.1371565856358,128.113404229808
경상북도교육청,김천교육지원청,지품천초등학교증산분교장병설유치원,공립(병설),원영호,원영호,20260301,20260301,경상북도 김천시 증산면 증산1로 29,054-437-0013,054-437-5320,https://school.gyo6.net/jpce/main.do?sysId=jpce,1230시1230분~1630시1630분,0,0,0,1,0,20,0,0,0,20,0,0,0,0,2,0,35.9023606285,128.0360819308
경상북도교육청,김천교육지원청,직지초등학교병설유치원,공립(병설),손영곤,손영곤 ,19800421,19800421,경상북도 김천시 대성향천길 1603,054-437-4468, , ,0840시0840분~1640시1640분,0,0,0,1,0,20,0,0,0,20,0,0,0,0,5,0,36.1227670305622,128.021216655693
경상북도교육청,김천교육지원청,킨더하바유치원,사립(사인),임명해,권재욱,20170217,20170301,경상북도 김천시 해오름2로1길 5,054-433-7977,054-433-7978,http://www.haba.moapp.kr,0800시0800분~1900시1900분,1,3,1,1,0,136,18,69,25,24,0,17,68,25,24,0,36.1181311806,128.1761596695
경상북도교육청,김천교육지원청,해오름유치원,사립(사인),조병삼,조병삼,20170217,20170217,경상북도 김천시 해오름1로 46,054-435-4417,054-435-4416,http://cafe.daum.net/haeoreum4417,0740시0740분~1830시1830분,2,2,2,0,0,136,38,44,54,0,0,40,42,46,0,0,36.1242820237,128.1741853995
경상북도교육청,문경교육지원청,가은초등학교병설유치원,공립(병설),유영희,유영희,19800301,19800301,경상북도 문경시 가은로 129,054-571-6281,054-571-5383,http://gaeun6280.school.9yo6.net,0830시0830분~1700시1700분,0,0,0,1,1,24,0,0,0,20,4,0,0,0,9,2,36.6443381393,128.0620747376
경상북도교육청,문경교육지원청,당포초등학교병설유치원,공립(병설),김기정,김기정,19810301,19810301,경상북도 문경시 여우목로 580,054-572-0216,054-572-2996,https://school.gyo6.net/dangpoes/main.do,1240시1240분~1640시1640분,0,0,0,1,0,20,0,0,0,20,0,0,0,0,8,0,36.7526871256,128.1522442153
경상북도교육청,문경교육지원청,동로초등학교병설유치원,공립(병설),이재익,이재익,20190301,19810301,경상북도 문경시 동로면 노은2길 4,054-553-8234,054-552-8023,http://school.gyo6.net/dongro,0830시0830분~1630시1630분,0,0,0,1,0,20,0,0,0,20,0,0,0,0,7,0,36.7710812744,128.3152419644
경상북도교육청,문경교육지원청,동성초등학교병설유치원,공립(병설),김영호,김영호,19810306,19810306,경상북도 문경시 동성길 80,054-571-2041,054-571-7147, ,0840시0840분~1640시1640분,0,0,0,1,0,20,0,0,0,20,0,0,0,0,3,0,36.681931704,128.1275872701
경상북도교육청,문경교육지원청,모전초등학교병설유치원,공립(병설),박창진,박창진,19970301,19970301,경상북도 문경시 매봉로 75,054-555-1788,054-555-0274,school.gyo6.net/mojeon,0730시0730분~1900시1900분,1,1,1,0,0,60,16,20,24,0,0,16,20,24,0,0,36.5919646168,128.1811245972
경상북도교육청,문경교육지원청,문경유치원,공립(단설),민태자,민태자,20170901,20170901,경상북도 문경시 점촌로 60,054-550-9500,054-554-9965,http://school.gyo6.net/mungkind,0800시0800분~1900시1900분,1,2,2,0,2,104,14,39,46,0,5,14,37,46,0,5,36.5989243792,128.197775055
경상북도교육청,문경교육지원청,문경초등학교병설유치원,공립(병설),김은정 ,김은정 ,19860302,19860412,경상북도 문경시 문경읍 청운로 23,054-572-0458,054-572-0457,https://school.gyo6.net/mungyeonges,0830시0830분~1630시1630분,0,0,0,1,0,21,0,0,0,21,0,0,0,0,21,0,36.7377359932,128.104148483
경상북도교육청,문경교육지원청,산북초등학교병설유치원,공립(병설),이향,이향,19810301,19810309,경상북도 문경시 금천로 553-12,054-553-3871,054-553-4349,http://school.gyo6.net/sanbuk,0840시0840분~1640시1640분,0,0,0,1,0,20,0,0,0,20,0,0,0,0,6,0,36.6558055443,128.2571540336
경상북도교육청,문경교육지원청,산양초등학교병설유치원,공립(병설),권미숙,권미숙,19810301,19810301,경상북도 문경시 산양로 51,054-552-3361,054-552-3712,http://school.gyo6.net/sanyang,0840시0840분~1640시1640분,0,0,0,1,0,20,0,0,0,20,0,0,0,0,3,0,36.6106825614896,128.252966718535
경상북도교육청,문경교육지원청,상지유치원,사립(법인),주옥희,주옥희,19710423,19710503,경상북도 문경시 점촌5길 39-9,054-553-8195,054-553-8196, ,0840시0840분~1900시1900분,0,0,0,5,0,160,0,0,0,122,0,0,0,0,122,0,36.5973366766,128.1951580749
경상북도교육청,문경교육지원청,신기초등학교병설유치원,공립(병설),백승호,백승호,19850901,19850901,경상북도 문경시 신기4길 15,054-553-1678,054-552-3255,https://school.gyo6.net/singie,0840시0840분~1640시1640분,0,0,0,1,0,20,0,0,0,20,0,0,0,0,4,0,36.6404295713,128.1672057271
경상북도교육청,문경교육지원청,영순초등학교병설유치원,공립(병설),최인규,최인규,19810304,19810304,경상북도 문경시 사근2길 14,054-553-8189,054-553-1090,http://school.gyo6.net/yeongsun,0840시0840분~1640시1640분,0,0,0,1,0,20,0,0,0,20,0,0,0,0,7,0,36.5784819153159,128.244308937692
경상북도교육청,문경교육지원청,점촌북초등학교병설유치원,공립(병설),장명중,장명중,19810301,19810301,경상북도 문경시 유곡불정로 154,054-552-5041,054-554-0092,http://jeomchonbuk.school.gyo6.net,1240시1240분~1640시1640분,0,0,0,1,0,20,0,0,0,20,0,0,0,0,5,0,36.6263762974,128.1573285307
경상북도교육청,문경교육지원청,점촌중앙초등학교병설유치원,공립(병설),권옥자,권옥자,19920310,19920310,경상북도 문경시 중앙초등길 9,054-555-1514,054-553-0723,http://school.gyo6.net/jeomchonjungang,0840시0840분~1640시1640분,0,0,0,1,1,24,0,0,0,20,4,0,0,0,3,1,36.5991692565,128.1948726474
경상북도교육청,문경교육지원청,점촌초등학교병설유치원,공립(병설),최을희,최을희,19930901,19930901,경상북도 문경시 중앙로 63-16,054-555-6717,054-552-2440,http://jeomchones.school.gyo6.net,1240시1240분~1640시1640분,0,0,0,1,1,20,0,0,0,16,4,0,0,0,12,3,36.5927223189612,128.194170906588
경상북도교육청,문경교육지원청,호계초등학교병설유치원,공립(병설),조용태,조용태,19810306,19810306,경상북도 문경시 호계면 막곡길 16,054-553-6837,054-552-4814,http://school.gyo6.net/hogye,0830시0830분~1640시1640분,0,0,0,1,0,20,0,0,0,20,0,0,0,0,7,0,36.6339169275,128.2062088067
경상북도교육청,봉화교육지원청,내성초등학교병설유치원,공립(병설),홍효숙,홍효숙,19850301,19850301,경상북도 봉화군 교촌1길 37,054-673-7190,054-673-7187, ,0830시0830분~1730시1730분,0,0,0,1,0,20,0,0,0,20,0,0,0,0,3,0,36.8864388592249,128.736091317422
경상북도교육청,봉화교육지원청,도촌초등학교병설유치원,공립(병설),박춘화,박춘화,19840305,19840305,경상북도 봉화군 봉화로 639,054-672-8392,054-673-7793,http://idochon.school.gyo6.net,0830시0830분~1630시1630분,0,0,0,1,0,20,0,0,0,20,0,0,0,0,9,0,36.8809976529297,128.685888113211
경상북도교육청,봉화교육지원청,동양초등학교병설유치원,공립(병설),이재경,이재경,19810307,19810307,경상북도 봉화군 다덕로 523-14,054-672-8850,054-673-7336,https://school.gyo6.net/dongyang,0840시0840분~1640시1640분,0,0,0,1,0,20,0,0,0,20,0,0,0,0,2,0,36.9129251334,128.7911246998
경상북도교육청,봉화교육지원청,명호초등학교병설유치원,공립(병설),채수진,채수진,19810120,19810120,경상북도 봉화군 노루목재길 28,054-674-1052,054-672-1213,http://myounghoes.school.gyo6.net/,0830시0830분~1630시1630분,0,0,0,1,0,20,0,0,0,20,0,0,0,0,7,0,36.856251011,128.8991754124
경상북도교육청,봉화교육지원청,법전중앙초등학교병설유치원,공립(병설),한강수,한강수,19810301,19820302,경상북도 봉화군 법전로 135,054-673-6981,054-672-4510,http://school.gyo6.net/beobjeon.,0840시0840분~1640시1640분,0,0,0,1,0,20,0,0,0,20,0,0,0,0,3,0,36.9144655708,128.877623391
경상북도교육청,봉화교육지원청,봉화초등학교병설유치원,공립(병설),강성호,강성호,19860307,19860307,경상북도 봉화군 내성로7길 3,054-673-0566,054-672-8680,http://bonghwaes.school.gyo6.net,0830시0830분~1700시1700분,0,0,0,1,0,20,0,0,0,20,0,0,0,0,5,0,36.8928449529,128.740344704
경상북도교육청,봉화교육지원청,석포초등학교병설유치원,공립(병설),임병제,임병제,19810301,19810301,경상북도 봉화군 석포면 석포로1길 33,054-674-0036,054-673-7635,https://school.gyo6.net/seokpo,0830시0830분~1630시1630분,0,0,0,1,0,20,0,0,0,20,0,0,0,0,7,0,37.0463530889,129.0639097062
경상북도교육청,봉화교육지원청,성심유치원,사립(법인),권혁주,최끝숙,19690306,19690306,경상북도 봉화군 내성로6길 22,054-673-2249,054-673-2285,https://school.gyo6.net/bonghwaseongsim/main.do?sysId=bonghwaseongsim,0900시0900분~1700시1700분,1,1,1,0,0,66,16,22,26,0,0,8,9,13,0,0,36.8887946427451,128.739165952873
경상북도교육청,봉화교육지원청,소천초등학교병설유치원,공립(병설),김득기,김득기,19810307,19810307,경상북도 봉화군 소천로 1284,054-673-1761,054-672-7417,http://socheon.school.gyo6.net,0840시0840분~1640시1640분,0,0,0,1,0,20,0,0,0,20,0,0,0,0,3,0,36.9382131267,129.0025108477
경상북도교육청,봉화교육지원청,춘양초등학교병설유치원,공립(병설),김성동,김성동,19810301,19810301,경상북도 봉화군 춘양면 의양로 24-1,054-673-3042,054-673-2036,https://school.gyo6.net,1300시1300분~1700시1700분,0,0,0,1,0,20,0,0,0,20,0,0,0,0,5,0,36.9388813271,128.9147246138
경상북도교육청,상주교육지원청,공검초등학교병설유치원,공립(병설),김금순,김금순,19810301,19810301,경상북도 상주시 공검이안길 27,054-541-1780,054-541-8835, ,1240시1240분~1640시1640분,0,0,0,1,0,20,0,0,0,20,0,0,0,0,5,0,36.5161043149591,128.154018020703
경상북도교육청,상주교육지원청,낙동초등학교병설유치원,공립(병설),석해철,석해철,19810123,19810301,경상북도 상주시 장천로 457,054-532-5040,054-531-3313,https://school.gyo6.net/nakdong,1240시1240분~1640시1640분,0,0,0,1,0,20,0,0,0,20,0,0,0,0,3,0,36.3761950665,128.2470859139
경상북도교육청,상주교육지원청,낙서초등학교병설유치원,공립(병설),전숙희,전숙희,19830315,19830315,경상북도 상주시 영남제일로 3173,054-533-5523,053-533-5390,https://school.gyo6.net/nakse,1300시1300분~1700시1700분,0,0,0,1,0,20,0,0,0,20,0,0,0,0,4,0,36.4074029056021,128.020854134163
경상북도교육청,상주교육지원청,모서초등학교병설유치원,공립(병설),이정자,이정자,19810123,19810301,경상북도 상주시 백화로 1387,054-533-5308,054-533-9370,http://moseoes.school.gyo6.net,1230시1230분~1630시1630분,0,0,0,1,0,20,0,0,0,20,0,0,0,0,3,0,36.3430706484,127.9612288355
경상북도교육청,상주교육지원청,백원초등학교병설유치원,공립(병설),김숙우,김숙우,19820301,19820301,경상북도 상주시 북상주로 591-14,054-532-8526,054-532-9897,https://school.gyo6.net/backwon,1240시1240분~1640시1640분,0,0,0,1,0,20,0,0,0,20,0,0,0,0,5,0,36.4803277119,128.1724368657
경상북도교육청,상주교육지원청,사벌초등학교병설유치원,공립(병설),이재병,이재병,19810123,19810301,경상북도 상주시 덕담1길 53,054-532-8206,054-533-1519,https://school.gyo6.net/sabeol,0840시0840분~1640시1640분,0,0,0,1,0,20,0,0,0,20,0,0,0,0,6,0,36.4681799762213,128.207818753407
경상북도교육청,상주교육지원청,상락유치원,사립(사인),이동근,황혜민,19850327,19850327,경상북도 상주시 삼백로 272,054-532-1284,054-536-1284,https://school.gyo6.net/sangrak,0900시0900분~1700시1700분,2,2,2,0,0,189,36,44,52,0,0,18,33,37,0,0,36.4186522597134,128.173339204289
경상북도교육청,상주교육지원청,상산초등학교병설유치원,공립(병설),김훈,김훈,19960116,19850905,경상북도 상주시 왕산로 374,054-536-0896,054-536-0898,ssan2092@daum.net,1300시1300분~1640시1640분,1,1,1,0,0,60,16,20,24,0,0,16,20,6,0,0,36.4229898785,128.1614865108
경상북도교육청,상주교육지원청,상영초등학교병설유치원,공립(병설),김재영,김재영,20090821,20090821,경상북도 상주시 상산로 202,054-536-0091, , ,1240시1240분~1640시1640분,0,0,0,1,1,28,0,0,0,24,4,0,0,0,3,3,36.4094198502741,128.160589612417
경상북도교육청,상주교육지원청,상주감꽃유치원,공립(단설),조미영,조미영,20060201,20060915,경상북도 상주시 북천로 45,054-535-2913,054-535-2910,https://school.gyo6.net/sangjugamkkot,0830시0830분~1700시1700분,2,2,2,0,0,120,32,40,48,0,0,32,40,42,0,0,36.4284960508,128.1556507576
경상북도교육청,상주교육지원청,상주남부초등학교병설유치원,공립(병설),육정자,육정자,19840615,19840615,경상북도 상주시 지천1길 5,054-533-7489, , ,0900시0900분~1700시1700분,0,0,0,1,0,20,0,0,0,20,0,0,0,0,3,0,36.3634311623611,128.149488873512
경상북도교육청,상주교육지원청,상주동부초등학교병설유치원,공립(병설),김주흥,김주흥,19850121,19850301,경상북도 상주시 헌신1길 1,054-531-3483,054-531-3041,http://sjdb.school.gyo6.net,0830시0830분~1630시1630분,0,0,0,1,0,20,0,0,0,20,0,0,0,0,4,0,36.4179831886137,128.208118098622
경상북도교육청,상주교육지원청,상주원광유치원,사립(법인),나안호,손인자,19840201,19840201,경상북도 상주시 상산새싹길 32,054-535-2002,054-535-9581,https://school.gyo6.net/wonk/main.do?sysId=wonk,0900시0900분~1700시1700분,3,2,2,0,0,172,54,66,52,0,0,53,37,36,0,0,36.4204137237515,128.161094325568
경상북도교육청,상주교육지원청,상주중앙초등학교병설유치원,공립(병설),한장순,한장순,19810123,19810301,경상북도 상주시 상서문1길 112,054-532-3843,054-533-3840,http://school.gyo6.net/sja,0800시0800분~1900시1900분,0,0,0,1,0,20,0,0,0,20,0,0,0,0,13,0,36.4112078158,128.1580930171
경상북도교육청,상주교육지원청,옥산초등학교병설유치원,공립(병설),박영석,박영석,19820304,19820304,경상북도 상주시 공성면 산현3길 17,054-500-7114,054-532-4889,https://school.gyo6.net/oksan,1240시1240분~1640시1640분,0,0,0,1,0,20,0,0,0,20,0,0,0,0,5,0,36.2876440551,128.0981992195
경상북도교육청,상주교육지원청,외남초등학교병설유치원,공립(병설),라재주,라재주,19810123,19810301,경상북도 상주시 석단로 1064,054-532-9022,054-532-9594,https://school.gyo6.net/oenam ,0830시0830분~1630시1630분,0,0,0,1,0,20,0,0,0,20,0,0,0,0,2,0,36.3631669353,128.100203499
경상북도교육청,상주교육지원청,은척초등학교병설유치원,공립(병설),채광수,채광수,19810301,19810304,경상북도 상주시 봉중2길 10,054-541-3405,054-541-5926,https://school.gyo6.net/euncheok/main.do?sysId=euncheok,1240시1240분~1640시1640분,0,0,0,1,0,20,0,0,0,20,0,0,0,0,5,0,36.532328531,128.0704343237
경상북도교육청,상주교육지원청,이안초등학교병설유치원,공립(병설),성태기,성태기,19810123,19810301,경상북도 상주시 양범안룡길 39,054-541-5383,054-541-9362,http://www.ian.es.kr,0840시0840분~1640시1640분,0,0,0,1,0,20,0,0,0,20,0,0,0,0,5,0,36.5789530448306,128.144057702049
경상북도교육청,상주교육지원청,중동초등학교병설유치원,공립(병설),강정훈,강정훈,19830301,19830301,경상북도 상주시 중동면 오상2길 17-4,054-532-8031,054-532-9506,http://www.sjjungdong.school.gyo6.net//,0840시0840분~1640시1640분,0,0,0,1,0,20,0,0,0,20,0,0,0,0,2,0,36.429864886,128.2678032949
경상북도교육청,상주교육지원청,중모초등학교병설유치원,공립(병설),장동열,장동열,19810123,19810301,경상북도 상주시 신천1길 15,070-4736-1914,054-531-3118,http://jungmoes.school.gyo6.net,0840시0840분~1640시1640분,0,0,0,1,0,20,0,0,0,20,0,0,0,0,4,0,36.3011723928,127.9594138211
경상북도교육청,상주교육지원청,청리초등학교병설유치원,공립(병설),김호선,김호선,19810123,19810301,경상북도 상주시 청리면 청하2길 39,054-532-2789,054-533-9110,https://school.gyo6.net/cheongri,0840시0840분~1240시1240분,0,0,0,1,0,20,0,0,0,20,0,0,0,0,3,0,36.3334869863,128.1304721733
경상북도교육청,상주교육지원청,파티마유치원,사립(법인),천주교안동교구유지재단,차현숙,19790301,19790301,경상북도 상주시 동수1길 106,054-535-4851, ,https://cafe.naver.com/fatimasj,0800시0800분~1830시1830분,2,1,1,0,0,129,18,15,15,0,0,18,15,15,0,0,36.4191801093811,128.156581917632
경상북도교육청,상주교육지원청,한마음유치원,사립(법인),최애영,최애영,19941205,19941205,경상북도 상주시 왕산로 105,054-531-1785,054-531-1786, ,0800시0800분~1840시1840분,2,3,2,0,0,171,56,61,54,0,0,33,51,49,0,0,36.410566801508,128.161526158983
경상북도교육청,상주교육지원청,함창초등학교병설유치원,공립(병설),유한라,유한라,19810123,19810301,경상북도 상주시 구향3길 38,054-541-0910,054-541-2490, ,1240시1240분~1640시1640분,0,0,0,1,0,20,0,0,0,20,0,0,0,0,10,0,36.5713483649607,128.180199163592
경상북도교육청,상주교육지원청,화동초등학교병설유치원,공립(병설),박동섭,박동섭,19810123,19810301,경상북도 상주시 이소1길 78,054-532-9756,054-533-1639,https://school.gyo6.net/hwadong,0840시0840분~1640시1640분,0,0,0,1,0,20,0,0,0,20,0,0,0,0,6,0,36.3923636416,127.9517863616
경상북도교육청,상주교육지원청,화령초등학교병설유치원,공립(병설),정하진,정하진,19810301,19810306,경상북도 상주시 화서면 화령로 57,054-533-0501,054-532-0211,https://school.gyo6.net/hwaryeonges,1240시1240분~1640시1640분,0,0,0,1,0,20,0,0,0,20,0,0,0,0,2,0,36.4465076971,127.9519182115
경상북도교육청,상주교육지원청,화북초등학교병설유치원,공립(병설),정우식,정우식,19850121,19850301,경상북도 상주시 화북면 문장로 1803-12,054-533-8685,054-531-0907,https://school.gyo6.net/hwabukes,0840시0840분~1640시1640분,0,0,0,1,0,20,0,0,0,20,0,0,0,0,4,0,36.5675552869,127.910778642
경상북도교육청,성주교육지원청,가천초등학교병설유치원,공립(병설),정석원,정석원,19810321,19810321,경상북도 성주군 가천로 52,054-932-4046,054-932-5589,https://school.gyo6.net/gacheon,0900시0900분~1800시1800분,0,0,0,1,0,20,0,0,0,20,0,0,0,0,2,0,35.8852292537,128.167632205
경상북도교육청,성주교육지원청,대가초등학교병설유치원,공립(병설),김탁환,김탁환,19810301,19810301,경상북도 성주군 대가면 참별로 2188,054-932-6107,054-931-0913,https://school.gyo6.net/,1230시1230분~1630시1630분,0,0,0,1,0,20,0,0,0,20,0,0,0,0,2,0,35.908933403,128.2222380762
경상북도교육청,성주교육지원청,대동초등학교병설유치원,공립(병설),박재영,박재영,19800301,19800301,경상북도 성주군 운용로 1340-9,054-933-7467,054-932-6972,http://daedong.school.gyo6.net/,0830시0830분~1630시1630분,0,0,0,1,0,20,0,0,0,20,0,0,0,0,3,0,35.8581431413298,128.357477581303
경상북도교육청,성주교육지원청,도원초등학교병설유치원,공립(병설),박기범,박기범,19810301,19810301,경상북도 성주군 선노로 185,054-931-0961,054-933-5750, ,1230시1230분~1630시1630분,0,0,0,1,0,20,0,0,0,20,0,0,0,0,5,0,35.8970067309,128.3819957046
경상북도교육청,성주교육지원청,선남초등학교병설유치원,공립(병설),이기철,이기철,19810302,19810302,경상북도 성주군 관화2길 2,054-933-6164,054-931-0909,http://seonnames.school.gyo6.net,0830시0830분~1630시1630분,0,0,0,1,0,20,0,0,0,20,0,0,0,0,5,0,35.9063221744,128.3513412966
경상북도교육청,성주교육지원청,성주중앙초등학교병설유치원,공립(병설),이사열,이사열,19950305,19950305,경상북도 성주군 시장1길 17,054-933-2032,054-931-0905,http://sjjaes.school.gyo6.net/index/index.do,0830시0830분~1630시1630분,0,0,0,1,1,20,0,0,0,20,4,0,0,0,5,1,35.9169971554535,128.286664230304
경상북도교육청,성주교육지원청,성주초등학교병설유치원,공립(병설),안근모,안근모,19910117,19910117,경상북도 성주군 성주읍4길 9,054-933-2026,054-931-0864,https://school.gyo6.net/sjcho,0730시0730분~1900시1900분,0,0,0,1,0,20,0,0,0,20,0,0,0,0,6,0,35.9205268313,128.2711567307
경상북도교육청,성주교육지원청,수륜초등학교병설유치원,공립(병설),한철수,한철수,19810301,19810301,경상북도 성주군 참별로 927,054-933-6740,054-932-3900,http://www.gbe.kr/main.fs. http://www.kbsjed.go.kr/ ,0830시0830분~1630시1630분,0,0,0,1,0,20,0,0,0,20,0,0,0,0,4,0,35.8340478566,128.1914762528
경상북도교육청,성주교육지원청,신성유치원,사립(법인),김은주,김은주,19500406,19511008,경상북도 성주군 청사도서관길 6,054-933-2201,054-933-3020,https://school.gyo6.net/mary,0800시0800분~1900시1900분,1,1,1,0,0,120,18,20,22,0,0,14,7,14,0,0,35.9203074915296,128.28422419137
경상북도교육청,성주교육지원청,월항초등학교병설유치원,공립(병설), 임유섭,임유섭,19810302,19810302,경상북도 성주군 안포2길 16-2,054-933-9410,054-931-0919,http://whes.school.gyo6.net,1230시1230분~1630시1630분,0,0,0,1,0,20,0,0,0,20,0,0,0,0,6,0,35.9515442954195,128.310572482666
경상북도교육청,성주교육지원청,초전초등학교병설유치원,공립(병설),강석준,강석준,19840301,19840301,경상북도 성주군 대장1길 68,054-931-1191,054-932-9647,https://school.gyo6.net/chojun,1230시1230분~1630시1630분,0,0,0,1,0,20,0,0,0,20,0,0,0,0,4,0,35.9765620593,128.2622839794
경상북도교육청,안동교육지원청,가톨릭상지대학부속상지유치원,사립(법인),권혁주,박희주,19770119,19770119,경상북도 안동시 상지길 31,054-857-6763,054-857-6764,http://kg.csj.ac.kr,0800시0800분~1830시1830분,2,2,2,0,0,156,44,48,46,0,0,44,47,46,0,0,36.5697267875453,128.733601827516
경상북도교육청,안동교육지원청,강남유치원,사립(법인),김효신,김효신,19951122,19960301,경상북도 안동시 강남로 21,054-859-6886,054-859-6884, ,0800시0800분~1900시1900분,2,2,2,0,0,160,36,44,52,0,0,24,31,38,0,0,36.547509803557,128.703959142668
경상북도교육청,안동교육지원청,길안초등학교병설유치원,공립(병설),허영희,허영희,19810301,19810301,경상북도 안동시 충효로 2230,054-822-2160, , ,0840시0840분~1640시1640분,0,0,0,1,0,20,0,0,0,20,0,0,0,0,2,0,36.4550232188,128.8955314881
경상북도교육청,안동교육지원청,길주초등학교병설유치원,공립(병설),김교일,김교일,19960301,19960301,경상북도 안동시 경동로 947-20,054-821-7227,054-821-5372,https://school.gyo6.net/kilju,0740시0740분~1900시1900분,1,1,1,0,0,60,16,20,24,0,0,12,14,22,0,0,36.5556254019,128.7593839642
경상북도교육청,안동교육지원청,꿈빛유치원,공립(단설),김옥매,김옥매,20130429,20160301,경상북도 안동시 풍요5길 19,054-855-0086, ,http://school.gyo6.net/dreamkid,0800시0800분~1900시1900분,2,2,2,0,1,124,32,40,48,0,4,32,38,44,0,2,36.57551937381916,128.49931049058276
경상북도교육청,안동교육지원청,남선초등학교병설유치원,공립(병설),김영미,김영미,19810301,19810301,경상북도 안동시 구미양지마길 26,054-822-3761,054-822-2335,https://school.gyo6.net/namseones/main.do,0840시0840분~1640시1640분,0,0,0,1,0,20,0,0,0,20,0,0,0,0,2,0,36.5249776277,128.7685146811
경상북도교육청,안동교육지원청,남후초등학교병설유치원,공립(병설),권태욱,권태욱,19810305,19810305,경상북도 안동시 무릉길 104,054-856-1772,054-859-3073,https://school.gyo6.net/namhoo,0830시0830분~1630시1630분,0,0,0,1,0,20,0,0,0,20,0,0,0,0,1,0,36.5214818722,128.6923155556
경상북도교육청,안동교육지원청,녹전초등학교병설유치원,공립(병설),박재영,박재영,19810301,19810301,경상북도 안동시 녹전로 695,054-841-5509,054-856-6511,http://nokjun.school.gyo6.net/,0840시0840분~1640시1640분,0,0,0,1,0,20,0,0,0,20,0,0,0,0,2,0,36.7411704242,128.7737506447
경상북도교육청,안동교육지원청,동산유치원,사립(사인),김순호,김전하,19860301,19860301,경상북도 안동시 송하2길 51-13,054-853-0163, ,https://school.gyo6.net/dongsan,0900시0900분~1700시1700분,1,1,1,0,0,181,18,22,28,0,0,18,18,19,0,0,36.5703786150326,128.696898980977
경상북도교육청,안동교육지원청,복주초등학교병설유치원,공립(병설),김유희,김유희,20130130,20130308,경상북도 안동시 복주3길 23-13,054-858-3470,054-858-7568,http://bokjues.school.gyo6.net,0730시0730분~1900시1900분,1,1,1,0,1,64,16,20,24,0,4,5,10,13,0,3,36.562814345997,128.697905314611
경상북도교육청,안동교육지원청,서후초등학교병설유치원,공립(병설),이승준,이승준,19810307,19810307,경상북도 안동시 학가산온천길 375,054-852-3017,054-843-1272, ,0840시0840분~1640시1640분,0,0,0,1,0,20,0,0,0,20,0,0,0,0,3,0,36.6169611889,128.6624555134
경상북도교육청,안동교육지원청,성심유치원,사립(법인),권혁주,권미영,19620105,19620105,경상북도 안동시 서동문로 145-6,054-858-0442,054-858-0448,https://school.gyo6.net/sungsim,0800시0800분~1830시1830분,2,2,2,0,0,132,36,48,48,0,0,36,48,48,0,0,36.5672962047,128.7280414972
경상북도교육청,안동교육지원청,송천초등학교병설유치원,공립(병설),진형대,진형대,19810301,19810301,경상북도 안동시 송천2길 119,054-823-5061,054-823-2748,http://songcheon.school.gyo6.net,0830시0830분~1630시1630분,0,0,0,1,0,20,0,0,0,5,0,0,0,0,5,0,36.5462519745,128.7922555556
경상북도교육청,안동교육지원청,신성초등학교병설유치원,공립(병설),문순금,문순금,19810301,19810301,경상북도 안동시 신성장골길 1,054-854-2150, , ,1240시1240분~1640시1640분,0,0,0,1,0,20,0,0,0,20,0,0,0,0,6,0,36.5250399873,128.4626120037
경상북도교육청,안동교육지원청,안동강남초등학교병설유치원,공립(병설),황석수,황석수,20030301,20030301,경상북도 안동시 강남1길 78,054-841-4109,054-841-4106,http://school.gyo6.net/andonggangnam,0740시0740분~1900시1900분,1,1,2,0,0,86,16,22,48,0,0,16,22,33,0,0,36.5500452085812,128.731707991949
경상북도교육청,안동교육지원청,안동꿈터유치원,공립(단설),강혜숙,강혜숙,20100318,20100318,경상북도 안동시 하이마로 297,054-856-8772,054-856-8770,https://school.gyo6.net/ggumter,0830시0830분~1630시1630분,1,2,2,0,1,108,15,42,47,0,4,15,42,47,0,4,36.5507845182,128.6826395733
경상북도교육청,안동교육지원청,안동서부초등학교병설유치원,공립(병설),박재석,박재석,19840210,19840210,경상북도 안동시 서동문로 65,054-856-4140,054-857-3383,http://andongseobu.school.gyo6.net,0800시0800분~1900시1900분,1,1,1,0,1,64,16,20,24,0,4,9,16,12,0,3,36.5675517124,128.7194852944
경상북도교육청,안동교육지원청,안동송현초등학교병설유치원,공립(병설),안기종,안기종,19850901,19850901,경상북도 안동시 경동로 313,054-853-5150,054-855-6232, ,0730시0730분~1930시1930분,0,0,1,0,0,24,0,0,24,0,0,0,0,10,0,0,36.5728473593962,128.696123465639
경상북도교육청,안동교육지원청,안동영재유치원,사립(사인),황재영,황재영,19971125,19980302,경상북도 안동시 마들3길 46,054-821-6701,054-821-3100,http://cafe.daum.net/Happypreschool.,0900시0900분~1830시1830분,3,2,2,0,0,210,39,42,38,0,0,33,41,38,0,0,36.5528728000656,128.756952718847
경상북도교육청,안동교육지원청,안동영호초등학교병설유치원,공립(병설),함미화,함미화,19850301,19850301,경상북도 안동시 옥서4길 8,054-857-2575,054-853-6066, ,0800시0800분~1900시1900분,1,1,0,0,0,60,16,20,0,0,0,9,8,0,0,0,36.5604461697108,128.691795533593
경상북도교육청,안동교육지원청,안동오상유치원,사립(사인),김국진,천한나,20100302,20100302,경상북도 안동시 옹정골길 152,054-857-0530,054-857-0532, ,0900시0900분~1700시1700분,2,2,1,0,0,132,36,44,52,0,0,19,26,26,0,0,36.5511990897116,128.743515932954
경상북도교육청,안동교육지원청,안동용상초등학교병설유치원,공립(병설),이형구,이형구,19850301,19850301,경상북도 안동시 경동로 900,054-821-3017,054-821-2565,http://www.adys.school.gyo6.net,0830시0830분~1630시1630분,0,0,0,1,0,20,0,0,0,20,0,0,0,0,6,0,36.5573774541,128.7521438746
경상북도교육청,안동교육지원청,안동유치원,사립(법인),권경희,권경희,19480410,19480410,경상북도 안동시 서동문로 127,054-858-2016,054-841-0089,http://www.adkids.co.kr/,0800시0800분~1800시1800분,2,2,2,0,0,132,34,46,52,0,0,38,48,46,0,0,36.5673826870122,128.725769824528
경상북도교육청,안동교육지원청,안동초등학교병설유치원,공립(병설),이준복,이준복,19830310,19830310,경상북도 안동시 경동로 643,054-854-1577, ,http://school.gyo6.net/andonges,1230시1230분~1630시1630분,0,0,0,1,1,24,0,0,0,20,4,0,0,0,4,2,36.5643328827,128.7281543834
경상북도교육청,안동교육지원청,영가초등학교병설유치원,공립(병설),김미숙,김미숙,19940301,19940301,경상북도 안동시 서경지8길 2,054-841-1306,054-854-5450,https://school.gyo6.net/yeongga,0800시0800분~1900시1900분,1,1,1,0,0,60,16,20,24,0,0,5,10,13,0,0,36.5623695676,128.7153083684
경상북도교육청,안동교육지원청,영남초등학교병설유치원,공립(병설),김성택,김성택,19850904,19850904,경상북도 안동시 영남길 15,054-852-0247,054-852-3950,http://youngnam.school.gyo6.net,0830시0830분~1630시1630분,0,0,0,1,0,20,0,0,0,20,0,0,0,0,4,0,36.573586798319,128.720729100375
경상북도교육청,안동교육지원청,와룡초등학교병설유치원,공립(병설),김종욱,김종욱,19850301,19850301,경상북도 안동시 와룡면 문화마을길 11,054-857-0817,054-857-0809,http://school.gyo6.net/waryonges,1230시1230분~1630시1630분,0,0,0,1,0,200,0,0,0,20,0,0,0,0,7,0,36.6187920522,128.7689084077
경상북도교육청,안동교육지원청,월곡초등학교병설유치원,공립(병설),임기훈,임기훈,19810301,19810301,경상북도 안동시 예안면 정산길 23,054-823-1503,054-822-8258,https://school.gyo6.net/wolgokes/,1240시1240분~1640시1640분,0,0,0,1,0,20,0,0,0,20,0,0,0,0,5,0,36.6619956481,128.8880403567
경상북도교육청,안동교육지원청,일직초등학교병설유치원,공립(병설),강진옥,강진옥,19810301,19810301,경상북도 안동시 감시골길 6-3,054-858-4940,054-858-6929,http://iljik.school.gyo6.net/,1230시1230분~1630시1630분,0,0,0,1,0,20,0,0,0,20,0,0,0,0,7,0,36.4841939548,128.6575182182
경상북도교육청,안동교육지원청,임동초등학교병설유치원,공립(병설),박정현,박정현,19810301,19810301,경상북도 안동시 편항길 42,054-822-5801,054-822-2801,http://scool.gyo6.net/imdong,0830시0830분~1630시1630분,0,0,0,1,0,20,0,0,0,20,0,0,0,0,3,0,36.5698826502,128.9216213822
경상북도교육청,안동교육지원청,임하초등학교병설유치원,공립(병설),이호균,이호균,19810302,19810302,경상북도 안동시 앞산밑길 9,054-822-5570,054-822-7848,http://imha.school.gyo6.net,0830시0830분~1730시1730분,0,0,0,1,0,20,0,0,0,20,0,0,0,0,3,0,36.5258168189,128.8275696559
경상북도교육청,안동교육지원청,풍산초등학교병설유치원,공립(병설),박현숙,박현숙,19810301,19810301,경상북도 안동시 하리들길 32,054-859-3584,054-858-4650, ,0830시0830분~1640시1640분,0,0,0,1,0,24,0,0,0,24,0,0,0,0,4,0,36.5769653516,128.5741886273
경상북도교육청,안동교육지원청,풍천풍서초등학교병설유치원,공립(병설),강성만,강성만,20190301,20190301,경상북도 안동시 풍요5길 9,054-842-1766,054-842-1706,https://school.gyo6.net/pcps/,0830시0830분~1700시1700분,0,0,0,1,0,20,0,0,0,20,0,0,0,0,16,0,36.5746592441,128.4988934741
경상북도교육청,안동교육지원청,해동사금강유치원,사립(사인),조원환,강재남,19951109,19960301,경상북도 안동시 태사길 167,054-856-1207,054-856-1296, ,1400시1400분~1700시1700분,3,2,2,0,0,210,48,44,48,0,0,48,40,47,0,0,36.5651033546,128.7402824007
경상북도교육청,영덕교육지원청,영덕야성초등학교병설유치원,공립(병설),이창훈,이창훈,19950301,19950301,경상북도 영덕군 덕곡길 96,054-732-8727,054-732-5791,https://school.gyo6.net/yeongdeokyasung,0800시0800분~1830시1830분,0,0,0,1,1,24,0,0,0,20,4,0,0,0,9,1,36.4125123732,129.3683682707
경상북도교육청,영덕교육지원청,영해초등학교병설유치원,공립(병설),서정숙,서정숙,19810301,19810301,경상북도 영덕군 예주5길 22,054-734-0798,054-732-4904,http://www.yhae.es.kr,0830시0830분~1630시1630분,0,0,0,1,1,24,0,0,0,20,4,0,0,0,8,2,36.5379786314,129.4111640601
경상북도교육청,영덕교육지원청,지품초등학교병설유치원,공립(병설),안기돈,안기돈,19810301,19810301,경상북도 영덕군 지영로 7-4,054-732-3024,054-733-7914, ,0830시0830분~1630시1630분,0,0,0,1,0,20,0,0,0,20,0,0,0,0,4,0,36.4504186360571,129.28153354179
경상북도교육청,영양교육지원청,석보초등학교병설유치원,공립(병설),박수열,박수열,19810305,19810305,경상북도 영양군 원리길 3,054-986-9810,054-682-8560,http://seokbo.school.gyo6.net,0830시0830분~1630시1630분,0,0,0,1,0,20,0,0,0,20,0,0,0,0,4,0,36.5583167383,129.1236433809
경상북도교육청,영양교육지원청,영양중앙초등학교병설유치원,공립(병설),김형배,김형배(직무대리),19810301,19810301,경상북도 영양군 영양창수로 53,054-683-1353,054-683-1964,https://school.gyo6.net/yyja,0830시0830분~1630시1630분,0,0,0,1,0,20,0,0,0,20,0,0,0,0,8,0,36.6636212042,129.1205551852
경상북도교육청,영양교육지원청,영양초등학교병설유치원,공립(병설),김대신,김대신,19810301,19810301,경상북도 영양군 영양읍 군청길 25,054-683-3106,054-682-8031,https://school.gyo6.net/yeongyang,0800시0800분~1900시1900분,1,0,0,1,1,40,16,0,0,20,4,9,0,0,10,2,36.6664934428,129.1114258872
경상북도교육청,영양교육지원청,입암초등학교병설유치원,공립(병설),이흥수,이흥수,19810301,19810301,경상북도 영양군 입암로 162,054-682-4732,054-682-3901, ,0840시0840분~1640시1640분,0,0,0,1,0,20,0,0,0,20,0,0,0,0,3,0,36.5999626519,129.0879055698
경상북도교육청,영주교육지원청,남산초등학교병설유치원,공립(병설),장상진,장상진,19860310,19860310,경상북도 영주시 구성로 257,054-632-3667,054-638-3668,https://school.gyo6.net/yjnamsan,0730시0730분~1930시1930분,0,0,0,1,1,24,0,0,0,20,4,0,0,0,4,1,36.8159659477,128.6264010481
경상북도교육청,영주교육지원청,문수초등학교병설유치원,공립(병설),최진열,최진열,19830301,19830301,경상북도 영주시 문수로1406번길 15-4,054-637-8685,054-637-1352,http://munsu.school.gyo6.net,1240시1240분~1640시1640분,0,0,0,1,0,20,0,0,0,20,0,0,0,0,3,0,36.7743744392488,128.633779341752
경상북도교육청,영주교육지원청,봉현초등학교병설유치원,공립(병설),이미자,이미자,19810301,19810301,경상북도 영주시 소백로1623번길 6,054-636-2505, , https://school.gyo6.net/bonghyeon,0840시0840분~1640시1640분,0,0,0,1,0,20,0,0,0,20,0,0,0,0,6,0,36.8474651055,128.5263615915
경상북도교육청,영주교육지원청,안정초등학교병설유치원,공립(병설),이은주,이은주,19810301,19810301,경상북도 영주시 용주로 1414,054-634-6596,054-633-1798, ,0830시0830분~1630시1630분,0,0,0,1,0,20,0,0,0,20,0,0,0,0,4,0,36.8457873498978,128.555313048289
경상북도교육청,영주교육지원청,영일초등학교병설유치원,공립(병설),남상숙,남상숙,19810120,19810120,경상북도 영주시 영주로147번길 17,054-631-0438,054-632-3601,http://www.yeongil.es.kr,1230시1230분~1630시1630분,0,0,0,1,0,24,0,0,0,24,0,0,0,0,3,0,36.8260253536,128.6144924182
경상북도교육청,영주교육지원청,영주가흥초등학교병설유치원,공립(병설),성태동,성태동,20170205,20170309,경상북도 영주시 대동로70번길 8-9,054-630-0620,054-636-1712,https://school.gyo6.net/yjgh,0800시0800분~1900시1900분,1,1,1,0,0,60,16,20,24,0,0,16,19,24,0,0,36.8142640251,128.6094577244
경상북도교육청,영주교육지원청,영주남부초등학교병설유치원,공립(병설),박은숙,박은숙,19830301,19830301,경상북도 영주시 대학로71번길 19,054-631-2608,054-631-2609,http://school.gyo6.net/yjnambu,0730시0730분~1900시1900분,1,1,1,0,2,60,16,20,24,0,8,5,17,18,0,8,36.8078580168788,128.617669444497
경상북도교육청,영주교육지원청,영주동부초등학교병설유치원,공립(병설),변갑순,변갑순,20090811,20090811,경상북도 영주시 남간로25번길 46,054-631-2141,054-635-4166,http://yjdb.school.gyo6.net/,0740시0740분~1900시1900분,1,1,1,0,0,60,16,20,24,0,0,11,17,21,0,0,36.8208785058116,128.631262860888
경상북도교육청,영주교육지원청,영주서부초등학교병설유치원,공립(병설),김 욱,김 욱,19810309,19810309,경상북도 영주시 신재로 12,054-636-5970,054-631-3962,http://school.gy06.net/seobues/class.CI82635,0740시0740분~1900시1900분,0,0,0,1,0,44,0,0,0,20,0,0,0,0,11,0,36.8318144969,128.6121587205
경상북도교육청,영주교육지원청,영주유치원,사립(법인),심우림,심우림,19600915,19600915,경상북도 영주시 숫골길 14,054-635-1612,054-638-1612,https://school.gyo6.net/yjkinder,0830시0830분~1830시1830분,0,2,2,0,0,96,0,44,52,0,0,0,44,46,0,0,36.8284652637029,128.622046218071
경상북도교육청,영주교육지원청,영주중앙초등학교병설유치원,공립(병설),강남순,강남순,19810301,19810301,경상북도 영주시 중앙로126번길 33,054-636-0740,054-635-5239,https://school.gyo6.net/yjjae,0740시0740분~1900시1900분,0,0,0,1,0,44,0,0,0,20,0,0,0,0,6,0,36.8263645792,128.6273686506
경상북도교육청,영주교육지원청,이산초등학교병설유치원,공립(병설),양기창,양기창,19810120,19810120,경상북도 영주시 이산로 487,054-637-7149, ,http://isan.school.gyo6.net,0830시0830분~1630시1630분,0,0,0,1,0,20,0,0,0,20,0,0,0,0,7,0,36.8300428181173,128.681443279751
경상북도교육청,영주교육지원청,자연유치원,사립(사인),정현숙,정현숙,20060301,20060301,경상북도 영주시 남간로71번길 55,054-638-3210,054-638-3216, ,0830시0830분~1800시1800분,1,2,2,0,0,125,25,50,50,0,0,25,47,45,0,0,36.8207845448463,128.63487962026
경상북도교육청,영주교육지원청,평은초등학교병설유치원,공립(병설),임명순,임명순,19810310,19810310,경상북도 영주시 평은면 평은로 939 . 평은초등학교 (평은면),054-637-3058,054-637-4510,http://yjpea.school.gyo6.net/,0830시0830분~1630시1630분,0,0,0,1,0,20,0,0,0,20,0,0,0,0,4,0,36.76193993090671,128.6950178245991
경상북도교육청,영주교육지원청,풍기북부초등학교병설유치원,공립(병설),오영철,오영철,19810301,19810301,경상북도 영주시 금계로 72,054-637-8516,054-636-8515,https://pgb.es.kr,0840시0840분~1640시1640분,0,0,0,1,0,20,0,0,0,20,0,0,0,0,3,0,36.8795615329367,128.5253794165
경상북도교육청,영주교육지원청,풍기초등학교병설유치원,공립(병설),안경도,안경도,19830305,19830305,경상북도 영주시 풍기읍 기주로 110,054-636-2681,054-635-7489,http://school.gyo6.net/punggi,0830시0830분~1700시1700분,0,0,0,1,0,20,0,0,0,20,0,0,0,0,3,0,36.8713772804266,128.525218574932
경상북도교육청,영천교육지원청,고경초등학교병설유치원,공립(병설),이영호,이영호,19830305,19830305,경상북도 영천시 호국로 1276,054-336-3408,054-337-1485,https://school.gyo6.net/kogyung,0830시0830분~1630시1630분,0,0,0,1,0,20,0,0,0,20,0,0,0,0,3,0,36.0031422262011,129.067638272533
경상북도교육청,영천교육지원청,금호초등학교병설유치원,공립(병설),임승환,임승환,19810301,19810308,경상북도 영천시 금호로 179,054-331-2685,054-336-1882,https://school.gyo6.net/kumho,0730시0730분~1900시1900분,1,1,1,0,0,60,16,20,24,0,0,9,5,10,0,0,35.9348791448156,128.880319560519
경상북도교육청,영천교육지원청,대창초등학교병설유치원,공립(병설),차건영,차건영,19810301,19810305,경상북도 영천시 금창로 787,054-335-6975,054-335-4230,http://school.gyo6.net/dces,0830시0830분~1700시1700분,0,0,0,1,0,20,0,0,0,20,0,0,0,0,4,0,35.8697703858,128.9063203215
경상북도교육청,영천교육지원청,북안초등학교병설유치원,공립(병설),정인진,정인진,19810302,19810302,경상북도 영천시 운북로 1984,054-332-6598,054-331-7211,https://school.gyo6.net/bukan,0830시0830분~1630시1630분,0,0,0,1,0,20,0,0,0,20,0,0,0,0,3,0,35.9147820361,129.0104118266
경상북도교육청,영천교육지원청,샛별유치원,사립(법인),조환길,정은희,19510824,19510824,경상북도 영천시 최무선로 236,054-338-3388,054-338-3390, ,0900시0900분~1700시1700분,0,0,0,6,0,150,0,0,0,118,0,0,0,0,118,0,35.9636690269435,128.926576983803
경상북도교육청,영천교육지원청,신녕초등학교병설유치원,공립(병설),차기욱,차기욱,19810301,20260301,경상북도 영천시 신녕면 큰골길 9,054-333-5094,054-332-8691,http://school.gyo6.net/sinnyeonges,0830시0830분~1630시1630분,0,0,0,1,0,20,0,0,0,20,0,0,0,0,2,0,36.0472336333,128.7899355195
경상북도교육청,영천교육지원청,영천동부초등학교병설유치원,공립(병설),천춘복,천춘복,19810301,19810301,경상북도 영천시 호국로 209,054-331-6369,054-331-6365,http://ydbes.school.gyo6.net,0830시0830분~1630시1630분,0,0,1,1,0,44,0,0,24,20,0,0,0,12,15,0,35.9784171658544,128.959526113866
경상북도교육청,영천교육지원청,영천중앙유치원,공립(단설),김은정,김은정,20000301,20000301,경상북도 영천시 조양길 71,054-338-6901,054-338-6903,https://school.gyo6.net/ycjakg,0800시0800분~1900시1900분,2,2,1,0,0,96,32,40,24,0,0,32,40,24,0,0,35.9718596942799,128.931913543015
경상북도교육청,영천교육지원청,영천초등학교병설유치원,공립(병설),박주득,박주득,19810302,19810302,경상북도 영천시 천문로 253,054-333-3365,054-333-6721,http://school.gyo6.net/ych,0800시0800분~1900시1900분,1,1,1,0,1,60,16,19,21,0,4,10,19,21,0,4,35.9617611853605,128.932046107207
경상북도교육청,영천교육지원청,영화초등학교병설유치원,공립(병설),염명자,염명자,19820301,19820301,경상북도 영천시 영화새싹길 22,054-331-8050,054-333-9803,http://yhses.school.gyob.net,0830시0830분~1630시1630분,0,0,0,1,0,20,0,0,0,20,0,0,0,0,5,0,35.9654521044,128.9214214086
경상북도교육청,영천교육지원청,임고초등학교병설유치원,공립(병설),권혜정,권혜정,19820301,19820301,경상북도 영천시 임고면 포은로 491-2,054-335-0377,054-335-7965,http://school.gyo6.net/imgoes,0830시0830분~1630시1630분,0,0,0,1,0,20,0,0,0,20,0,0,0,0,6,0,36.0217852638,128.9735724714
경상북도교육청,영천교육지원청,자천초등학교병설유치원,공립(병설),박정숙,박정숙,19810310,19810310,경상북도 영천시 화북길 75,054-337-2397, , ,0830시0830분~1630시1630분,0,0,1,0,0,20,0,0,20,0,0,0,0,2,0,0,36.1094896122,128.9218073889
경상북도교육청,영천교육지원청,청통초등학교병설유치원,공립(병설),우희자,우희자,19810304,19810304,경상북도 영천시 청통초등길 43,054-336-0659,054-335-6978,http://www.ct1004.es.kr,0830시0830분~1630시1630분,0,0,0,1,0,20,0,0,0,20,0,0,0,0,2,0,35.9954408224,128.8246372977
경상북도교육청,영천교육지원청,포은초등학교병설유치원,공립(병설),박우형,박우형,20040301,20040301,경상북도 영천시 망정4길 72,054-338-4764,054-338-4760,http://poeun.school.gyo6.net/,0800시0800분~1900시1900분,1,1,2,0,0,84,16,20,48,0,0,16,19,48,0,0,35.9804255372419,128.95017523902
경상북도교육청,영천교육지원청,한성유치원,사립(사인),하은숙,하은숙,19890901,19890901,경상북도 영천시 향군로 35,054-331-3711,054-336-8302,https://www.hs-kids.kr,0800시0800분~1900시1900분,2,2,1,0,0,125,36,44,26,0,0,42,32,26,0,0,35.9653786254551,128.917802707314
경상북도교육청,영천교육지원청,화산초등학교병설유치원,공립(병설),이승재,이승재,19810301,19810301,경상북도 영천시 장수로 942-9,054-335-2856,054-335-2853,http://school.gyo6.net/yhwasan,0830시0830분~1630시1630분,0,0,0,1,0,20,0,0,0,20,0,0,0,0,2,0,36.0204520448,128.8549386418
경상북도교육청,예천교육지원청,감천초등학교병설유치원,공립(병설),김태한,김태한,19810120,19810309,경상북도 예천군 충효로 1395,054-652-9939,054-652-2703, ,1230시1230분~1630시1630분,0,0,0,1,0,20,0,0,0,20,0,0,0,0,5,0,36.7225618910761,128.526415935285
경상북도교육청,예천교육지원청,단샘유치원,공립(단설),서금란,서금란,20210301,20210301,경상북도 예천군 행복2길 24,054-522-7750,054-522-7754,http://school.gyo6.net/dansaem,0800시0800분~1900시1900분,1,2,2,0,1,108,16,43,46,0,3,16,43,42,0,4,36.5762345725934,128.46795075285
경상북도교육청,예천교육지원청,새벗유치원,공립(단설),박세원,박세원,20180301,20180301,경상북도 예천군 양지1길 16,0545227100,054-522-7105,http://school.gyo6.net/newfriend,1300시1300분~1630시1630분,2,2,2,0,0,124,32,44,48,0,0,32,44,46,0,0,36.5766538515,128.4788970781
경상북도교육청,예천교육지원청,예천남부초등학교병설유치원,공립(병설),정은순,정은순,19810120,19810309,경상북도 예천군 남부초등길 17,054-652-1408,054-655-7264, ,0830시0830분~1630시1630분,0,0,0,1,0,20,0,0,0,20,0,0,0,0,4,0,36.6509769329177,128.462164652821
경상북도교육청,예천교육지원청,예천동부초등학교병설유치원,공립(병설),김윤교,김윤교,19810301,19810309,경상북도 예천군 효자로 171,054-652-2451,054-652-1599,https://school.gyo6.net/ycdongbues/main.do?sysId=ycdongbues,0830시0830분~1630시1630분,0,0,0,1,0,20,0,0,0,20,0,0,0,0,3,0,36.6610095571997,128.460005825293
경상북도교육청,예천교육지원청,예천초등학교병설유치원,공립(병설),정찬명,정찬명,19810309,19810309,경상북도 예천군 효자로 43,054-652-6999,054-653-1686,http://school.gyo6.net/yecheones/040201/sub,1300시1300분~1630시1630분,1,1,1,0,1,68,18,22,24,0,4,14,17,18,0,3,36.6563875962,128.4497972156
경상북도교육청,예천교육지원청,용궁초등학교병설유치원,공립(병설),박희정,박희정,19810309,19810309,경상북도 예천군 용궁면 읍부1길 43,054-652-8732,054-653-6020,http://yonggunges.school.gyo6.net,0830시0830분~1630시1630분,0,0,0,1,0,20,0,0,0,20,0,0,0,0,2,0,36.6095338627,128.277565506
경상북도교육청,예천교육지원청,은풍초등학교병설유치원,공립(병설),이미향,이미향,19810301,19810309,경상북도 예천군 내동길 8,054-652-7957,054-652-2322,http://eunpunges.school.gyo6.net,0830시0830분~1630시1630분,0,0,0,1,0,20,0,0,0,20,0,0,0,0,4,0,36.7482009978,128.4423695513
경상북도교육청,예천교육지원청,지보초등학교병설유치원,공립(병설),김진향,김진향,19810218,19810218,경상북도 예천군 지보로 136,054-652-4406,054-652-3440,http://school.gyo6.net/chibo,1240시1240분~1640시1640분,0,0,0,1,0,20,0,0,0,20,0,0,0,0,3,0,36.5476823459873,128.38912485807
경상북도교육청,예천교육지원청,풍양초등학교병설유치원,공립(병설),김익한,김익한,19800412,19800426,경상북도 예천군 낙상1길 50-10,054-653-7137,054-652-0261,http://pymast.school.gyo6.net/,0830시0830분~1630시1630분,0,0,0,1,0,20,0,0,0,20,0,0,0,0,3,0,36.5127124588,128.2996673773
경상북도교육청,예천교육지원청,호명라온유치원,공립(단설),우수경,우수경,20190901,20190901,경상북도 예천군 봉호로 4241-6,054-522-8052,054-522-8050,http://school.gyo6.net/hmraon,0800시0800분~1900시1900분,3,3,3,0,1,191,48,67,72,0,4,48,64,64,0,3,36.5925718095,128.4707021704
경상북도교육청,예천교육지원청,호명초등학교병설유치원,공립(병설),윤인숙,윤인숙,20190301,20190301,경상북도 예천군 호명면 행복로 151,054-522-7893,054-522-7895,http://school.gyo6.net/homyeong,0800시0800분~1900시1900분,1,1,2,0,0,84,16,20,48,0,0,16,20,36,0,0,36.5792599895,128.4800724961
경상북도교육청,울릉교육지원청,남양초등학교병설유치원,공립(병설),강천원,강천원,19930301,19930301,경상북도 울릉군 남양1길 42-27,054-791-1519,054-791-0811,http://ulny.school.gyo6.net/index/index.do,0830시0830분~1630시1630분,0,0,0,1,0,20,0,0,0,20,0,0,0,0,5,0,37.4730168924,130.8381576311
경상북도교육청,울릉교육지원청,도동유치원,사립(법인),윤병숙,윤병숙,19740315,19740315,경상북도 울릉군 행남길 9,054-791-2010,054-791-6416, ,0900시0900분~1700시1700분,0,0,1,1,0,48,0,0,24,24,0,0,0,11,11,0,37.4887004217,130.9039362581
경상북도교육청,울릉교육지원청,울릉초등학교병설유치원,공립(병설),이상득,이상득,19940308,19940308,경상북도 울릉군 울릉읍 도동길 151-19,054-791-9995,054-791-9998,https://school.gyo6.net/ulleung,0830시0830분~1700시1700분,0,0,0,1,0,20,0,0,0,20,0,0,0,0,6,0,37.4897032139,130.9009979705
경상북도교육청,울릉교육지원청,저동초등학교병설유치원,공립(병설),정지열,정지열,19810307,19810307,경상북도 울릉군 봉래길 128-3,054-791-3745,054-791-1750, ,0830시0830분~1630시1630분,0,0,0,1,0,20,0,0,0,20,0,0,0,0,9,0,37.4997790956107,130.90144866331
경상북도교육청,울릉교육지원청,천부초등학교병설유치원,공립(병설),김수재,김수재,19820301,19820301,경상북도 울릉군 천부길 95-3,0547911030,054-791-4312,http://chunbues.school.gyo6.net/,1230시1230분~1630시1630분,0,0,0,1,0,20,0,0,0,20,0,0,0,0,7,0,37.5407854236564,130.870960112705
경상북도교육청,울진교육지원청,기성초등학교병설유치원,공립(병설),임경희,임경희,19810302,19810302,경상북도 울진군 척산2길 24-5,054-787-6027,054-787-9455, ,0830시0830분~1630시1630분,0,0,0,1,0,20,0,0,0,20,0,0,0,0,5,0,36.7981493714,129.4491307654
경상북도교육청,울진교육지원청,노음초등학교병설유치원,공립(병설),김정일,김정일,19810306,19810306,경상북도 울진군 노음6길 22,054-782-5659,054-783-1517,http://noeumes.school.gyo6.net ,0830시0830분~1630시1630분,0,0,0,1,0,20,0,0,0,20,0,0,0,0,5,0,36.9588138955,129.391532408
경상북도교육청,울진교육지원청,매화초등학교병설유치원,공립(병설),함영국,함영국,19810302,19820303,경상북도 울진군 매화4길 21-4,054-782-4144,054-782-6947,http://maehwa.school.gyo6.net,0830시0830분~1630시1630분,0,0,0,1,0,20,0,0,0,20,0,0,0,0,5,0,36.9142407021538,129.381974087594
경상북도교육청,울진교육지원청,부구초등학교삼당분교장병설유치원,공립(병설),도영진,도영진,19850902,19860301,경상북도 울진군 두천길 299,054-782-9803,054-782-0711, ,0830시0830분~1630시1630분,0,0,0,1,0,20,0,0,0,20,0,0,0,0,5,0,37.0408047896,129.3220428837
경상북도교육청,울진교육지원청,온정초등학교병설유치원,공립(병설),원영민,원영민,19840301,20120305,경상북도 울진군 온정학교길 49,054-787-3254,054-787-5996, ,0830시0830분~1630시1630분,0,0,0,1,0,20,0,0,0,20,0,0,0,0,6,0,36.725531512963,129.346128772204
경상북도교육청,울진교육지원청,울진남부초등학교병설유치원,공립(병설),도중권,도중권,19810302,19810302,경상북도 울진군 울진중앙로 52-5,054-783-9436,054-782-2246,http://uljinnambues.school.gyo6.net,0830시0830분~1630시1630분,0,0,0,1,0,20,0,0,0,20,0,0,0,0,8,0,36.9873818836,129.3989776364
경상북도교육청,울진교육지원청,울진초등학교병설유치원,공립(병설),박찬억,박찬억,19810305,19810305,경상북도 울진군 울진읍 울진중앙로 143,054-783-3841,054-782-9181,https://school.gyo6.net/uljines,0800시0800분~1900시1900분,1,1,1,0,2,59,14,18,22,0,5,14,18,22,0,5,36.9958102217,129.4005963358
경상북도교육청,울진교육지원청,죽변초등학교병설유치원,공립(병설),김현주,김현주,19810301,19810301,경상북도 울진군 죽변3길 17,054-783-9952,054-783-1488, ,0830시0830분~1630시1630분,0,0,0,1,1,20,0,0,0,20,4,0,0,0,11,2,37.0638539836,129.4223436951
경상북도교육청,울진교육지원청,후포초등학교병설유치원,공립(병설),김은희,김은희,19390920,19810305,경상북도 울진군 후포면 삼율5길 8,054-788-5385,054-788-4200,http://school.gyo6.net/hupoes,0830시0830분~1630시1630분,0,0,1,1,0,44,0,0,24,20,0,0,0,19,9,0,36.6811186371,129.4417324459
경상북도교육청,의성교육지원청,금성초등학교병설유치원,공립(병설),류은주,류은주,20030301,20030301,경상북도 의성군 탑리길 131,054-834-6820,054-833-9388, ,1230시1230분~1630시1630분,0,0,0,1,0,20,0,0,0,20,0,0,0,0,2,0,36.2630466799,128.6793848593
경상북도교육청,의성교육지원청,다인초등학교병설유치원,공립(병설),표경욱,표경욱,19810301,19810301,경상북도 의성군 서릉1길 19-6,054-861-3029,054-861-3307, ,1230시1230분~1630시1630분,0,0,0,1,0,20,0,0,0,20,0,0,0,0,2,0,36.4491244056,128.3567267255
경상북도교육청,의성교육지원청,단촌초등학교병설유치원,공립(병설),손희,손희,19810306,19810306,경상북도 의성군 신기길 42,054-832-3001,054-834-1158,http://danchon.school.gyo6.net,0830시0830분~1630시1630분,0,0,0,1,0,20,0,0,0,20,0,0,0,0,4,0,36.4254927842,128.6699182801
경상북도교육청,의성교육지원청,도리원초등학교병설유치원,공립(병설),신종훈,신종훈,19810115,19810321,경상북도 의성군 도리원5길 9,054-834-7421,054-833-0913, ,0730시0730분~1900시1900분,0,0,0,1,1,24,0,0,0,20,4,0,0,0,5,1,36.3002234067,128.5782794266
경상북도교육청,의성교육지원청,비안초등학교병설유치원,공립(병설),이종수,이종수,20180301,20180309,경상북도 의성군 강변길 105,054-861-7011,054-861-7012,https://school.gyo6.net/bian,0800시0800분~1900시1900분,0,0,0,1,0,20,0,0,0,20,0,0,0,0,7,0,36.3376033245,128.4953026458
경상북도교육청,의성교육지원청,안평초등학교신평분교장병설유치원,공립(병설),주흥술,주흥술,20070301,19810302,경상북도 의성군 신평면 봉호로 2436,054-862-1908,054-862-4777,http://school.gyo6.net/apes,1240시1240분~1640시1640분,0,0,0,1,0,20,0,0,0,20,0,0,0,0,4,0,36.4739567792,128.5041635352
경상북도교육청,의성교육지원청,에덴유치원,사립(사인),전용표,김혜숙,19620309,19620309,경상북도 의성군 문소1길 94,054-834-1148,054-833-1148, ,1230시1230분~1630시1630분,1,1,1,0,0,84,18,22,26,0,0,17,20,22,0,0,36.3491453858,128.7001128912
경상북도교육청,의성교육지원청,의성남부초등학교병설유치원,공립(병설),정원숙,정원숙,20000301,20000301,경상북도 의성군 문소1길 24,054-834-0830,054-832-5877,http://usnambu.school.gyo6.net,0730시0730분~1900시1900분,0,0,0,1,1,24,0,0,0,20,4,0,0,0,4,1,36.3428856972,128.7017963754
경상북도교육청,의성교육지원청,점곡초등학교병설유치원,공립(병설),김문용,김문용,19810301,19810302,경상북도 의성군 점곡면 점곡길 8,054-833-2738,054-833-7543,https://school.gyo6.net/jeomgok,1230시1230분~1630시1630분,0,0,0,1,0,20,0,0,0,20,0,0,0,0,4,0,36.4251782812,128.7615303152
경상북도교육청,청도교육지원청,남성현초등학교병설유치원,공립(병설),김일환,김일환,19850301,19850309,경상북도 청도군 화양읍 남성현로 473-11,054-373-1855,054-373-3901,http://school.gyo6.net/nsh/,1230시1230분~1630시1630분,0,0,0,1,0,20,0,0,0,20,0,0,0,0,5,0,35.6965884504,128.7161192203
경상북도교육청,청도교육지원청,유천초등학교병설유치원,공립(병설),김순동,김순동,19810301,19810301,경상북도 청도군 유천강변길 68,054-371-5352,054-373-7152,https://school.gyo6.net/ucheon/,1230시1230분~1630시1630분,0,0,0,1,0,20,0,0,0,20,0,0,0,0,3,0,35.5734873162231,128.76498212478
경상북도교육청,청도교육지원청,이서초등학교병설유치원,공립(병설),이영국,이영국,19810301,19810301,경상북도 청도군 학산2길 56,054-373-6429,054-373-3771,http://school.gyo6.net/iseo,1230시1230분~1630시1630분,0,0,0,1,0,20,0,0,0,20,0,0,0,0,6,0,35.6640356922,128.6686384532
경상북도교육청,청도교육지원청,청도성모유치원,사립(법인),강문정,강문정,19630415,19630415,경상북도 청도군 고수뒷길 42,054-373-6043,054-373-6048, ,0900시0900분~1600시1600분,1,1,1,0,0,80,30,25,25,0,0,13,20,14,0,0,35.643026977185,128.740740275828
경상북도교육청,청도교육지원청,청도중앙초등학교병설유치원,공립(병설),최정하,최정하,19830301,19830301,경상북도 청도군 청도읍 중앙로 81,054-373-2813,054-371-1721,http://school.gyo6.net/cdjaes/,0830시0830분~1630시1630분,0,0,0,1,0,20,0,0,0,20,0,0,0,0,4,0,35.6475230423,128.752422024
경상북도교육청,청도교육지원청,청도초등학교병설유치원,공립(병설),최창성,최창성,19810301,19810301,경상북도 청도군 청화로 38-10,054-372-0445,054-371-6411,http://cheongdo.es.kr,1230시1230분~1630시1630분,0,0,0,1,0,20,0,0,0,20,0,0,0,0,7,0,35.6475754404207,128.731606306882
경상북도교육청,청도교육지원청,풍각초등학교병설유치원,공립(병설),정한영,정한영,19860301,19860301,경상북도 청도군 송서10길 22,054-371-0779,054-372-5397, ,0830시0830분~1630시1630분,0,0,0,1,0,20,0,0,0,20,0,0,0,0,7,0,35.6437269872091,128.615446058085
경상북도교육청,청도교육지원청,화양초등학교병설유치원,공립(병설),안경미,안경미,19820308,19820308,경상북도 청도군 화양읍 동헌길 15,054-372-1573,054-373-5456,http://school.gyo6.net/whayang/,1230시1230분~1630시1630분,0,0,0,1,0,20,0,0,0,20,0,0,0,0,5,0,35.6473976372,128.7063290243
경상북도교육청,청송교육지원청,도평초등학교병설유치원,공립(병설),박진숙,박진숙,19810301,19810301,경상북도 청송군 청송로 2679,054-872-4670,054-872-5994,https://school.gyo6.net/dopyeong/main.do?sysId=dopyeong,0840시0840분~1640시1640분,0,0,0,1,0,20,0,0,0,20,0,0,0,0,9,0,36.2905457033,129.019825718
경상북도교육청,청송교육지원청,안덕초등학교병설유치원,공립(병설),김문교,김문교,19810301,19810301,경상북도 청송군 노하길 35,054-872-1561,054-872-7975,https://school.gyo6.net/andeok,0830시0830분~1630시1630분,0,0,0,1,0,20,0,0,0,20,0,0,0,0,5,0,36.2924543188,128.9602109617
경상북도교육청,청송교육지원청,이전초등학교병설유치원,공립(병설),윤종구,윤종구,19810301,19810301,경상북도 청송군 부동로 1011-74,054-874-6913,054-873-4517,https://school.gyo6.net/ijeones/main.do?sysId=ijeones,0840시0840분~1640시1640분,0,0,0,1,0,20,0,0,0,20,0,0,0,0,2,0,36.3576627393,129.1551831253
경상북도교육청,청송교육지원청,진보초등학교병설유치원,공립(병설),조원희,조원희,19790301,19790301,경상북도 청송군 진보로 149,054-872-3141,054-872-3142,https://school.gyo6.net/jinboes,0800시0800분~1900시1900분,1,1,1,0,0,60,16,20,24,0,0,7,19,11,0,0,36.5295564792018,129.049252073479
경상북도교육청,청송교육지원청,청송초등학교병설유치원,공립(병설),오정선,오정선,19810301,19810301,경상북도 청송군 중앙로 229-10,054-870-2470,054-870-2499,http://www.cheongsong.es.kr,0800시0800분~1900시1900분,1,1,1,0,1,64,16,20,24,0,4,5,14,14,0,2,36.4357908721544,129.055241939563
경상북도교육청,청송교육지원청,파천초등학교병설유치원,공립(병설),김시년,김시년,19830301,19830301,경상북도 청송군 안파로 1357,054-872-1572,054-872-3340,http://www.pacheon.es.kr,0800시0800분~1900시1900분,0,0,0,1,0,20,0,0,0,20,0,0,0,0,6,0,36.4451670694,129.0317891708
경상북도교육청,청송교육지원청,화목초등학교병설유치원,공립(병설),김경숙,김경숙,19930211,19930211,경상북도 청송군 구산동로 21,054-872-8690,054-872-5231, http://school.gyo6.net/hwamok/,0840시0840분~1700시1700분,0,0,0,1,0,20,0,0,0,20,0,0,0,0,3,0,36.2754647341,128.894641742
경상북도교육청,칠곡교육지원청,가산초등학교병설유치원,공립(병설),이영희,이영희,19850901,19850901,경상북도 칠곡군 경북대로 1500,054-974-7574,054-974-2399,http://school.gyo6.net/kcgasan,0830시0830분~1700시1700분,0,0,0,1,0,20,0,0,0,20,0,0,0,0,3,0,36.0801007819024,128.539938506088
경상북도교육청,칠곡교육지원청,낙산초등학교병설유치원,공립(병설),강석종,강석종,19820305,19820305,경상북도 칠곡군 강변대로 754,070-4759-1639,054-976-1841,http://www.naksan.es.kr,0800시0800분~1900시1900분,0,0,0,1,0,20,0,0,0,20,0,0,0,0,5,0,35.9451147949,128.4025924701
경상북도교육청,칠곡교육지원청,남율유치원,공립(단설),유경희,유경희,20150301,20150309,경상북도 칠곡군 서중리4길 39,054-800-8802,054-800-8804,http://school.gyo6.net/namyul,0730시0730분~1930시1930분,2,1,2,0,1,104,32,20,48,0,4,18,18,28,0,4,36.0752444657684,128.401556262039
경상북도교육청,칠곡교육지원청,동명동부초등학교병설유치원,공립(병설),엄명자,엄명자,19820301,19820301,경상북도 칠곡군 한티로 562,054-920-2121,054-975-6607,http://dmdb.scool.gyo6.net,0830시0830분~1630시1630분,0,0,0,1,0,20,0,0,0,20,0,0,0,0,6,0,36.0061867008,128.5929960231
경상북도교육청,칠곡교육지원청,동명초등학교병설유치원,공립(병설),유순득,유순득,19810301,19810301,경상북도 칠곡군 금암동석3길 5,054-800-8662,054-976-4665,https://school.gyo6.net/dong-myunges,0830시0830분~1700시1700분,0,0,0,1,0,20,0,0,0,20,0,0,0,0,3,0,35.9873999441,128.5546667323
경상북도교육청,칠곡교육지원청,리라유치원,사립(사인),박숙희,박숙희,20020831,20020831,경상북도 칠곡군 석적로 955-10,054-977-1212,054-977-1218,https://school.gyo6.net/lera,0900시0900분~1700시1700분,1,2,1,0,0,270,30,60,30,0,0,16,41,25,0,0,36.0758967554582,128.39282248384
경상북도교육청,칠곡교육지원청,매원초등학교병설유치원,공립(병설),정해철,정해철,19810301,19810310,경상북도 칠곡군 매원1길 5-32,054-971-3950,054-971-3037,http://school.gyo6.net/gbmaewon,0830시0830분~1630시1630분,0,0,0,1,0,20,0,0,0,20,0,0,0,0,4,0,35.9949246341,128.4293631059
경상북도교육청,칠곡교육지원청,무지개유치원,사립(사인),이광명,이동엽,20030213,20030304,경상북도 칠곡군 동중리2길 16,054-977-9077,054-971-6077,https://mujigae.kidsnote.ac,0830시0830분~1900시1900분,2,2,3,0,0,162,36,44,75,0,0,21,38,58,0,0,36.0758377998724,128.41392022427
경상북도교육청,칠곡교육지원청,바움유치원,사립(사인),강용철,강용철,20140206,20140303,경상북도 칠곡군 남중리6길 7,054-977-7959,054-976-7959,https://school.gyo6.net/baum,0730시0730분~2030시2030분,1,1,1,0,0,132,36,44,52,0,0,16,17,12,0,0,36.0744516672466,128.412441605592
경상북도교육청,칠곡교육지원청,북삼초등학교병설유치원,공립(병설),고춘식,고춘식,19940301,19940301,경상북도 칠곡군 인평중앙로 43,054-972-3058,070-5175-2811,http://buk-sames.school.gyo6.net,0730시0730분~1900시1900분,1,1,1,0,0,60,16,20,24,0,0,5,16,11,0,0,36.0644291733,128.3424871605
경상북도교육청,칠곡교육지원청,석적유치원,공립(단설),박희자,박희자,20200301,20200301,경상북도 칠곡군 포망로 10,054-800-8200,054-972-8208,http://school.gyo6.net/seokjeoku,0720시0720분~1900시1900분,2,1,2,0,1,104,32,20,48,0,4,32,15,34,0,2,36.0508491187969,128.409917620037
경상북도교육청,칠곡교육지원청,순심유치원,사립(법인),(재)대구구천주교회유지재단,강희정,19480223,19480223,경상북도 칠곡군 관문로 25,054-971-0228,054-971-3883,https://school.gyo6.net/sunsim,0800시0800분~1900시1900분,0,0,0,5,0,114,0,0,0,114,0,0,0,0,77,0,35.9883859903,128.3977048606
경상북도교육청,칠곡교육지원청,숭산초등학교병설유치원,공립(병설),이윤자,이윤자,19810301,19810301,경상북도 칠곡군 보손4길 20,054-972-4614,054-973-0749,http://www.sungsans.or.kr,0830시0830분~1710시1710분,0,0,0,1,0,20,0,0,0,20,0,0,0,0,3,0,36.0541349051026,128.314882922344
경상북도교육청,칠곡교육지원청,신동초등학교병설유치원,공립(병설),안명순,안명순,19970301,19970301,경상북도 칠곡군 신동로 161,054-972-9188, , ,1230시1230분~1900시1900분,0,0,0,1,0,20,0,0,0,20,0,0,0,0,6,0,35.956619092616,128.490564644669
경상북도교육청,칠곡교육지원청,신비유치원,사립(사인),김창환,박송림,19951118,19951118,경상북도 칠곡군 관호11길 10-11,054-977-3000,054-977-3001, ,0900시0900분~1600시1600분,1,1,1,0,0,235,36,48,52,0,0,9,11,16,0,0,36.0142301939936,128.393708878752
경상북도교육청,칠곡교육지원청,신영유치원,사립(사인),장훈호,김신영,20041206,20041206,경상북도 칠곡군 무림3길 16-20,054-974-3344,054-974-3345,http://sykids.moapp.kr/,0730시0730분~1900시1900분,2,0,0,2,0,90,38,0,0,52,0,32,0,0,49,0,36.0211702731737,128.381175556215
경상북도교육청,칠곡교육지원청,아람유치원,사립(사인),최영주,최영주,20030219,20030219,경상북도 칠곡군 남중리1길 18,054-977-1231,054-977-1232,https://school.gyo6.net/arampreschool,0900시0900분~1900시1900분,1,0,0,2,0,135,15,0,0,120,0,4,0,0,18,0,36.0745956644159,128.408796251718
경상북도교육청,칠곡교육지원청,약동초등학교병설유치원,공립(병설),윤혜자,윤혜자,19810310,19810310,경상북도 칠곡군 주산로 1195,054-971-2814,054-973-0761,http://yakdong.school.gyo6.net,0830시0830분~1630시1630분,0,0,0,1,0,20,0,0,0,20,0,0,0,0,3,0,35.9850640216452,128.381372912868
경상북도교육청,칠곡교육지원청,약목초등학교병설유치원,공립(병설),남경순,남경순,19810301,19810311,경상북도 칠곡군 복성3길 30,054-975-0635,054-975-0753,http://yakmokes.school.gyo6.net,0830시0830분~1630시1630분,0,0,0,1,0,20,0,0,0,20,0,0,0,0,5,0,36.0324896241318,128.360402312118
경상북도교육청,칠곡교육지원청,왜관동부초등학교병설유치원,공립(병설),황석종,황석종,19850901,19850901,경상북도 칠곡군 평장3길 31-4,054-973-3887,054-974-9650,https://school.gyo6.net/waedonges,0800시0800분~1900시1900분,1,1,1,0,0,60,16,20,24,0,0,10,6,9,0,0,35.9857836679,128.4068703318
경상북도교육청,칠곡교육지원청,왜관중앙초등학교병설유치원,공립(병설),김은아,김은아,19840310,19840310,경상북도 칠곡군 석전로 80,054-972-6091,054-973-7372, ,1300시1300분~1700시1700분,0,0,0,1,0,20,0,0,0,20,0,0,0,0,4,0,35.9987506358253,128.406893403688
경상북도교육청,칠곡교육지원청,왜관초등학교병설유치원,공립(병설),곽상훈,곽상훈,19830301,19830301,경상북도 칠곡군 구상길 204,054-975-7454,054-975-7456,http://waegwanes.school.gyo6.net/,0800시0800분~1900시1900분,1,1,1,0,1,64,16,20,24,0,4,9,9,21,0,4,35.9850661468,128.3961763709
경상북도교육청,칠곡교육지원청,인평초등학교병설유치원,공립(병설),조인현,조인현,20110301,20110301,경상북도 칠곡군 북삼로8길 10,054-975-4034, ,http://inpyounges.school.gyo6.net/,0830시0830분~1700시1700분,0,0,0,1,0,20,0,0,0,20,0,0,0,0,2,0,36.0718706262,128.3372083105
경상북도교육청,칠곡교육지원청,제일유치원,사립(사인),김의순,최창우,19960510,19960510,경상북도 칠곡군 인평중앙로 67,054-972-3326,054-974-6777,https://school.gyo6.net/jaeilkids,0830시0830분~1930시1930분,0,1,2,0,0,147,0,22,52,0,0,0,21,28,0,0,36.0652992636028,128.343627952469
경상북도교육청,칠곡교육지원청,지천초등학교병설유치원,공립(병설),안덕순,안덕순,19810301,19810301,경상북도 칠곡군 용산로 77,053-311-2405,053-313-3778,http://school.gyo6.net/jicheones,0830시0830분~1630시1630분,0,0,0,1,0,20,0,0,0,20,0,0,0,0,10,0,35.9058976461038,128.498238920392
경상북도교육청,칠곡교육지원청,학림초등학교병설유치원,공립(병설),황미숙,황미숙,19810310,19810310,경상북도 칠곡군 학하7길 5,054-971-7036,054-971-2346,http://haklimes.school.gyo6.net,0830시0830분~1700시1700분,0,0,0,1,0,20,0,0,0,20,0,0,0,0,3,0,36.1052540022914,128.490744380489
경상북도교육청,칠곡교육지원청,한송이유치원,사립(사인),김염민,김영민,19990320,19990320,경상북도 칠곡군 북삼로2길 20,054-975-7942,054-975-1325, ,1300시1300분~1630시1630분,1,1,0,1,0,60,15,18,0,19,0,15,18,0,19,0,36.0729407225,128.3437717458
경상북도교육청,포항교육지원청,고려유치원,사립(사인),백성미,백성미,19831126,19840302,경상북도 포항시 북구 선착로 54,054-247-1316,054-247-8222, ,0800시0800분~1900시1900분,0,0,3,4,0,200,0,0,60,100,0,0,0,60,100,0,36.0491291834214,129.369396906514
경상북도교육청,포항교육지원청,곡강초등학교병설유치원,공립(병설),김상호,김상호,19810310,19810310,경상북도 포항시 북구 흥해읍 칠포로 7,054-261-0208,054-261-6860,https://school.gyo6.net/gokgang,1250시1250분~1650시1650분,0,0,0,1,0,20,0,0,0,20,0,0,0,0,5,0,36.130708609,129.3488008555
경상북도교육청,포항교육지원청,구정초등학교병설유치원,공립(병설),노삼용,노삼용,20000218,20000218,경상북도 포항시 남구 구정길 11,054-291-0206,054-292-7168, ,1230시1230분~1630시1630분,0,0,0,1,0,20,0,0,0,20,0,0,0,0,6,0,35.9808912844949,129.408577697877
경상북도교육청,포항교육지원청,기계초등학교병설유치원,공립(병설),박갑성,박갑성,19810301,19810310,경상북도 포항시 북구 기계로 122,054-243-2332,054-241-4804, ,0830시0830분~1630시1630분,0,0,0,1,0,20,0,0,0,20,0,0,0,0,3,0,36.0721821608496,129.202939665657
경상북도교육청,포항교육지원청,꽃동산유치원,사립(사인),안종순,안종순,20131128,20140301,경상북도 포항시 북구 장량로17번길 58,0542522620,054-256-2620,http://school.gyo6.net/flowergarden,0730시0730분~1830시1830분,2,1,1,0,0,91,30,22,27,0,0,19,18,27,0,0,36.0876188121893,129.383488540908
경상북도교육청,포항교육지원청,난나유치원,사립(사인),방순천,방순천,20070301,20070301,경상북도 포항시 북구 창흥로36번길 8-15,054-255-3100,054-255-3101, ,0830시0830분~1600시1600분,3,2,2,2,0,178,45,40,48,45,0,38,36,40,37,0,36.063394693495,129.368686363882
경상북도교육청,포항교육지원청,달전초등학교병설유치원,공립(병설),천진영,천진영,19830301,19830301,경상북도 포항시 북구 흥해읍 이인로101번길 27-10,054-261-0566,054-261-2606,https://school.gyo6.net/daljeon/main.do,0740시0740분~1900시1900분,1,0,0,1,0,36,16,0,0,20,0,11,0,0,20,0,36.0635741483,129.3346714336
경상북도교육청,포항교육지원청,대건유치원,사립(사인),백경희,백경희,20020301,20020301,경상북도 포항시 북구 남미질로 17,054-262-6780,054-262-6790,https://school.gyo6.net/daegeon,0900시0900분~1700시1700분,2,2,1,0,0,151,26,36,24,0,0,25,36,20,0,0,36.1053603128,129.3452950063
경상북도교육청,포항교육지원청,대도초등학교병설유치원,공립(병설),이희대,이희대,19810301,19810301,경상북도 포항시 남구 상공로92번길 25-10,054-284-0159,054-274-3455, ,0830시0830분~1700시1700분,0,0,0,1,0,20,0,0,0,20,0,0,0,0,4,0,36.0141201300516,129.361911161068
경상북도교육청,포항교육지원청,대동유치원,사립(사인),장호선,김지영(직무대리),19941130,19941130,경상북도 포항시 북구 중앙로419번길 27,054-244-2938,054-244-2940,http://www.daedongkid.co.kr,0900시0900분~1700시1700분,2,2,2,0,0,172,54,46,50,0,0,40,38,33,0,0,36.0501159933428,129.359505205519
경상북도교육청,포항교육지원청,대송초등학교병설유치원,공립(병설),김옥주,김옥주,19320917,19810301,경상북도 포항시 남구 대송면 제내길 24,054-614-3219,054-285-1097,http://www.daesong.es.kr,1230시1230분~1630시1630분,0,0,0,1,0,20,0,0,0,20,0,0,0,0,3,0,35.9839624608,129.3622458632
경상북도교육청,포항교육지원청,대이초등학교병설유치원,공립(병설),이미정,이미정,20070301,20070301,경상북도 포항시 남구 대이로46번길 35,054-275-2953,054-275-2957,https://school.gyo6.net/daei,0840시0840분~1640시1640분,0,0,0,1,0,20,0,0,0,20,0,0,0,0,6,0,36.0223917414,129.3456482771
경상북도교육청,포항교육지원청,대한유치원,사립(사인),임명희,임명희,20120301,20120301,경상북도 포항시 북구 학전로111번길 47-11,054-251-0055,054-249-2257,https://school.gyo6.net/daehan,0900시0900분~1900시1900분,1,1,2,1,0,118,20,24,50,25,0,20,20,46,24,0,36.0627482576724,129.372100588008
경상북도교육청,포항교육지원청,대해초등학교병설유치원,공립(병설),박정일,박정일,19941025,19941025,경상북도 포항시 남구 양학천로150번길 58,054-275-0473,054-275-9942,http://school.gyo6.net/daehae,0830시0830분~1630시1630분,0,0,0,1,0,20,0,0,0,20,0,0,0,0,9,0,36.0236678116,129.3671538456
경상북도교육청,포항교육지원청,동산유치원,사립(사인),김해옥,이진희,19921130,19930312,경상북도 포항시 북구 새천년대로 1201-26,054-251-7788,054-251-7787, ,0840시0840분~1640시1640분,3,3,3,0,0,340,60,75,78,0,0,60,75,78,0,0,36.0736717678149,129.378498858488
경상북도교육청,포항교육지원청,동아유치원,사립(사인),정귀란,정귀란,20090301,20090301,경상북도 포항시 남구 효성로16번길 14,054-273-0995,054-273-0996, ,0730시0730분~1900시1900분,2,1,1,0,0,87,30,20,23,0,0,18,13,20,0,0,36.005330811882,129.335144604595
경상북도교육청,포항교육지원청,동해초등학교병설유치원,공립(병설),홍란영,홍란영,19850305,19850305,경상북도 포항시 남구 일월로 78,054-286-6537,054-284-0397, ,0740시0740분~1900시1900분,1,1,1,0,0,60,16,20,24,0,0,5,9,18,0,0,35.9873968098,129.4404399339
경상북도교육청,포항교육지원청,두호남부초등학교병설유치원,공립(병설),여상만,여상만,20150301,20150301,경상북도 포항시 북구 두호로52번길 13,054-246-8102,054-247-2104,http://www.dhnb.es.kr,1240시1240분~1640시1640분,0,0,0,1,0,20,0,0,0,20,0,0,0,0,12,0,36.0616996218,129.3739631113
경상북도교육청,포항교육지원청,두호초등학교병설유치원,공립(병설),조이제,조이제,20190301,20190308,경상북도 포항시 북구 창흥로36번길 23,054-726-2547,054-248-6811,https://school.gyo6.net/,1230시1230분~1630시1630분,0,0,0,1,0,20,0,0,0,20,0,0,0,0,5,0,36.064104052,129.3680875606
경상북도교육청,포항교육지원청,리라유치원,사립(사인),신중엽,최선정,19890228,19890301,경상북도 포항시 북구 소티재로126번길 14-9,054-241-5200,054-242-6455,https://school.gyo6.net/rira/main.do,0800시0800분~1900시1900분,3,2,3,0,0,201,72,52,77,0,0,72,50,73,0,0,36.0631771449114,129.354955288229
경상북도교육청,포항교육지원청,문덕초등학교병설유치원,공립(병설),김상운,김상운,19850901,19850901,경상북도 포항시 남구 해병로 397,054-292-0677,054-292-7347, ,0830시0830분~1630시1630분,0,0,0,1,0,20,0,0,0,20,0,0,0,0,9,0,35.9597618096,129.4101424279
경상북도교육청,포항교육지원청,문충초등학교병설유치원,공립(병설),김성민,김성민,19810301,19810301,경상북도 포항시 남구 정몽주로 49,054-292-2022,054-292-7865,http://schooi.gyo6.net/munchung,0840시0840분~1640시1640분,0,0,0,1,0,20,0,0,0,20,0,0,0,0,6,0,35.9303630858,129.3992865171
경상북도교육청,포항교육지원청,사랑으로유치원,사립(사인),최재기,최이순,20101221,20110301,경상북도 포항시 남구 남원로 85,054-292-1009,054-293-1003, ,0900시0900분~1700시1700분,2,2,2,0,0,128,36,44,48,0,0,32,38,46,0,0,35.9700077345201,129.398778841642
경상북도교육청,포항교육지원청,산내들예능유치원,사립(사인),한재무,김영미,20110301,20110301,경상북도 포항시 북구 장량로17번길 5-11,054-247-6662,054-247-6662,https://school.gyo6.net/sndkidz/main.do?sysId=sndkidz,0730시0730분~1930시1930분,3,2,1,0,0,125,60,40,25,0,0,42,34,25,0,0,36.0829660946712,129.38162290299
경상북도교육청,포항교육지원청,상지아이들유치원,사립(사인),이덕열,박원정,20120301,20120301,경상북도 포항시 북구 장량로140번길 17,054-247-2040,054-253-2040, ,0900시0900분~1700시1700분,1,1,1,0,0,123,33,42,48,0,0,7,13,16,0,0,36.08019327751,129.396317270841
경상북도교육청,포항교육지원청,새롬유치원,사립(사인),정태국,김보민,19880309,19880309,경상북도 포항시 남구 희망대로382번길 25,054-273-3710,054-273-4950,https://school.gyo6.net/phserom,0900시0900분~1900시1900분,1,2,1,0,0,150,40,50,60,0,0,12,21,20,0,0,36.032023339928,129.332095850552
경상북도교육청,포항교육지원청,새봄유치원,사립(사인),안정숙,안정숙,20070301,20070301,경상북도 포항시 남구 원서길 96,054-286-3669,054-286-3668,https://phsaebom.happyihome.com,0750시0750분~1900시1900분,2,2,2,0,0,138,38,44,48,0,0,38,26,44,0,0,35.9885123254425,129.334916840351
경상북도교육청,포항교육지원청,새싹발트유치원,사립(사인),김춘희,김춘희,20081114,20090301,경상북도 포항시 북구 용흥로291번길 15,054-273-4712,054-254-3636, ,0840시0840분~1640시1640분,0,0,0,1,0,115,0,0,0,25,0,0,0,0,10,0,36.048973409415,129.349981895481
경상북도교육청,포항교육지원청,성바오로유치원,사립(법인),박정랑,박정랑,19991108,20000301,경상북도 포항시 남구 장기로1520번길 22,054-293-0038,054-293-0039, ,0900시0900분~1700시1700분,0,0,0,4,0,180,0,0,0,96,0,0,0,0,96,0,35.9600466116369,129.431875902036
경상북도교육청,포항교육지원청,세이유치원,사립(사인),최수경,최수경,20120301,20120301,경상북도 포항시 북구 법원로140번길 46-13,054-256-9894,054-243-8006, ,0900시0900분~1700시1700분,0,2,0,2,0,91,0,44,0,47,0,0,41,0,46,0,36.0851891073413,129.391406513126
경상북도교육청,포항교육지원청,송림초등학교병설유치원,공립(병설),모미라,모미라,19810301,19810301,경상북도 포항시 남구 축항로 55,054-281-9335,054-281-4185, ,1230시1230분~1630시1630분,0,0,0,1,0,20,0,0,0,11,0,0,0,0,11,0,36.0299109958,129.3743294109
경상북도교육청,포항교육지원청,숲속꿈의유치원,사립(사인),안태연,전소희(직무대리),20111130,20120301,경상북도 포항시 북구 신덕로 80-49,054-251-7500,054-251-7667, ,0900시0900분~1700시1700분,1,1,2,1,0,124,18,22,52,24,0,18,20,39,20,0,36.090459301824,129.407241416481
경상북도교육청,포항교육지원청,신광초등학교병설유치원,공립(병설),정영식,정영식,19810307,19810307,경상북도 포항시 북구 신광면 토성길 31,054-242-0474,054-243-0009,http://school.gyo6.net/singwang,1230시1230분~1630시1630분,0,0,0,1,0,20,0,0,0,20,0,0,0,0,7,0,36.1288439852,129.2626296536
경상북도교육청,포항교육지원청,아띠유치원,사립(사인),신중현,김은희,20040921,20040921,경상북도 포항시 북구 용흥로292번길 35-3,054-252-5227,054-252-5228, ,0740시0740분~1640시1640분,1,1,1,0,0,130,30,18,20,0,0,9,11,18,0,0,36.0446306923328,129.351880451287
경상북도교육청,포항교육지원청,아름다운유치원,사립(사인),전순이,전순이,20060301,20060301,경상북도 포항시 남구 대이로15번길 13,054-277-6656,054-277-6650,https://school.gyo6.net/butykids/main.do,0830시0830분~1700시1700분,2,2,2,1,0,162,46,41,51,24,0,46,41,51,24,0,36.0162396240606,129.342114992843
경상북도교육청,포항교육지원청,아이누리유치원,사립(사인),구본옥,구본옥,20120301,20120301,경상북도 포항시 남구 대잠길69번길 10,054-277-0755,054-277-1824,http://www.einoori.com,0800시0800분~1900시1900분,1,1,1,0,0,91,30,21,25,0,0,6,6,8,0,0,36.0160906211,129.3371383632
경상북도교육청,포항교육지원청,아이클유치원,사립(사인),박정희,박정희,20100301,20100301,경상북도 포항시 남구 상공로32번길 14-11,054-273-3011,054-272-3011, ,0900시0900분~1700시1700분,1,1,2,0,0,113,16,20,40,0,0,8,11,24,0,0,36.0108880421522,129.357229556708
경상북도교육청,포항교육지원청,양서초등학교병설유치원,공립(병설),김선욱,김선욱,20190301,20190308,경상북도 포항시 북구 천마로 89,054-250-7601,054-250-7690,http://school.gyo6.net/yangseo,0830시0830분~1700시1700분,0,0,0,1,0,20,0,0,0,20,0,0,0,0,10,0,36.0847154754,129.3946814724
경상북도교육청,포항교육지원청,양포초등학교병설유치원,공립(병설),이원경,이원경,19810115,19810115,경상북도 포항시 남구 장기로 33,054-276-0403,054-276-4412,http://school.gyo6.net/pyp,0830시0830분~1630시1630분,0,0,0,1,0,20,0,0,0,20,0,0,0,0,6,0,35.875616448,129.5131408292
경상북도교육청,포항교육지원청,양학초등학교병설유치원,공립(병설),박충열,박충열,19850820,19850908,경상북도 포항시 북구 양학로 110,054-277-1209,054-281-0821, ,0840시0840분~1640시1640분,1,1,1,0,0,60,16,20,24,0,0,7,10,8,0,0,36.0323045723,129.3439729276
경상북도교육청,포항교육지원청,연일초등학교병설유치원,공립(병설),박정재,박정재,19860301,19860301,경상북도 포항시 남구 철강로25번길 40,054-285-0320,054-285-7470,http://school.gyo6.net/yeoniles,0830시0830분~1630시1630분,0,0,0,1,0,20,0,0,0,20,0,0,0,0,4,0,35.9956729166071,129.346755884891
경상북도교육청,포항교육지원청,연일형산초등학교병설유치원,공립(병설),박수,박수,20020301,20020301,경상북도 포항시 남구 형산강남로 262,054-285-5847,054-285-1711,http://hyungsan.school.gyo6.net/,0830시0830분~1630시1630분,0,0,0,1,0,20,0,0,0,20,0,0,0,0,6,0,35.9990152348236,129.342083618262
경상북도교육청,포항교육지원청,예원유치원,사립(사인),박세옥,송산호,20020924,20030302,경상북도 포항시 북구 법원로79번길 43,054-246-0225,054-246-0221, ,0830시0830분~1630시1630분,2,3,2,0,0,170,44,70,56,0,0,37,47,56,0,0,36.0817178144313,129.380691423407
경상북도교육청,포항교육지원청,오천초등학교병설유치원,공립(병설),이은주,이은주,19820301,19820301,경상북도 포항시 남구 정몽주로 572,054-292-6343,054-291-1322, ,0800시0800분~1900시1900분,1,1,1,0,1,60,15,20,20,0,5,5,16,20,0,5,35.9705262867,129.4166761342
경상북도교육청,포항교육지원청,오해피데이유치원,사립(사인),이정순,정윤경,20150302,20150302,경상북도 포항시 남구 철강로731번길 13,054-292-1664,054-292-1664, ,0730시0730분~1900시1900분,1,1,2,0,0,98,18,24,50,0,0,16,17,32,0,0,35.9635022106089,129.406779626771
경상북도교육청,포항교육지원청,용흥초등학교병설유치원,공립(병설),김미승,김미승,19970301,19970301,경상북도 포항시 북구 용흥로 118,054-246-7003,054-241-0493,https://school.gyo6.net/yongheung/main.do?sysId=yongheung,1230시1230분~1630시1630분,0,0,0,1,0,20,0,0,0,20,0,0,0,0,5,0,36.0391385782,129.3488782593
경상북도교육청,포항교육지원청,우리아이유치원,사립(법인),정춘자,강상진,20101116,20101116,경상북도 포항시 북구 양덕남로 13,054-251-8222,054-251-8223,https://school.gyo6.net/woorikid/main.do,0840시0840분~1640시1640분,1,1,1,0,0,120,16,20,24,0,0,8,3,14,0,0,36.0784023809,129.3937002431
경상북도교육청,포항교육지원청,우리유치원,사립(사인),전명준,김은령,19991222,19991222,경상북도 포항시 남구 정몽주로 731-1,054-292-4455,054-292-4459,https://www.instagram.com/woori_u_1,0750시0750분~1900시1900분,3,2,3,0,0,198,51,66,81,0,0,46,36,51,0,0,35.9829438491879,129.410447185603
경상북도교육청,포항교육지원청,월포초등학교병설유치원,공립(병설),권석광,권석광,19810301,19810305,경상북도 포항시 북구 청하면 월포로 146,054-232-5472,054-232-1870,http://school.gyo6.net/weolpo-pes,0840시0840분~1640시1640분,0,0,0,1,0,20,0,0,0,20,0,0,0,0,3,0,36.2031748873,129.3679670392
경상북도교육청,포항교육지원청,유강유치원,공립(단설),임은숙,임은숙,19981121,19981121,경상북도 포항시 남구 유강길9번길 60,054-278-3822,054-278-3829,http://school.gyo6.net/yugangkg,0800시0800분~1900시1900분,2,1,2,0,0,104,32,21,48,0,0,32,21,31,0,0,36.0059557628437,129.315110296251
경상북도교육청,포항교육지원청,유강초등학교병설유치원,공립(병설),정미정,정미정,20110301,20110301,경상북도 포항시 남구 유강길9번길 39,054-278-2537,054-278-2506,http://yugang.school.gyo6.net,0830시0830분~1630시1630분,0,0,0,1,0,20,0,0,0,20,0,0,0,0,5,0,36.0040270043,129.3143127785
경상북도교육청,포항교육지원청,이동한빛유치원,사립(사인),임소연,임소연,20050301,20050301,경상북도 포항시 남구 포스코대로 147-8,054-275-3325, , ,0800시0800분~1700시1700분,2,2,2,0,0,116,40,48,52,0,0,40,33,43,0,0,36.026637899121,129.342284978293
경상북도교육청,포항교육지원청,이룸유치원,사립(사인),최영식,김선희(직무대리),20061114,20070301,경상북도 포항시 북구 신흥로861번길 7,054-262-6688,054-262-0065,http://eeloom.ivyro.net,0900시0900분~1700시1700분,2,2,2,0,0,150,33,38,34,0,0,32,37,32,0,0,36.1126577677058,129.336769296406
경상북도교육청,포항교육지원청,이화유치원,사립(사인),백신자,백신자,20111128,20120301,경상북도 포항시 북구 도음로 947-3,054-262-6000,054-283-8858,https://school.gyo6.net/ehwa,0900시0900분~1700시1700분,1,1,0,1,0,91,15,18,0,18,0,12,11,0,13,0,36.0788512397215,129.337411659949
경상북도교육청,포항교육지원청,인덕초등학교병설유치원,공립(병설),조준희,조준희,19850901,19850901,경상북도 포항시 남구 서원재로170번길 9,054-282-7130,054-274-0163, ,1230시1230분~1630시1630분,0,0,0,1,0,20,0,0,0,20,0,0,0,0,6,0,35.9847800708076,129.402110855835
경상북도교육청,포항교육지원청,자연과아이유치원,사립(사인),임정희,임정희,20110226,20110226,경상북도 포항시 북구 법원로40번길 81,054-256-0900,054-256-0902, ,0900시0900분~1700시1700분,4,3,3,0,0,216,72,69,75,0,0,77,59,68,0,0,36.0795526221123,129.390654047743
경상북도교육청,포항교육지원청,장기초등학교병설유치원,공립(병설),박영규,박영규,19810301,19810301,경상북도 포항시 남구 장기면 장기로 336,054-284-1714,054-276-8813,https://school.gyo6.net/janggie,0830시0830분~1630시1630분,0,0,0,1,0,20,0,0,0,20,0,0,0,0,6,0,35.8970096872,129.4943244997
경상북도교육청,포항교육지원청,재능유치원,사립(사인),장명숙,장명숙,20110301,20110301,경상북도 포항시 북구 양덕남로8번길 1,054-252-0052,054-604-0072, ,0900시0900분~1700시1700분,1,1,1,0,0,97,18,22,24,0,0,9,17,22,0,0,36.0776240125854,129.393479461463
경상북도교육청,포항교육지원청,제2리라유치원,사립(사인),신중혁,신중혁,19830601,19830601,경상북도 포항시 남구 상대로 125-2,054-284-8222,054-284-7516,https://school.gyo6.net/2rira,0800시0800분~1900시1900분,1,2,2,0,0,129,27,25,50,0,0,15,29,35,0,0,36.0138561816821,129.360448112452
경상북도교육청,포항교육지원청,죽장초등학교병설유치원,공립(병설),김경률,김경률,19810115,19810115,경상북도 포항시 북구 새마을로 3575,054-243-3104,054-243-8721,http://school.gyo6.net/jukjang,0840시0840분~1640시1640분,0,0,0,1,0,20,0,0,0,20,0,0,0,0,2,0,36.1599571754564,129.092012158241
경상북도교육청,포항교육지원청,중앙유치원,사립(법인),손병렬,손혜진,19720301,19720301,경상북도 포항시 북구 중흥로241번길 30-2,054-275-2155,054-275-6881,https://school.gyo6.net/pcpckid,0800시0800분~1830시1830분,2,1,2,1,0,154,40,22,52,22,0,29,20,49,21,0,36.0263257515,129.3569660553
경상북도교육청,포항교육지원청,창포초등학교병설유치원,공립(병설),신성희,신성희,19980301,19980301,경상북도 포항시 북구 새천년대로1075번길 32,054-231-4777,054-231-4778,http://changpoes.school.gyo6.net,1230시1230분~1630시1630분,1,1,1,0,0,60,16,20,24,0,0,11,5,13,0,0,36.0664039562,129.369362661
경상북도교육청,포항교육지원청,청림초등학교병설유치원,공립(병설),김태진,김태진,19830301,19830302,경상북도 포항시 남구 정몽주로 890,054-291-4814,054-291-4813,https://school.gyo6.net/chrim,0830시0830분~1630시1630분,0,0,0,1,0,20,0,0,0,20,0,0,0,0,3,0,35.9956238252,129.4040218941
경상북도교육청,포항교육지원청,청하초등학교병설유치원,공립(병설),한순옥,한순옥,19810301,19810301,경상북도 포항시 북구 청하로217번길 19,054-232-5615,054-232-9228,https://school.gyo6.net/cheongha/,1240시1240분~1640시1640분,0,0,0,1,0,20,0,0,0,20,0,0,0,0,3,0,36.198709794802,129.33777928687
경상북도교육청,포항교육지원청,초곡초등학교병설유치원,공립(병설),김병덕,김병덕,20190301,20190301,경상북도 포항시 북구 흥해읍 초곡지구로58번길 56,054-250-6892,054-250-6810,http://school.gyo6.net/chogok,0750시0750분~1900시1900분,1,1,1,0,0,60,16,20,24,0,0,16,20,24,0,0,36.0975498532,129.3333617157
경상북도교육청,포항교육지원청,튜립유치원,사립(사인),이지안,이지안,20080301,20080301,경상북도 포항시 남구 철강로705번길 15,054-292-7229,054-291-0086, ,0900시0900분~1630시1630분,2,2,2,0,0,156,30,44,46,0,0,20,39,43,0,0,35.9643195329994,129.403619111399
경상북도교육청,포항교육지원청,포항대학교부속유치원,사립(법인),최효정,최효정,19740407,19740407,경상북도 포항시 북구 흥해읍 포항대학로 7,054-245-1212,054-245-1214,https://kids.pohang.ac.kr/kids,0830시0830분~1900시1900분,2,2,2,0,0,132,36,42,54,0,0,36,33,33,0,0,36.0864286337,129.4106911193
경상북도교육청,포항교육지원청,포항대흥초등학교병설유치원,공립(병설),김용우,김용우,19941025,19950310,경상북도 포항시 북구 용흥로292번길 33,054-249-2022,054-270-3020,https://school.gyo6.net/phdh,1240시1240분~1640시1640분,0,1,0,1,1,44,0,20,0,20,4,0,8,0,4,4,36.0461937213801,129.351768328104
경상북도교육청,포항교육지원청,포항동부초등학교병설유치원,공립(병설),박미정,박미정,19850901,19850901,경상북도 포항시 북구 삼호로 273,054-247-4498,054-255-9373, ,0740시0740분~1900시1900분,2,2,1,0,1,100,32,40,24,0,4,32,23,21,0,4,36.063172211503,129.381062497411
경상북도교육청,포항교육지원청,포항서머힐유치원,사립(사인),김기임,김기임,20040921,20040921,경상북도 포항시 북구 학전로 55,054-241-1004,054-231-1578,https://cafe.naver.com/smh1004,0900시0900분~1700시1700분,1,1,1,0,0,66,18,22,26,0,0,13,22,12,0,0,36.0578903438463,129.3742391152
경상북도교육청,포항교육지원청,포항송곡초등학교병설유치원,공립(병설),백운호,백운호,20120301,20120301,경상북도 포항시 북구 장량중앙로 17,054-254-0068,054-254-0065,http://school.gyo6.net/phsges,0840시0840분~1700시1700분,0,0,0,1,0,20,0,0,0,20,0,0,0,0,9,0,36.0155900788,129.3702131747
경상북도교육청,포항교육지원청,포항송도초등학교병설유치원,공립(병설),김정락,김정락,19941025,19950310,경상북도 포항시 남구 송도로 80,054-246-4246,054-244-4208,http://school.gyo6.net/posong/,1240시1240분~1640시1640분,0,0,0,1,0,20,0,0,0,20,0,0,0,0,13,0,36.0328977743,129.3801235064
경상북도교육청,포항교육지원청,포항영흥초등학교병설유치원,공립(병설),유태수,유태수,19850901,19850901,경상북도 포항시 북구 중앙로212번길 6-7 . 포항영흥초등학교병설유치원 (죽도동),054-282-2235,054-274-7769,http://phyh.school.gyo6.net,0830시0830분~1630시1630분,0,0,0,1,0,20,0,0,0,20,0,0,0,0,5,0,36.0309666233032,129.368091629164
경상북도교육청,포항교육지원청,포항원동초등학교병설유치원,공립(병설),김경호,김경호,20090301,20090301,경상북도 포항시 남구 냉천로340번길 64,054-291-3054,054-291-3043, ,0840시0840분~1640시1640분,0,0,0,1,0,20,0,0,0,20,0,0,0,0,6,0,35.965408808,129.4010971002
경상북도교육청,포항교육지원청,포항유치원,사립(사인),오창래,김태미,19821224,19830307,경상북도 포항시 남구 중앙로78번길 24,054-282-5497,054-272-5497,https://school.gyo6.net/poyou,0800시0800분~1900시1900분,1,1,2,0,0,150,30,60,60,0,0,15,20,29,0,0,36.02042831819,129.371817778104
경상북도교육청,포항교육지원청,포항이동유치원,사립(사인),홍천식,심명자,20060203,20060301,경상북도 포항시 남구 대잠길 88,054-275-3030,054-275-3103,http://www.eidong22@daum.net,0830시0830분~1600시1600분,3,3,2,0,0,240,60,72,110,0,0,40,50,46,0,0,36.0172998261087,129.339113788626
경상북도교육청,포항교육지원청,포항장량유치원,공립(단설),김경희,김경희,20230301,20230301,경상북도 포항시 북구 장량로262번길 13,054-727-6003,054-727-6004,http://school.gyo6.net/phjangryang,0740시0740분~1900시1900분,3,3,3,0,2,162,41,51,62,0,8,44,51,54,0,8,36.0814995928,129.4097054421
경상북도교육청,포항교육지원청,포항제일유치원,사립(법인),김광웅,남종희,19550405,19550405,경상북도 포항시 북구 새마을로 172,054-247-6207,054-244-6207,http://www.phcheilkindergarten.com/,0900시0900분~1700시1700분,2,2,2,1,0,175,40,50,56,26,0,40,48,54,24,0,36.0461556387762,129.343185979335
경상북도교육청,포항교육지원청,포항제철유치원,사립(법인),신경철,윤수정,19950301,19950407,경상북도 포항시 남구 지곡로260번길 7,054-279-4103,054-279-4109,http://www.poyu.kg.kr/,0830시0830분~1630시1630분,4,4,4,0,0,420,72,88,104,0,0,70,79,95,0,0,36.0301584970714,129.324040005345
경상북도교육청,포항교육지원청,포항중앙초등학교병설유치원,공립(병설),정혜심,정혜심,19830301,19830301,경상북도 포항시 북구 우창동로 73,054-249-6939,054-244-1361,https://school.gyo6.net/phja,0830시0830분~1630시1630분,0,0,0,1,0,44,0,0,0,20,0,0,0,0,13,0,36.0590712613,129.3656415162
경상북도교육청,포항교육지원청,포항펜타초등학교병설유치원,공립(병설),장세윤,장세윤,20260301,20260301,경상북도 포항시 북구 흥해읍 펜타시티단지로 47,054-726-1093,054-726-1083,https://school.gyo6.net/phpentaes/main.do,0800시0800분~1900시1900분,2,1,1,0,0,76,32,20,24,0,0,32,20,24,0,0, , 
경상북도교육청,포항교육지원청,포항해맞이초등학교병설유치원,공립(병설),천향숙,천향숙,20080110,20080310,경상북도 포항시 북구 환호로 37,054-241-8832,054-241-8834,https://school.gyo6.net/haeschool/na/ntt/selectNttList.do?mi=135201&bbsId=49290,1230시1230분~1630시1630분,0,0,0,1,0,20,0,0,0,20,0,0,0,0,10,0,36.0711315234,129.3911064167
경상북도교육청,포항교육지원청,풀잎유치원,사립(사인),김상순,김상순,20111222,20120301,경상북도 포항시 남구 원서길 138,054-285-5225,054-285-8765,http://pulliplove.co.kr,0900시0900분~1700시1700분,2,1,1,1,0,116,40,25,25,26,0,26,22,13,17,0,35.9872905250644,129.330691392619
경상북도교육청,포항교육지원청,하늘숲유치원,사립(사인),김경희,김경희,20110225,20110304,경상북도 포항시 남구 방산로 971,054-252-8337,054-292-0937,https://school.gyo6.net/skyforest,0900시0900분~1900시1900분,0,0,0,6,0,175,0,0,0,175,0,0,0,0,155,0,35.9438717639,129.4442835685
경상북도교육청,포항교육지원청,하슬린유치원,사립(사인),남현주,남현주,20040301,20040301,경상북도 포항시 남구 원서길118번길 26-30,054-285-1483,054-285-7520,https://school.gyo6.net/haslin,0700시0700분~1900시1900분,0,0,0,1,0,90,0,0,0,13,0,0,0,0,12,0,35.9909045628607,129.331215283943
경상북도교육청,포항교육지원청,해맑은유치원,사립(사인),전명준,김수미,20121025,20130301,경상북도 포항시 남구 냉천로270번길 13-9,0542926633,054-275-6868,http://woori4964.kidis.co.kr,0900시0900분~1700시1700분,1,2,2,0,0,130,30,48,52,0,0,12,26,32,0,0,35.9699590591021,129.408378755762
경상북도교육청,포항교육지원청,행복한유치원,사립(사인),정혜경,정혜경,20091008,20091008,경상북도 포항시 북구 장량로128번길 50,054-256-2536,054-256-2537, ,0800시0800분~1900시1900분,3,1,2,1,0,130,46,20,44,20,0,39,18,40,17,0,36.0773496478101,129.394184671005
경상북도교육청,포항교육지원청,효성유치원,사립(사인),류명성,류세은,20050222,20050301,경상북도 포항시 남구 일월로 239,054-284-6565,054-284-6565,https://hyosung2005.kidsnote.ac,0900시0900분~1700시1700분,1,1,1,0,0,125,15,15,18,0,0,11,8,11,0,0,35.9877627498054,129.457858368396
경상북도교육청,포항교육지원청,효자초등학교병설유치원,공립(병설),남순천,남순천,19810305,19810305,경상북도 포항시 남구 효성로30번길 5,054-281-7622,054-274-6343,http://hyoja.school.gyo6.net/index/index.do,1300시1300분~1700시1700분,1,0,1,0,0,46,16,0,24,0,0,10,0,9,0,0,36.0056677204,129.3375144115
경상북도교육청,포항교육지원청,흥해서부초등학교병설유치원,공립(병설),손진수,손진수,19830305,19830305,경상북도 포항시 북구 북송길 53,054-262-2562,054-262-2561,http://heungseo.school.gyo6.net,0740시0740분~1900시1900분,0,0,0,1,0,20,0,0,0,20,0,0,0,0,11,0,36.1158057133065,129.314466159643
경상북도교육청,포항교육지원청,흥해초등학교병설유치원,공립(병설),장진국,장진국,19870301,19870301,경상북도 포항시 북구 흥해로 107,054-250-5280,054-261-9221,http://school.gyo6.net/heunghaees/223810/board/223649,1230시1230분~1630시1630분,0,0,1,1,0,44,0,0,24,20,0,0,0,15,13,0,36.1146616427,129.3465014274
