교육청명,교육지원청명,유치원명,설립유형,대표자명,원장명,설립일,개원일,주소,전화번호,팩스번호,홈페이지,운영시간,만3세학급수,만4세학급수,만5세학급수,혼합학급수,특수학급수,인가총정원수,3세정원수,4세정원수,5세정원수,혼합정원수,특수학급정원수,만3세원아수,만4세원아수,만5세원아수,혼합원아수,특수원아수,위도,경도
경상남도교육청,거제교육지원청,거제양정초등학교병설유치원,공립(병설),강기룡,강기룡,20171228,20190301,경상남도 거제시 양정2길 15,055-638-0165,055-638-0166,https://gjyangjeong-p.gne.go.kr/gjyangjeong-p/main.do,0730시0730분~1930시1930분,0,0,1,1,2,36,0,0,16,12,8,0,0,4,7,4,34.8717398466436,128.651238036455
경상남도교육청,거제교육지원청,거제용소초등학교병설유치원,공립(병설),손홍준,손홍준,20210301,20210301,경상남도 거제시 용소1길 35-5,055-638-4885,055-638-4887,http://gjyongso-p.gne.go.kr/,1300시1300분~1700시1700분,1,1,1,0,1,52,14,18,19,0,1,14,13,18,0,1,34.873745801,128.6867310139
경상남도교육청,거제교육지원청,거제유치원,공립(단설),이인숙,이인숙,20200102,20200304,경상남도 거제시 국산로 147,055-687-3744, ,http://geoje-k.gne.go.kr,0730시0730분~1930시1930분,3,3,3,0,2,156,42,54,54,0,6,42,54,54,0,6,34.8991620691829,128.69292129293
경상남도교육청,거제교육지원청,거제초등학교병설유치원,공립(병설),김수열,김수열,19810301,19810301,경상남도 거제시 읍내로2길 20,055-632-7106, , ,1300시1300분~1700시1700분,0,0,0,1,0,16,0,0,0,16,0,0,0,0,3,0,34.8517392995476,128.591628946921
경상남도교육청,거제교육지원청,고현유치원,사립(사인),박정곤,서미정(직무대리),20060320,20060320,경상남도 거제시 계룡로11길 15,055-637-5511,055-637-5494, ,0900시0900분~1800시1800분,1,0,2,1,0,180,19,0,52,24,0,17,0,35,13,0,34.8823794460752,128.619277170903
경상남도교육청,거제교육지원청,국산초등학교병설유치원,공립(병설),공맹진,공맹진,19850904,19850904,경상남도 거제시 국산1길 2,055-687-2201, , ,1300시1300분~1700시1700분,1,1,1,0,1,56,14,18,20,0,4,7,6,16,0,1,34.8966982316241,128.694056050181
경상남도교육청,거제교육지원청,능포초등학교병설유치원,공립(병설),곽선열,곽선열,19980301,19980309,경상남도 거제시 능포로 208,055-681-9002,055-681-9503, ,1300시1300분~1700시1700분,0,0,0,1,0,16,0,0,0,16,0,0,0,0,4,0,34.880971295983,128.737119544126
경상남도교육청,거제교육지원청,동그라미유치원,사립(사인),옥영희,옥구슬,19870321,19870325,경상남도 거제시 계룡로7길 24-5,055-636-2325,055-636-2313, ,0930시0930분~1730시1730분,2,3,3,0,0,240,60,90,90,0,0,53,64,60,0,0,34.8785475316126,128.620808501291
경상남도교육청,거제교육지원청,동백유치원,사립(사인),김금옥,김금옥,20220302,20220302,경상남도 거제시 장평1로 129,055-635-7270,055-635-7270, ,0900시0900분~1700시1700분,2,2,1,0,0,134,38,48,48,0,0,24,27,21,0,0,34.8920478732697,128.606571138368
경상남도교육청,거제교육지원청,동부초등학교병설유치원,공립(병설),박순옥,박순옥,19790301,19790301,경상남도 거제시 동부로 27,055-633-2024,055-633-2023, ,1230시1230분~1630시1630분,0,0,0,1,0,16,0,0,0,16,0,0,0,0,4,0,34.8200195919566,128.610384340225
경상남도교육청,거제교육지원청,룸비니유치원,사립(사인),이승엽,허소영,20071126,20080301,경상남도 거제시 문동폭포길 12-22,055-638-2005,055-638-2105, ,1300시1300분~1700시1700분,2,2,2,0,0,140,38,48,52,0,0,33,45,48,0,0,34.8538653899725,128.652049909568
경상남도교육청,거제교육지원청,명사초등학교병설유치원,공립(병설),박옥희,박옥희,19920301,19920301,경상남도 거제시 명사해수욕장길 11,055-951-2003,055-951-2020,http://www.myongsa.es.kr,1230시1230분~1630시1630분,0,0,0,1,0,16,0,0,0,16,0,0,0,0,1,0,34.7257048157,128.6036880413
경상남도교육청,거제교육지원청,무궁화유치원,사립(사인),이민영,감미진,19990306,19990306,경상남도 거제시 옥포대첩로7길 46,055-687-9111,055-687-8787, ,0900시0900분~1700시1700분,2,2,3,0,0,260,38,48,78,0,0,25,38,60,0,0,34.8961128068228,128.693987385075
경상남도교육청,거제교육지원청,미루유치원,사립(사인),윤명자,윤명자,20090301,20090301,경상남도 거제시 수양로 78,055-638-2142,055-638-2373,http://daum.net,0730시0730분~1900시1900분,2,2,2,0,0,160,38,48,52,0,0,32,48,50,0,0,34.8650686346,128.649042293
경상남도교육청,거제교육지원청,사등유치원,공립(단설),전영숙,전영숙,20210301,20210304,경상남도 거제시 언양로 555,055-680-6801,634-6802,http://sadeung-k.gne.go.kr,1300시1300분~1700시1700분,2,1,2,0,0,86,28,18,40,0,0,21,18,39,0,0,34.9018976862771,128.552682032747
경상남도교육청,거제교육지원청,새들유치원,사립(사인),권정혁,김성숙,20090305,20090305,경상남도 거제시 장평2로2길 22-9,055-633-4320,055-632-7952,http://cafe.daum.net/saedl2009,0900시0900분~1700시1700분,2,2,3,0,0,190,38,48,78,0,0,21,35,57,0,0,34.8882006385281,128.606494662381
경상남도교육청,거제교육지원청,서강유치원,사립(사인),신혜영,박다은(직무대리),20060601,20060601,경상남도 거제시 덕포2길 132-12,055-687-5751,055-687-5752, ,0840시0840분~1730시1730분,2,1,2,0,0,114,38,24,52,0,0,35,20,41,0,0,34.9178884266,128.6938232129
경상남도교육청,거제교육지원청,성균관유치원,사립(사인),김명숙,김명숙,20120921,20130304,경상남도 거제시 마전4길 5,055-681-8955,055-681-8979, ,0900시0900분~1700시1700분,2,2,2,0,0,170,45,56,69,0,0,23,42,47,0,0,34.8609399456075,128.722350018781
경상남도교육청,거제교육지원청,세종유치원,사립(사인),고정이,박영순,20030303,20030303,경상남도 거제시 문동폭포길 17,055-638-1601,055-638-1603, ,0900시0900분~1700시1700분,4,3,4,0,0,252,76,72,104,0,0,76,72,101,0,0,34.8557372083575,128.651395615324
경상남도교육청,거제교육지원청,소리숲유치원,사립(사인),박마리,이효원(직무대리),20100322,20100322,경상남도 거제시 수양2길 31-12,055-636-0625, , ,1300시1300분~1700시1700분,1,1,1,0,0,184,19,24,26,0,0,10,16,17,0,0,34.8913008585451,128.654086875348
경상남도교육청,거제교육지원청,수월초등학교병설유치원,공립(병설),이은하,이은하,19920310,19920310,경상남도 거제시 수양로 420,055-636-8313, ,http://www.suweol.es.kr,0830시0830분~1830시1830분,0,0,0,1,0,16,0,0,0,16,0,0,0,0,1,0,34.8903854661979,128.643323312363
경상남도교육청,거제교육지원청,숲에온유치원,사립(사인),박경란,박경란,20110301,20110301,경상남도 거제시 거제대로 4957,055-634-6806, , ,0900시0900분~1800시1800분,1,1,1,0,0,50,19,24,26,0,0,15,10,18,0,0,34.889722406898,128.595578293353
경상남도교육청,거제교육지원청,아이샘터유치원,사립(사인),김인화,김인화(직무대리),20141006,20150301,경상남도 거제시 양정2길 85,055-637-9352,055-637-9352,https://blog.naver.com/kih2143,  https://www.instagram.com/aisaem9?igsh=N2NjbHQxZG1rcDR0,0930시0930분~1730시1730분,1,2,1,0,0,164,19,48,26,0,0,15,26,17,0,0,34.8719686043,128.6452028435
경상남도교육청,거제교육지원청,아주초등학교병설유치원,공립(병설),박장서,박장서,19830301,19830301,경상남도 거제시 탑곡로4길 24,055-682-2801, , ,0830시0830분~1830시1830분,0,0,0,1,0,16,0,0,0,13,0,0,0,0,3,0,34.8641953857,128.6926265892
경상남도교육청,거제교육지원청,예인유치원,사립(사인),이순애,이순애,20120410,20120410,경상남도 거제시 중곡1로 138,055-637-7337,055-637-6533,http://www.yeinkid.net,1300시1300분~1700시1700분,2,1,2,1,0,138,38,23,52,23,0,38,23,46,23,0,34.8971152469108,128.633653183138
경상남도교육청,거제교육지원청,오비초등학교병설유치원,공립(병설),차영화,차영화,19840620,19840620,경상남도 거제시 오비5길 21,055-632-0797,055-632-0799,https://ob-p.gne.go.kr,0830시0830분~1700시1700분,0,0,0,1,0,16,0,0,0,16,0,0,0,0,6,0,34.922827925,128.6223966895
경상남도교육청,거제교육지원청,옥포초등학교병설유치원,공립(병설),조창섭,조창섭,19980305,19980305,경상남도 거제시 옥포로13길 12,055-687-7851,055-687-9556, ,1300시1300분~1700시1700분,0,0,0,1,0,16,0,0,0,13,0,0,0,0,13,0,34.892355078,128.6897963404
경상남도교육청,거제교육지원청,외간초등학교병설유치원,공립(병설),최동규,최동규,19820305,19820305,경상남도 거제시 옥산1길 10-1,055-633-3136,055-633-0681,https://oegan-p.gne.go.k,1300시1300분~1700시1700분,0,0,0,1,0,16,0,0,0,16,0,0,0,0,4,0,34.8725362027,128.5728980397
경상남도교육청,거제교육지원청,외포초등학교병설유치원,공립(병설),이경석,이경석,19980301,19980301,경상남도 거제시 외포5길 7,055-636-5196,055-636-1557,https://wepo-p.gne.go.kr/wepo-p/main.do,1230시1230분~1630시1630분,0,0,0,1,0,16,0,0,0,16,0,0,0,0,4,0,34.9430580178,128.717810983
경상남도교육청,거제교육지원청,용산유치원,공립(단설),명미정,명미정,20260301,20260301,경상남도 거제시 상동7길 58,055-950-0252, ,https://yongsan-k.gne.go.kr,1300시1300분~1700시1700분,1,1,2,0,2,72,13,15,36,0,8,13,14,31,0,6, , 
경상남도교육청,거제교육지원청,윤슬유치원,사립(사인),윤원화,이승은,20140211,20140314,경상남도 거제시 문동4길 35-5,055-636-2992,055-635-6824, ,0900시0900분~1700시1700분,2,3,2,0,0,172,38,72,52,0,0,38,63,49,0,0,34.8626137414,128.6510932484
경상남도교육청,거제교육지원청,이솝유치원,사립(사인),김현숙,정진,20060304,20060304,경상남도 거제시 수양1길 152,055-635-3368,055-636-3387, ,0800시0800분~1700시1700분,5,4,3,0,0,316,95,96,78,0,0,95,96,73,0,0,34.894150611627,128.661146120269
경상남도교육청,거제교육지원청,일운초등학교병설유치원,공립(병설),이병택,이병택,19840901,19840901,경상남도 거제시 지세포로 74,055-681-8182,055-681-5536,http://ilwoon-p.gne.go.kr/,0830시0830분~1700시1700분,0,0,0,1,0,16,0,0,0,16,0,0,0,0,9,0,34.8286713461,128.7055063782
경상남도교육청,거제교육지원청,장목초등학교병설유치원,공립(병설),문성길,문성길,19810131,19810131,경상남도 거제시 거제북로 1220,055-636-9763,055-636-9760,http://www.jangmok.go.kr/,1230시1230분~1630시1630분,0,0,0,1,0,16,0,0,0,16,0,0,0,0,3,0,34.9924676588,128.681738346
경상남도교육청,거제교육지원청,장승포초등학교병설유치원,공립(병설),강연숙,강연숙,19790301,19790301,경상남도 거제시 신부로1길 19,055-682-0059,055-682-3643,https://jsp-p.gne.go.kr/jsp-p/main.do,0830시0830분~1700시1700분,0,0,0,1,0,16,0,0,0,16,0,0,0,0,4,0,34.8698784488,128.72887705
경상남도교육청,거제교육지원청,장평초등학교병설유치원,공립(병설),김중회,김중회,19810301,19810301,경상남도 거제시 장평1로 116,055-635-7656,055-637-4056, ,1310시1310분~1710시1710분,0,0,1,1,0,36,0,0,20,16,0,0,0,12,13,0,34.8934257394,128.6086013706
경상남도교육청,거제교육지원청,장흥사유치원,사립(사인),김영춘,양귀녀,20100301,20100301,경상남도 거제시 아주로 77-13,055-681-6255,055-681-9155, ,1300시1300분~1700시1700분,1,2,2,0,0,216,57,72,78,0,0,19,48,52,0,0,34.8648871447317,128.684770768124
경상남도교육청,거제교육지원청,제산초등학교병설유치원,공립(병설),조선옥,조선옥,20080301,20080301,경상남도 거제시 제산로 70,055-634-1068, ,http://jesan-p.gne.go.kr/,1330시1330분~1800시1800분,0,0,0,1,0,16,0,0,0,16,0,0,0,0,11,0,34.8869765872293,128.641933391072
경상남도교육청,거제교육지원청,창호초등학교병설유치원,공립(병설),임영숙,임영숙,19840915,19840915,경상남도 거제시 가조로 1281-16,055-633-6864,055-633-9677,http://changho-p.gne.go.kr.,1300시1300분~1700시1700분,0,0,0,1,0,16,0,0,0,16,0,0,0,0,2,0,34.9556463287,128.5204491678
경상남도교육청,거제교육지원청,통큰아이유치원,사립(사인),우영순,우영순,20120921,20130301,경상남도 거제시 제산로5길 7,055-637-6707,055-632-6707, ,0930시0930분~1730시1730분,2,2,2,1,0,197,38,48,52,24,0,26,46,45,5,0,34.8868366314614,128.644542430733
경상남도교육청,거제교육지원청,하청초등학교병설유치원,공립(병설),김은택,김은택,19790402,19790402,경상남도 거제시 하청로 22,055-635-3705,055-636-7091,http://www.hacheong.es.kr,1330시1330분~1730시1730분,0,0,0,1,0,16,0,0,0,16,0,0,0,0,4,0,34.9564039383127,128.655317557108
경상남도교육청,거제교육지원청,한마음유치원,사립(사인),조영희,조영희,20080301,20080301,경상남도 거제시 장평3로3길 80,055-632-6878,055-635-6878,https://www.instagram.com/hanmaum6878/,0910시0910분~1710시1710분,2,1,1,0,0,56,18,19,19,0,0,18,19,19,0,0,34.8904187591803,128.600642310475
경상남도교육청,거제교육지원청,한아름유치원,공립(단설),임영순,임영순,19990104,19990615,경상남도 거제시 중곡2로 38,055-635-1858,055-636-8397,www.hanarum-k.gne.go.kr,0730시0730분~1930시1930분,2,2,2,0,0,104,28,36,40,0,0,22,36,40,0,0,34.8952612218,128.6297940133
경상남도교육청,거제교육지원청,해달별유치원,사립(사인),김정옥,김정옥,20090205,20090205,경상남도 거제시 문동4길 15-1,055-635-6702,055-632-6564, ,0910시0910분~1710시1710분,2,2,2,0,0,165,38,62,65,0,0,32,36,48,0,0,34.8626570139793,128.649950654269
경상남도교육청,거창교육지원청,가북초등학교병설유치원,공립(병설),정연용,정연용,19810309,19810309,경상남도 거창군 가북로 628,055-942-2730,055-943-7321, ,0830시0830분~1630시1630분,0,0,0,1,0,16,0,0,0,16,0,0,0,0,2,0,35.7632796148145,127.992652603013
경상남도교육청,거창교육지원청,가조초등학교병설유치원,공립(병설),박선희,박선희,19810131,19810131,경상남도 거창군 가조면 가조가야로 1087,055-943-8364,055-943-7364,www.gajo.es.kr,0840시0840분~1640시1640분,0,0,0,1,0,16,0,0,0,16,0,0,0,0,5,0,35.7115000486,128.0136314284
경상남도교육청,거창교육지원청,거창유치원,공립(단설),박경숙,박경숙,20050301,20050301,경상남도 거창군 거창읍 거열로4길 235,055-941-1263,055-941-1265,https://gcu-k.gne.go.kr/,0730시0730분~1930시1930분,2,3,3,0,2,142,26,50,58,0,8,26,50,58,0,8,35.6979687168,127.903233009
경상남도교육청,거창교육지원청,남상초등학교병설유치원,공립(병설),제인식,제인식,19820115,19820115,경상남도 거창군 인평길 21,055-943-4867,055-943-7378,namsang-p.gne.go.kr,0840시0840분~1640시1640분,0,0,0,1,0,16,0,0,0,16,0,0,0,0,5,0,35.645012393,127.9105873833
경상남도교육청,거창교육지원청,남하초등학교병설유치원,공립(병설),이현호,이현호,19810301,19810301,경상남도 거창군 영서로 151,055-944-4403,055-943-7723,http://namha-p.gne.go.kr,0840시0840분~1640시1640분,0,0,0,1,0,16,0,0,0,16,0,0,0,0,2,0,35.6590722469061,127.946646841262
경상남도교육청,거창교육지원청,마리초등학교병설유치원,공립(병설),오정식,오정식,19810401,19810405,경상남도 거창군 빼재로 23,055-943-7150,055-943-6336,http://www.mari.es.kr,0840시0840분~1640시1640분,0,0,0,1,0,16,0,0,0,3,0,0,0,0,3,0,35.7025743487,127.853587521
경상남도교육청,거창교육지원청,북상초등학교병설유치원,공립(병설),신인영,신인영,19810131,19810131,경상남도 거창군 북상면 송계로 731-18,055-925-9813,055-943-7933,https://buksang-p.gne.go.kr/,0840시0840분~1640시1640분,0,0,0,1,0,16,0,0,0,16,0,0,0,0,2,0,35.7800936316,127.8170374911
경상남도교육청,거창교육지원청,세종유치원,사립(사인),류영이,류영이,20040129,20040301,경상남도 거창군 운정1길 41,055-942-8493,055-943-8493,http://sejong.nanu5.com,0900시0900분~1700시1700분,0,0,0,5,0,100,0,0,0,100,0,0,0,0,99,0,35.6781509163943,127.900767360386
경상남도교육청,거창교육지원청,신원초등학교병설유치원,공립(병설),권정미,권정미,19800301,19800301,경상남도 거창군 신원면 신차로 3053,055-943-7154, ,https://sinwon-p.gne.go.k,0840시0840분~1640시1640분,0,0,0,1,0,16,0,0,0,16,0,0,0,0,1,0,35.5662360553,127.9260382485
경상남도교육청,거창교육지원청,아림유치원,사립(사인),김광숙,김광숙,20061017,20061017,경상남도 거창군 공수들7길 45,055-945-3501,055-945-3503,https://arim1017.kidsnote.ac,0730시0730분~1800시1800분,1,1,2,0,0,191,14,24,32,0,0,14,24,32,0,0,35.6862868043362,127.902259134336
경상남도교육청,거창교육지원청,웅양초등학교병설유치원,공립(병설),전영태,전영태,19790402,19810301,경상남도 거창군 웅양로 1403,070-4681-7114,055-943-9006,http://woongyang-p.gne.go.kr/,0840시0840분~1640시1640분,0,0,0,1,0,16,0,0,0,16,0,0,0,0,1,0,35.8032362848241,127.91536568528
경상남도교육청,거창교육지원청,월천초등학교병설유치원,공립(병설),정찬식,정찬식,19790302,19790302,경상남도 거창군 주곡로 207,055-942-5985,055-943-1557,https://kwolcheon-p.gne.go.kr,0840시0840분~1640시1640분,0,0,0,1,0,16,0,0,0,16,0,0,0,0,3,0,35.7138221866,127.9169674793
경상남도교육청,거창교육지원청,위천초등학교병설유치원,공립(병설),어달선,어달선,19790301,19790301,경상남도 거창군 위천면 창말1길 10,055-943-0004,055-943-7043,www.wicheon.es.kr,0840시0840분~1640시1640분,0,0,0,1,0,16,0,0,0,16,0,0,0,0,2,0,35.7521433712,127.8287495013
경상남도교육청,거창교육지원청,주상초등학교병설유치원,공립(병설),조윤주,조윤주,19810301,19810301,경상남도 거창군 주상면 도평1길 60,055-943-4032,055-943-7685,www.jusang.es.kr,0840시0840분~1640시1640분,0,0,0,1,0,16,0,0,0,16,0,0,0,0,2,0,35.7495279426,127.914235897
경상남도교육청,거창교육지원청,창남초등학교병설유치원,공립(병설),최대영,최대영,19840901,19840901,경상남도 거창군 거창읍 거함대로4길 24,055-945-0912,055-943-0220,http://changnam-p.gne.go.kr,0810시0810분~1810시1810분,0,0,1,1,1,40,0,0,20,16,4,0,0,13,6,4,35.6830768088,127.9166273132
경상남도교육청,고성교육지원청,거류초등학교병설유치원,공립(병설),최병국,최병국,19790402,19790402,경상남도 고성군 거류면 거류로 693-14,055-673-8017,055-673-1015,http://georyu-p.gne.go.kr,0720시0720분~1900시1900분,0,0,0,1,0,16,0,0,0,16,0,0,0,0,4,0,34.9938384664,128.4043477842
경상남도교육청,고성교육지원청,고성유치원,공립(단설),권영옥,권영옥,20060301,20060301,경상남도 고성군 송산로 111,055-673-9347,055-673-9359,https://goseong-k.gne.go.kr/,0730시0730분~1930시1930분,2,2,2,0,2,112,28,36,40,0,8,20,33,33,0,5,34.9837521473,128.3595108036
경상남도교육청,고성교육지원청,대흥초등학교병설유치원,공립(병설),신인섭,신인섭,19810131,19810131,경상남도 고성군 대가로 443-18,055-673-3792,055-673-8117,http://dae-heung-p.gne.go.kr,0840시0840분~1640시1640분,0,0,0,1,0,16,0,0,0,16,0,0,0,0,3,0,35.0160284128,128.2973530188
경상남도교육청,고성교육지원청,삼산초등학교병설유치원,공립(병설),강정임,강정임,19800301,19800301,경상남도 고성군 미룡2길 65,055-673-6164, , ,0840시0840분~1640시1640분,0,0,0,1,0,16,0,0,0,16,0,0,0,0,3,0,34.9374091164188,128.273559080773
경상남도교육청,고성교육지원청,상리초등학교병설유치원,공립(병설),하병노,하병노,19800301,19800301,경상남도 고성군 척번정1길 85,055-673-0811,055-672-4517,http://www.sangri.es.kr,0830시0830분~1700시1700분,0,0,0,1,0,18,0,0,0,16,0,0,0,0,2,0,34.999544025112,128.185791810284
경상남도교육청,고성교육지원청,율천초등학교병설유치원,공립(병설),이정휘,이정휘,19830301,19830301,경상남도 고성군 죽계2길 19,055-674-8027,055-674-8026,http://www.yulcheon.es.kr,0830시0830분~1630시1630분,0,0,0,1,0,16,0,0,0,16,0,0,0,0,5,0,34.9923089396,128.3281813758
경상남도교육청,고성교육지원청,철성초등학교병설유치원,공립(병설),문종두,문종두,19830301,19830301,경상남도 고성군 월평로 11,055-674-8161,055-674-8115,http://cheolseong.es.kr,0830시0830분~1800시1800분,0,0,0,1,0,16,0,0,0,16,0,0,0,0,1,0,34.9578510301047,128.342307445926
경상남도교육청,고성교육지원청,하일초등학교병설유치원,공립(병설),김수예,김수예,19810301,19810301,경상남도 고성군 학림2길 70-15,055-672-8774,055-673-3386,http://www.hail-p.gne.go.kr,0830시0830분~1630시1630분,0,0,0,1,0,16,0,0,0,16,0,0,0,0,1,0,34.9460392048602,128.189934552963
경상남도교육청,고성교육지원청,회화초등학교병설유치원,공립(병설),이점자,이점자,19790402,19790402,경상남도 고성군 배둔로 95,055-673-8055,055-673-8062,http://hoehwa-p.gne.go.kr,0830시0830분~1630시1630분,0,0,0,1,0,16,0,0,0,16,0,0,0,0,3,0,35.0621828966,128.373718991
경상남도교육청,김해교육지원청,경운초등학교병설유치원,공립(병설),김명숙,김명숙,19970305,19970305,경상남도 김해시 우암로73번길 8,055-310-2090,055-324-6933,http://gyeongun-p.gne.go.kr,0730시0730분~1810시1810분,1,1,1,0,0,52,14,18,20,0,0,8,9,11,0,0,35.2384221678,128.8606855564
경상남도교육청,김해교육지원청,계동초등학교병설유치원,공립(병설),김경숙,김경숙,20020901,20020918,경상남도 김해시 계동로 96,055-314-2199,055-314-2193,http://www.gyedong.es.kr,0800시0800분~1700시1700분,0,0,1,1,1,36,0,0,19,13,4,0,0,4,11,4,35.1847850466,128.7956839698
경상남도교육청,김해교육지원청,관동초등학교병설유치원,공립(병설),이연미,이연미,20130301,20130301,경상남도 김해시 율하3로 110,055-313-9616, ,http://gh-kwandong-p.gne.go.kr/,0800시0800분~1740시1740분,1,0,0,1,0,44,14,0,0,16,0,10,0,0,16,0,35.1776444962132,128.816959353857
경상남도교육청,김해교육지원청,구봉초등학교병설유치원,공립(병설),전진우,전진우,19841122,19850301,경상남도 김해시 구지로 99-26,055-325-5651,055-334-3555,http://www.goobong-p.gne.go.kr ,0830시0830분~1700시1700분,0,0,0,1,0,16,0,0,0,16,0,0,0,0,3,0,35.2408242397907,128.873759765154
경상남도교육청,김해교육지원청,구산초등학교병설유치원,공립(병설),강은영,강은영,20001204,20010301,경상남도 김해시 가락로 310-36,055-339-0650,055-339-2428, ,0830시0830분~1700시1700분,0,0,0,1,0,44,0,0,0,16,0,0,0,0,11,0,35.2541031391003,128.874488330412
경상남도교육청,김해교육지원청,국제유치원,사립(사인),신영식,신영식,20100114,20100302,경상남도 김해시 함박로 92,055-332-0021,055-334-5115, ,0930시0930분~1800시1800분,0,5,5,5,0,365,0,120,130,115,0,0,120,130,115,0,35.232136716125,128.863990396532
경상남도교육청,김해교육지원청,글로벌창의유치원,사립(사인),최현,이승진,20070301,20070301,경상남도 김해시 구지로 204,055-331-3355,055-331-5074, ,0810시0810분~1830시1830분,2,2,3,0,0,164,38,48,78,0,0,38,48,62,0,0,35.238151610701,128.885641669931
경상남도교육청,김해교육지원청,금동초등학교병설유치원,공립(병설),전형렬,전형렬,19810303,19810303,경상남도 김해시 상동로 551-13,055-323-6275,055-323-6950, ,1300시1300분~1700시1700분,0,0,0,1,0,16,0,0,0,16,0,0,0,0,2,0,35.3087657986174,128.929577486903
경상남도교육청,김해교육지원청,김해가야초등학교병설유치원,공립(병설),이영숙,이영숙,20000428,20000501,경상남도 김해시 분성로3번길 45,055-329-0287,055-329-0259,http://www.kaya.es.kr,1300시1300분~1700시1700분,0,0,0,1,0,16,0,0,0,2,0,0,0,0,2,0,35.2368045185,128.8518483138
경상남도교육청,김해교육지원청,김해구지초등학교병설유치원,공립(병설),양미현,양미현,20080301,20080301,경상남도 김해시 구산로5번길 45,055-313-3590,055-313-3596, ,0740시0740분~1810시1810분,0,1,1,0,1,42,0,18,20,0,4,0,8,13,0,3,35.2529876269,128.8697365201
경상남도교육청,김해교육지원청,김해내동초등학교병설유치원,공립(병설),남상진,남상진,19980303,19980303,경상남도 김해시 평전로 151,055-332-5602,055-322-6602, ,0830시0830분~1700시1700분,0,0,0,1,1,16,0,0,0,12,4,0,0,0,1,2,35.2426023411635,128.858898047764
경상남도교육청,김해교육지원청,김해동광초등학교병설유치원,공립(병설),이종우,이종우,19840619,19840619,경상남도 김해시 호계로500번길 15-15,055-332-2534,055-332-7394,www.dongkwang.es.kr,0800시0800분~1710시1710분,0,0,0,2,0,32,0,0,0,32,0,0,0,0,20,0,35.2364478219,128.8871918547
경상남도교육청,김해교육지원청,김해모산초등학교병설유치원,공립(병설),박민자,박민자,20190301,20190301,경상남도 김해시 율하로 483,055-724-2015,055-724-2081,http://ghmosan-p.gne.go.kr,0830시0830분~1700시1700분,0,0,0,1,0,16,0,0,0,16,0,0,0,0,5,0,35.1685827496,128.8267848943
경상남도교육청,김해교육지원청,김해봉황초등학교병설유치원,공립(병설),김성환,김성환,19810301,19810301,경상남도 김해시 전하로198번길 5,055-310-0670,055-335-2794,www.bonghwang-k.es.kr,0830시0830분~1700시1700분,0,0,0,1,0,16,0,0,0,16,0,0,0,0,4,0,35.2224182214,128.869888422
경상남도교육청,김해교육지원청,김해부곡초등학교병설유치원,공립(병설),최태신,최태신,20020901,20020901,경상남도 김해시 월산로 139,055-314-0343,055-314-0343,gh-boogok.es.kr,0830시0830분~1700시1700분,1,1,1,0,0,52,14,18,20,0,0,6,12,20,0,0,35.2064483345,128.8000893604
경상남도교육청,김해교육지원청,김해삼성초등학교병설유치원,공립(병설),정광미,정광미,19810305,19810305,경상남도 김해시 인제로51번길 42,055-332-8532,055-335-4590,http://ghsamseong-p.gne.go.kr/,0730시0730분~1710시1710분,0,0,0,1,0,16,0,0,0,16,0,0,0,0,7,0,35.2330801515,128.9006661978
경상남도교육청,김해교육지원청,김해신안초등학교병설유치원,공립(병설),고병원,고병원,20040901,20040901,경상남도 김해시 팔판로 8,055-314-7602,055-314-7605,https://ghsinan-p.gne.go.kr,0810시0810분~1840시1840분,0,0,0,1,0,16,0,0,0,16,0,0,0,0,8,0,35.1789130028,128.7903327209
경상남도교육청,김해교육지원청,김해유치원,공립(단설),신은희,신은희,19990104,19990901,경상남도 김해시 인제로284번길 51,055-328-1955,055-337-0905,http://gimhae-k.gne.go.kr,0730시0730분~1930시1930분,2,2,2,0,0,104,28,36,40,0,0,28,29,34,0,0,35.2539059416,128.9081799937
경상남도교육청,김해교육지원청,김해율산초등학교병설유치원,공립(병설),최진수,최진수,20200301,20200301,경상남도 김해시 율하5로 55,055-724-0730,055-724-0750,https://ghyulsan-p.gne.go.kr/,0840시0840분~1710시1710분,0,0,1,1,1,38,0,0,20,14,4,0,0,8,8,2,35.1648138489,128.8287540193
경상남도교육청,김해교육지원청,김해율하유치원,공립(단설),김영옥,김영옥,20200901,20200901,경상남도 김해시 율하2로126번길 6,055-311-9200,055-311-9211,http://ghyulha-k.gne.go.kr,0730시0730분~1930시1930분,2,3,3,0,0,142,28,54,60,0,0,28,54,60,0,0,35.1686927822,128.8142921889
경상남도교육청,김해교육지원청,김해합성초등학교병설유치원,공립(병설),배중근,배중근,19830301,19830301,경상남도 김해시 가락로 111-12,055-334-6398,055-322-6250,https://ghhapseong-p.gne.go.kr,0840시0840분~1700시1700분,0,0,0,1,0,16,0,0,0,16,0,0,0,0,9,0,35.2373091495,128.8802282218
경상남도교육청,김해교육지원청,김해활천초등학교병설유치원,공립(병설),김양호,김양호,19790401,19790401,경상남도 김해시 삼안로24번길 7,055-333-2874,055-332-0271,https://ghhwalcheon-p.gne.go.kr/,0840시0840분~1710시1710분,0,0,0,1,0,16,0,0,0,16,0,0,0,0,8,0,35.2318177968,128.9194779725
경상남도교육청,김해교육지원청,꽃동산유치원,사립(사인),유인석,김정애,19870530,19870530,경상남도 김해시 평전로201번길 10-12,055-322-5555,055-312-1111,https://blog.naver.com/flowerkfkg,0800시0800분~1800시1800분,4,2,2,0,0,450,150,180,120,0,0,61,45,36,0,0,35.2461516517458,128.863980014093
경상남도교육청,김해교육지원청,꽃무지풀무지유치원,사립(사인),최정혜,최정혜,20041229,20041229,경상남도 김해시 대청로104번길 46,055-312-6700, , ,0900시0900분~1700시1700분,5,3,2,0,0,300,100,100,100,0,0,82,60,59,0,0,35.1866598836683,128.802879977855
경상남도교육청,김해교육지원청,나무와아이들유치원,사립(사인),임경순,임경순,20110315,20110315,경상남도 김해시 하계로 414,055-344-3000,055-344-3004, ,0730시0730분~1900시1900분,4,3,3,0,0,241,76,72,78,0,0,63,71,75,0,0,35.2978418926269,128.737354328692
경상남도교육청,김해교육지원청,능동초등학교병설유치원,공립(병설),김문옥,김문옥,20050301,20050301,경상남도 김해시 번화1로123번길 20,055-312-0266,055-312-0251,http://neungdong-p.gne.go.kr/neungdong-p/main.do,0800시0800분~1700시1700분,0,0,0,1,0,16,0,0,0,16,0,0,0,0,9,0,35.1982007404581,128.795831104385
경상남도교육청,김해교육지원청,대동초등학교병설유치원,공립(병설),도환주,도환주,19810306,19810306,경상남도 김해시 대동면 대동로 287,055-335-6059,055-335-6605,http://daedong-p.gne.go.kr,0840시0840분~1640시1640분,0,0,0,1,0,16,0,0,0,16,0,0,0,0,3,0,35.2434817066,128.9802272301
경상남도교육청,김해교육지원청,동우유치원,사립(사인),김동환,김재우,20060308,20060308,경상남도 김해시 번화1로124번길 9,055-314-6677,055-314-6678, ,0750시0750분~1850시1850분,1,1,1,0,0,265,75,100,90,0,0,8,17,17,0,0,35.1986262194353,128.798616907126
경상남도교육청,김해교육지원청,맘에든유치원,사립(사인),오춘자,강미란,20060306,20060306,경상남도 김해시 전하로124번길 26-16,055-325-0063,055-325-7763, ,0900시0900분~1830시1830분,5,4,4,0,0,330,100,125,105,0,0,69,77,76,0,0,35.2185338182963,128.861435706928
경상남도교육청,김해교육지원청,매화숲유치원,사립(사인),배경미,백지형,20151026,20160301,경상남도 김해시 함박로101번길 19-1,055-331-1285,055-331-1289, ,0800시0800분~1900시1900분,1,1,2,0,0,100,19,24,52,0,0,18,19,27,0,0,35.2334556343273,128.863192077367
경상남도교육청,김해교육지원청,무지개유치원,사립(사인),양순익,이혜성,20050920,20060301,경상남도 김해시 가야로157번길 32-12,055-334-0303,055-334-5985, ,0900시0900분~1800시1800분,2,2,3,1,0,225,38,48,78,23,0,38,48,74,23,0,35.2632321597425,128.874952500963
경상남도교육청,김해교육지원청,빛누리유치원,사립(사인),이한욱,김태경,19960627,19960627,경상남도 김해시 분성로3번길 169,055-324-6636,055-324-6638,http://bitnuli.org/,0800시0800분~1800시1800분,3,2,2,0,0,175,57,48,52,0,0,51,37,42,0,0,35.2437652067636,128.859399927824
경상남도교육청,김해교육지원청,산새소리유치원,사립(사인),오봉진,김은지,20040917,20040917,경상남도 김해시 삼문로 77-1,055-314-0001,055-312-3399, ,0800시0800분~1800시1800분,6,5,5,0,0,379,114,120,130,0,0,114,120,128,0,0,35.1928671941904,128.808739764803
경상남도교육청,김해교육지원청,삼계초등학교병설유치원,공립(병설),구진옥,구진옥,19850323,19850323,경상남도 김해시 가야로38번길 30,055-339-2285,055-331-0685, ,0830시0830분~1700시1700분,1,0,0,1,1,34,14,0,0,16,4,4,0,0,12,4,35.2675486888682,128.86383839459
경상남도교육청,김해교육지원청,삼문초등학교병설유치원,공립(병설),김창준,김창준,20020901,20020901,경상남도 김해시 번화2로 104,055-312-9317, ,http://sammun-p.gne.go.kr/sammun-p/main.do,0810시0810분~1810시1810분,0,0,0,1,1,13,0,0,0,11,2,0,0,0,11,2,35.1982673257,128.8030686273
경상남도교육청,김해교육지원청,삼방초등학교병설유치원,공립(병설),유민순,유민순,19920301,19920301,경상남도 김해시 삼안로235번길 20,055-325-2338,055-337-7409,http://www.sambang.es.kr,0830시0830분~1700시1700분,0,0,0,1,1,20,0,0,0,16,4,0,0,0,7,4,35.2489505759713,128.907722791598
경상남도교육청,김해교육지원청,생각숲예술유치원,사립(사인),이상배,황진경,20120530,20120530,경상남도 김해시 율하1로 74,055-326-8800,055-326-1100, ,0900시0900분~1900시1900분,4,3,3,0,0,300,76,72,78,0,0,76,72,76,0,0,35.1746639076401,128.812287130652
경상남도교육청,김해교육지원청,생림초등학교병설유치원,공립(병설),정윤자,정윤자,19840917,19840917,경상남도 김해시 봉림로 80-10,055-323-8133,055-323-9772,https://saengnim-p.gne.go.kr/,0840시0840분~1640시1640분,0,0,0,1,0,16,0,0,0,16,0,0,0,0,4,0,35.3324421477,128.8477795662
경상남도교육청,김해교육지원청,석봉초등학교병설유치원,공립(병설),박환식,박환식,20040301,20040301,경상남도 김해시 월산로 27,055-312-1093,055-312-1096,http://seokbong-p.gne.go.kr,0830시0830분~1700시1700분,0,0,0,1,1,16,0,0,0,16,4,0,0,0,6,3,35.1995274520466,128.808619438378
경상남도교육청,김해교육지원청,수남초등학교병설유치원,공립(병설),전승자,전승자,19840917,19840917,경상남도 김해시 율하2로 183,055-323-4014,055-323-4599,www.mulare.es.kr,0830시0830분~1700시1700분,0,0,0,1,0,16,0,0,0,16,0,0,0,0,6,0,35.1707650226,128.8188633359
경상남도교육청,김해교육지원청,수인사유치원,사립(사인),유경애,유경애,19900301,19900301,경상남도 김해시 수인사길17 (내동.수인사유치원),055-333-4477, ,http://suinsa.kidsnote.ac,0730시0730분~1830시1830분,4,4,4,0,0,680,76,96,104,0,0,76,94,91,0,0,35.24637679151392,128.86028569566483
경상남도교육청,김해교육지원청,숲속자연유치원,사립(사인),박옥자,배지후,20160114,20160301,경상남도 김해시 김해대로1902번길 14,055-724-2580,055-724-2581, ,0730시0730분~1930시1930분,2,2,2,0,0,168,38,48,52,0,0,23,37,40,0,0,35.2557139302337,128.86472719006
경상남도교육청,김해교육지원청,숲속해바라기유치원,사립(사인),김난경,김난경,20091130,20100301,경상남도 김해시 율하로 270-69,055-329-5050,055-329-7108, ,0800시0800분~1800시1800분,1,2,2,1,0,142,19,48,52,23,0,19,48,52,19,0,35.1694144963123,128.805368562284
경상남도교육청,김해교육지원청,스펀지창의유치원,사립(사인),이수정,이수정,20151218,20160302,경상남도 김해시 관동로27번길 5-35,055-313-3664,055-327-3666, ,0750시0750분~1830시1830분,0,4,3,1,0,206,0,96,78,23,0,0,96,78,23,0,35.1785910475593,128.806486053887
경상남도교육청,김해교육지원청,신문초등학교병설유치원,공립(병설),박소진,박소진,20260301,20260301,경상남도 김해시 신문1로 10,055-724-1601,055-724-1594,https://shinmun-p.gne.go.kr,0840시0840분~1710시1710분,0,0,0,1,0,16,0,0,0,16,0,0,0,0,4,0, , 
경상남도교육청,김해교육지원청,아람나무유치원,사립(사인),성희미,성희미,20101011,20101011,경상남도 김해시 율하2로153번길 19,055-323-3702,055-323-8854, ,0800시0800분~1800시1800분,0,4,4,4,0,336,0,96,104,92,0,0,96,98,92,0,35.1699161520293,128.818240210653
경상남도교육청,김해교육지원청,아이뜰유치원,사립(사인),최순영,임채선,20090310,20090310,경상남도 김해시 평전로71번길 10-23,055-335-3335,055-335-3336,http://cafe.daum.net/:iddle335,0700시0700분~2000시2000분,2,1,1,1,0,130,38,24,26,23,0,22,17,22,23,0,35.2387645707083,128.855079942289
경상남도교육청,김해교육지원청,아이숲유치원,사립(사인),박경리,박경리,20020227,20020227,경상남도 김해시 월산로 111-79,055-313-3310,055-313-0153, ,0750시0750분~1830시1830분,0,2,2,3,0,169,0,48,52,69,0,0,48,52,69,0,35.2028149233534,128.80191865339
경상남도교육청,김해교육지원청,아인유치원,사립(사인),김지현,임순덕,20160106,20160303,경상남도 김해시 관동로27번길 27-11,055-903-2004,055-903-2007, ,0800시0800분~1800시1800분,0,2,2,3,0,172,0,48,52,69,0,0,43,52,69,0,35.1785499966043,128.808367651063
경상남도교육청,김해교육지원청,안명초등학교병설유치원,공립(병설),나말순,나말순,19850901,19850901,경상남도 김해시 안하로 28,055-343-1989,055-343-0140, ,0830시0830분~1700시1700분,0,0,0,1,0,16,0,0,0,16,0,0,0,0,2,0,35.3044151617625,128.828008697326
경상남도교육청,김해교육지원청,양문유치원,사립(사인),박병지,김혜경,20010222,20010302,경상남도 김해시 삼계중앙로13번길 47-24,055-339-8004,055-339-3210, ,0800시0800분~1900시1900분,2,1,1,0,0,114,30,30,30,0,0,36,21,24,0,0,35.2636550548595,128.865795856814
경상남도교육청,김해교육지원청,양지유치원,사립(사인),이영옥,이문정,19970301,19970301,경상남도 김해시 분성로3번길 245,055-322-4417,055-325-1524,https://www.instagram.com/yangji.kindergarten/,0830시0830분~1800시1800분,3,3,3,0,0,270,66,75,78,0,0,66,73,70,0,0,35.2486731633597,128.865127947788
경상남도교육청,김해교육지원청,영림유치원,사립(사인),김보경,김보경,20000226,20000226,경상남도 김해시 분성로 14-2,055-323-6226,055-902-3825,http://www.younglimkid.co.kr ,0800시0800분~1830시1830분,2,2,2,0,0,180,38,48,52,0,0,38,42,36,0,0,35.232121574482,128.849497026006
경상남도교육청,김해교육지원청,예그린유치원,사립(사인),안정윤,안정윤,20090302,20090310,경상남도 김해시 덕정로12번길 39-17,055-314-8500,055-314-8507, ,0900시0900분~1900시1900분,2,2,2,0,0,117,38,48,52,0,0,36,37,44,0,0,35.1776587386151,128.790171235027
경상남도교육청,김해교육지원청,용산초등학교병설유치원,공립(병설),김선희,김선희,19850901,19860301,경상남도 김해시 여차로 610,055-337-9063,055-337-9270,https://yongsan-p.gne.go.kr/,0830시0830분~1630시1630분,0,0,0,1,0,16,0,0,0,16,0,0,0,0,8,0,35.3542773130586,128.902994915652
경상남도교육청,김해교육지원청,우암초등학교병설유치원,공립(병설),김봉수,김봉수,20110301,20110305,경상남도 김해시 우암로 165,055-310-1880,055-324-7972,http://uam-p.gne.go.kr,0840시0840분~1710시1710분,0,0,0,1,1,18,0,0,0,20,4,0,0,0,4,2,35.2433064701781,128.866746973728
경상남도교육청,김해교육지원청,월산초등학교병설유치원,공립(병설),김성미,김성미,20010104,20010301,경상남도 김해시 능동로 123,055-314-5595,055-314-0216,http://wolsan-p.gne.go.kr,0810시0810분~1810시1810분,1,1,1,0,0,52,14,18,20,0,0,9,9,13,0,0,35.200593127027,128.80545099606
경상남도교육청,김해교육지원청,유영유치원,사립(사인),유영숙,유영숙,19970210,19970210,경상남도 김해시 함박로45번길 17-19,055-325-1722,055-321-3681,http://www.youyoung.co.kr,0900시0900분~2000시2000분,2,0,2,2,0,204,30,0,40,40,0,21,0,27,24,0,35.2336491871561,128.858178366233
경상남도교육청,김해교육지원청,율하초등학교병설유치원,공립(병설),최진숙,최진숙,20100301,20100301,경상남도 김해시 율하2로58번길 7,055-321-3257,055-321-2705,https://ghyulha-p.gne.go.kr,0800시0800분~1800시1800분,0,0,0,2,0,32,0,0,0,32,0,0,0,0,18,0,35.1716788257,128.8078468706
경상남도교육청,김해교육지원청,은성유치원,사립(사인),정봉익,현은성,19970402,19970402,경상남도 김해시 함박로 122-1,055-325-0671,055-325-0674, ,0800시0800분~1900시1900분,2,1,2,0,0,190,80,30,80,0,0,21,15,36,0,0,35.2315264175901,128.866459229787
경상남도교육청,김해교육지원청,이작초등학교병설유치원,공립(병설),서미숙,서미숙,19810301,19810301,경상남도 김해시 마사로241번길 12,055-335-9062,055-335-9657,http://ijak-p.gne.go.kr/,0850시0850분~1650시1650분,0,0,0,1,0,16,0,0,0,16,0,0,0,0,8,0,35.3607242996268,128.83694279807
경상남도교육청,김해교육지원청,이화예능유치원,사립(사인),장주희,김부선,20070228,20070228,경상남도 김해시 금관대로1265번길 10,055-334-2688,055-335-2689, ,0800시0800분~1900시1900분,1,1,1,1,0,101,19,24,26,23,0,19,24,26,18,0,35.2387304033474,128.858208136806
경상남도교육청,김해교육지원청,장유유치원,공립(단설),강노윤,강노윤,20120301,20120301,경상남도 김해시 수가로 271,055-329-8622,055-329-8625,http://jangyu-k.gne.go.kr/,0730시0730분~1930시1930분,3,3,3,0,2,156,39,51,58,0,8,39,51,57,0,8,35.1779114667,128.8374376259
경상남도교육청,김해교육지원청,장유초등학교병설유치원,공립(병설),박미애,박미애,19810130,19810130,경상남도 김해시 능동로 190,055-313-2231, ,http://jangyu.es.kr,0830시0830분~1730시1730분,0,0,0,1,0,41,0,0,0,16,0,0,0,0,9,0,35.2050987625358,128.811858287445
경상남도교육청,김해교육지원청,전원유치원,사립(사인),이평자,이평자,19950601,19950601,경상남도 김해시 삼안로112번길 20,055-332-0434,055-332-0434, ,0730시0730분~1800시1800분,3,4,3,0,0,310,57,96,78,0,0,57,84,76,0,0,35.239901197496,128.918442930357
경상남도교육청,김해교육지원청,제니스유치원,사립(사인),황세현 장현희,김소연(직무대리),20240601,20240601,경상남도 김해시 주촌면 천곡로 22,0553310030,0553310032, ,0750시0750분~1830시1830분,2,2,2,0,0,138,38,48,52,0,0,38,47,41,0,0,35.2339656937854,128.836910727415
경상남도교육청,김해교육지원청,주동유치원,공립(단설),김수진,김수진,20260323,20260303,경상남도 김해시 주촌면 서부로1701번안길 42,055-340-6700,055-326-5807,https://judong-k.gne.go.kr/,0730시0730분~1930시1930분,5,2,1,0,2,134,70,36,20,0,8,70,33,6,0,3, , 
경상남도교육청,김해교육지원청,주석초등학교병설유치원,공립(병설),최천학,최천학,20020901,20020901,경상남도 김해시 월산로 81-36,055-313-1679,055-313-1673,https://juseok-p.gne.go.kr/juseok-p/main.do,0840시0840분~1710시1710분,0,0,0,1,0,16,0,0,0,16,0,0,0,0,8,0,35.2026684922,128.8024556748
경상남도교육청,김해교육지원청,주촌초등학교병설유치원,공립(병설),노동현,노동현,19810302,19810302,경상남도 김해시 주촌면 천곡로15번길 13,055-338-7341,055-329-1617,https://juchon-p.gne.go.kr/,0720시0720분~1800시1800분,0,0,1,0,0,16,0,0,20,0,0,0,0,9,0,0,35.2328969214,128.8385872224
경상남도교육청,김해교육지원청,진례초등학교병설유치원,공립(병설),김성원,김성원,19810131,19810131,경상남도 김해시 송현로 74-12,055-345-3809,055-345-6432,https://jillye-p.gne.go.kr/jillye-p/main.do,0840시0840분~1800시1800분,0,0,0,1,0,16,0,0,0,16,0,0,0,0,11,0,35.24773136404,128.756127921911
경상남도교육청,김해교육지원청,진영금병초등학교병설유치원,공립(병설),손민근,손민근,20070305,20070305,경상남도 김해시 진영읍 장등로 37,055-342-9577,055-342-9575,http://jygeumbyeong-p.gne.go.kr,0800시0800분~1700시1700분,0,0,0,1,1,16,0,0,0,12,4,0,0,0,11,4,35.3096994275,128.7347751323
경상남도교육청,김해교육지원청,진영대창초등학교병설유치원,공립(병설),허성대,허성대,19840619,19840619,경상남도 김해시 진영로 236,055-342-3141,055-343-5537,https://jydaechang-p.gne.go.kr/jydaechang-p/main.do,0730시0730분~1800시1800분,1,1,1,0,0,52,14,18,20,0,0,9,18,20,0,0,35.3010912418,128.7395671625
경상남도교육청,김해교육지원청,진영대흥초등학교병설유치원,공립(병설),김미나,김미나,19810305,19810305,경상남도 김해시 진영읍 진영로120번길 2-4,055-342-0845,055-343-5087,www.daeheung.es.kr,0800시0800분~1800시1800분,0,0,0,1,1,16,0,0,0,12,4,0,0,0,8,4,35.3039979277,128.7253407015
경상남도교육청,김해교육지원청,진영유치원,공립(단설),이도점,이도점,20210301,20210301,경상남도 김해시 장등1로31번길 80-20,055-800-7777,055-800-7795,http://jinyeong-k.gne.go.kr ,1300시1300분~1700시1700분,2,3,3,0,1,142,27,54,57,0,4,27,49,54,0,4,35.3150952903767,128.738961059931
경상남도교육청,김해교육지원청,진영장등초등학교병설유치원,공립(병설),강보경,강보경,20210301,20210301,경상남도 김해시 진영읍 장등로 120,055-901-3204, ,https://blog.naver.com/jyjdkid,0730시0730분~1930시1930분,1,1,1,0,0,52,14,18,20,0,0,10,8,15,0,0,35.3126142299,128.7307199146
경상남도교육청,김해교육지원청,청아유치원,사립(사인),구주용,강동희,20020202,20020202,경상남도 김해시 하계로 40,055-342-0342,055-342-0347,https://cafe.naver.com/3420342,0700시0700분~1830시1830분,3,3,2,0,0,450,57,72,52,0,0,52,66,52,0,0,35.2889510231,128.710166114
경상남도교육청,김해교육지원청,하늘사랑유치원,사립(사인),김수미,김수미,20030203,20030203,경상남도 김해시 대청로104번길 11,055-314-1500,055-314-1441, ,0750시0750분~1830시1830분,3,3,4,0,0,300,90,90,120,0,0,77,87,113,0,0,35.1852198835907,128.799699506566
경상남도교육청,김해교육지원청,해돋이유치원,사립(사인),김영갑,백정이,20020208,20020208,경상남도 김해시 내덕로86번길 9,055-312-0646, , ,0750시0750분~1830시1830분,2,3,3,1,0,325,54,82,90,30,0,54,82,90,30,0,35.2062481355515,128.818103280667
경상남도교육청,김해교육지원청,현대유치원,사립(사인),박용숙,박용숙,19931223,19931223,경상남도 김해시 금관대로1209번길 20,055-322-1844,055-322-1844, ,0800시0800분~1900시1900분,2,2,1,0,0,180,60,60,30,0,0,23,35,25,0,0,35.2350048719519,128.852897588017
경상남도교육청,김해교육지원청,화정초등학교병설유치원,공립(병설),박병주 ,박병주 ,20030901,20030901,경상남도 김해시 삼계중앙로5번길 24,055-331-7875,055-331-7874,http://hwajung.es.kr,1300시1300분~1700시1700분,0,0,0,1,0,16,0,0,0,16,0,0,0,0,8,0,35.2630217963568,128.865504908684
경상남도교육청,남해교육지원청,고현초등학교병설유치원,공립(병설),김금,김금,19950301,20190301,경상남도 남해군 고현면 고설로 31,055-862-1613,055-863-4005,http://gohyun-p.gne.go.kr,0830시0830분~1630시1630분,0,0,0,1,0,16,0,0,0,16,0,0,0,0,2,0,34.897311845,127.8777324044
경상남도교육청,남해교육지원청,남명초등학교병설유치원,공립(병설),김점중,김점중,19790401,19790401,경상남도 남해군 남서대로748번길 7,055-862-1803,055-863-4003,https://nammyeong-p.gne.go.kr/nammyeong-p/main.do,0840시0840분~1640시1640분,0,0,0,1,0,16,0,0,0,16,0,0,0,0,3,0,34.7726459825,127.8900284465
경상남도교육청,남해교육지원청,남해유치원,공립(단설),김봉선,김봉선,19940101,20030328,경상남도 남해군 망운로61번길 44,055-863-0026,055-864-7550,http://namhae-k.gne.go.kr,0730시0730분~1930시1930분,2,2,2,0,1,104,28,36,40,0,4,19,24,35,0,2,34.8344842071,127.8864745204
경상남도교육청,남해교육지원청,미조초등학교병설유치원,공립(병설),배순애,배순애,19940101,19940101,경상남도 남해군 미송로2번길 8,055-867-7461,055-867-7402,http://www.mijo.es.kr ,0830시0830분~1840시1840분,0,0,0,1,0,16,0,0,0,16,0,0,0,0,3,0,34.715653935301,128.041446957246
경상남도교육청,남해교육지원청,상주초등학교병설유치원,공립(병설),하남칠,하남칠,19810301,19810301,경상남도 남해군 남해대로 708,055-863-0740,055-863-4002,http://sangju-p.gne.go.kr/sangju-p/main.do,0830시0830분~1900시1900분,0,0,0,1,0,16,0,0,0,16,0,0,0,0,10,0,34.7238798677704,127.98652367162
경상남도교육청,남해교육지원청,설천초등학교병설유치원,공립(병설),백혜경,백혜경,19810305,19810305,경상남도 남해군 설천로696번길 11,055-863-3437,055-863-4006,https://solchon-p.gne.go.kr/solchon-p/main.do,0830시0830분~1630시1630분,0,0,0,1,0,16,0,0,0,16,0,0,0,0,2,0,34.926597507143,127.914927318482
경상남도교육청,남해교육지원청,성명초등학교병설유치원,공립(병설),안영학,안영학,19790308,19790308,경상남도 남해군 남서대로 1630,055-863-4987,055-863-4004,https://seongmyeong-p.gne.go.kr,0830시0830분~1830시1830분,0,0,0,1,0,16,0,0,0,16,0,0,0,0,7,0,34.8089652225,127.8386457969
경상남도교육청,남해교육지원청,이동초등학교병설유치원,공립(병설),김윤점,김윤점,19810301,19810301,경상남도 남해군 무림로 29,055-863-4079,055-863-4001,https://idong-p.gne.go.kr/,0830시0830분~1700시1700분,0,0,0,1,0,16,0,0,0,16,0,0,0,0,4,0,34.8039617168,127.9520543694
경상남도교육청,남해교육지원청,창선초등학교병설유치원,공립(병설),김행식,김행식,19810301,19810301,경상남도 남해군 창선로97번길 16,055-867-7686,055-867-7400,http://www.changsun.es.kr,0840시0840분~1700시1700분,0,0,0,1,0,16,0,0,0,16,0,0,0,0,8,0,34.8581813811182,128.009850004195
경상남도교육청,밀양교육지원청,미리벌초등학교병설유치원,공립(병설),노형준,노형준,20060227,20060227,경상남도 밀양시 미리벌로 41-22,055-356-7882, , ,0730시0730분~1930시1930분,1,1,1,0,0,52,14,18,20,0,0,5,18,20,0,0,35.4795960446867,128.748904391507
경상남도교육청,밀양교육지원청,밀양원광유치원,사립(법인),조원행,조진향(직무대리),19851028,19851028,경상남도 밀양시 소전1길 12,055-355-2873,055-356-7740, ,0900시0900분~1700시1700분,2,1,1,0,0,90,36,26,28,0,0,17,19,19,0,0,35.4848231235975,128.752683566639
경상남도교육청,밀양교육지원청,밀양유치원,공립(단설),손정미,손정미,20150901,20150901,경상남도 밀양시 부북면 운전2길 22,055-355-0815,055-354-0814,https://milyang-k.gne.go.kr/milyang-k/main.do,0730시0730분~1930시1930분,2,1,2,0,0,86,28,18,40,0,0,24,17,29,0,0,35.5140214019,128.7296401393
경상남도교육청,밀양교육지원청,밀양초등학교병설유치원,공립(병설),최화실,최화실,19880301,19880301,경상남도 밀양시 중앙로 282-12,055-350-6571,055-355-2224,http://miryang-p.gne.go.kr,1300시1300분~1700시1700분,1,1,1,0,1,56,14,18,20,0,4,7,18,11,0,0,35.4894115329579,128.755443509281
경상남도교육청,밀양교육지원청,산내남명초등학교병설유치원,공립(병설),김일경,김일경,19810127,19810301,경상남도 밀양시 산내면 산내로 1143,055-356-5990,055-356-5361,https://ice-p.gne.go.kr/ice-p/main.do,0820시0820분~1730시1730분,0,0,0,1,0,16,0,0,0,16,0,0,0,0,2,0,35.5875004659,128.9542272705
경상남도교육청,밀양교육지원청,산동초등학교병설유치원,공립(병설),백수경,백수경,19850901,19850901,경상남도 밀양시 표충로 889-6,055-353-7829,055-352-7939,http://sandong-p.gne.go.kr,1240시1240분~1640시1640분,0,0,0,1,0,16,0,0,0,16,0,0,0,0,4,0,35.5256081701,128.9117965745
경상남도교육청,밀양교육지원청,산외초등학교병설유치원,공립(병설),허상구,허상구,19820301,19820301,경상남도 밀양시 산외로 257,055-355-4673,055-355-5922,http://sanwoe-p.gne.go.kr/sanwoe-p/cv/clashmpg/selectCvHmpgInfo.do?clasHmpgId=44210&srchClasYear=2019,1300시1300분~1700시1700분,0,0,0,1,0,16,0,0,0,16,0,0,0,0,6,0,35.5038368243297,128.795631093719
경상남도교육청,밀양교육지원청,삼랑진초등학교병설유치원,공립(병설),권오환,권오환,19790402,19790301,경상남도 밀양시 삼랑진읍 만어로 11,055-351-2815,055-351-0617,www.samsch.es.kr,0840시0840분~1700시1700분,0,0,0,1,0,16,0,0,0,16,0,0,0,0,3,0,35.4007321063,128.8410134013
경상남도교육청,밀양교육지원청,삼양사금강유치원,사립(사인),지용근,강민아,20000209,20000302,경상남도 밀양시 밀양대로 2083-11,055-353-4898,055-353-9993, ,0900시0900분~1700시1700분,2,1,1,0,0,140,50,50,40,0,0,22,16,15,0,0,35.5046519168081,128.750432322417
경상남도교육청,밀양교육지원청,상동초등학교병설유치원,공립(병설),임정숙,임정숙,19810301,19810301,경상남도 밀양시 금산5길 4,055-353-3411,055-352-8964,http://mlsangdong-p.gne.go.kr,0830시0830분~1630시1630분,0,0,0,1,0,16,0,0,0,16,0,0,0,0,6,0,35.555057083,128.7625708527
경상남도교육청,밀양교육지원청,성모성심유치원,사립(법인),천주교유지재단부산교구,김연옥,19610227,19610227,경상남도 밀양시 밀양대공원로 74,055-356-4005,055-356-4004, ,0900시0900분~1700시1700분,1,2,2,0,0,150,30,48,52,0,0,20,41,30,0,0,35.5014578289293,128.758901131698
경상남도교육청,밀양교육지원청,송진초등학교병설유치원,공립(병설),조선욱,조선욱,19800310,19800310,경상남도 밀양시 삼랑진로 206,055-352-7609,055-352-6992,http://songjin-p.gne.go.kr,1240시1240분~1640시1640분,0,0,0,1,0,16,0,0,0,16,0,0,0,0,3,0,35.3949124349,128.8363607265
경상남도교육청,밀양교육지원청,숭진초등학교병설유치원,공립(병설),김현미,김현미,19830803,19830308,경상남도 밀양시 삼랑진읍 삼랑진로 1286,055-353-5902,055-352-2675,www.soogjin.es.kr,1240시1240분~1640시1640분,0,0,0,1,0,16,0,0,0,16,0,0,0,0,1,0,35.4533157965,128.8010837233
경상남도교육청,밀양교육지원청,아랑유치원,사립(사인),여연자,오희정,19951031,19951031,경상남도 밀양시 삼문중앙로4길 53-5,055-354-3094,055-354-3014, ,0900시0900분~1700시1700분,1,1,2,1,0,119,19,24,52,23,0,19,20,33,20,0,35.4818428622005,128.758274401523
경상남도교육청,밀양교육지원청,엄마유치원,사립(사인),이동태,김상란(직무대리),19980408,19980408,경상남도 밀양시 상남로 1187-42,055-354-4862, , ,0900시0900분~1800시1800분,1,2,1,0,0,165,38,30,40,0,0,15,21,19,0,0,35.4621422487096,128.750699682774
경상남도교육청,밀양교육지원청,예림초등학교병설유치원,공립(병설),김주미,김주미,19810131,19810131,경상남도 밀양시 밀양대로 1524,055-355-9616,055-355-9807, ,1300시1300분~1700시1700분,0,0,0,1,1,20,0,0,0,16,4,0,0,0,4,2,35.4681324435,128.762309352
경상남도교육청,밀양교육지원청,청도초등학교병설유치원,공립(병설),김유경,김유경,19810131,19810131,경상남도 밀양시 두곡4길 13,055-353-6811,055-353-9897,http://chungdo.-p.gne.go.kr,1240시1240분~1640시1640분,0,0,0,1,0,16,0,0,0,16,0,0,0,0,1,0,35.550663373,128.6242390717
경상남도교육청,밀양교육지원청,초동초등학교병설유치원,공립(병설),한정조,한정조,19810301,19810301,경상남도 밀양시 초동로 321,055-391-2417,055-391-4441, ,1240시1240분~1640시1640분,0,0,0,1,0,16,0,0,0,16,0,0,0,0,1,0,35.4121492775691,128.69091470922
경상남도교육청,사천교육지원청,곤명초등학교병설유치원,공립(병설),박기영,박기영,19810131,19810301,경상남도 사천시 완사3길 61,055-786-7575,055-853-4222,http://gonmyeong-p.gne.go.kr,0830시0830분~1700시1700분,0,0,0,1,0,16,0,0,0,16,0,0,0,0,6,0,35.1302837825,127.9743031278
경상남도교육청,사천교육지원청,곤양초등학교병설유치원,공립(병설),김현지,김현지,19790401,19790401,경상남도 사천시 성내로 25,055-853-2355,055-854-0649,https://gonyang-p.gne.go.kr/,1300시1300분~1700시1700분,0,0,0,1,0,16,0,0,0,16,0,0,0,0,6,0,35.0589351113,127.9619487738
경상남도교육청,사천교육지원청,꽃나라유치원,사립(사인),김원길,이또순,19931129,19931129,경상남도 사천시 벌리8길 12,055-835-1709,055-835-6408,http://cafe.naver.com/flowerkidsworld,0900시0900분~1930시1930분,1,1,1,0,0,172,57,50,56,0,0,6,8,18,0,0,34.9428891609235,128.08237064968
경상남도교육청,사천교육지원청,보듬이유치원,사립(사인),김영순,김영순,20060228,20060302,경상남도 사천시 동계길 120,055-852-0375,055-852-0375, ,0900시0900분~1800시1800분,0,0,0,1,0,119,0,0,0,16,0,0,0,0,10,0,35.0735071922579,128.089795872557
경상남도교육청,사천교육지원청,사천유치원,공립(단설),유강민,유강민,20031022,20031022,경상남도 사천시 진삼로 1023,055-855-1361,055-855-1365,http://sacheon-k.gne.go.kr/sacheon-k/main.do,0730시0730분~1930시1930분,3,2,3,0,2,146,42,36,60,0,8,39,35,51,0,6,35.0472598593497,128.069241078309
경상남도교육청,사천교육지원청,삼천포유치원,공립(단설),이정란,이정란,20230901,20230901,경상남도 사천시 중앙로 112,055-833-1601,055-833-1605,https://samcheonpo-k.gne.go.kr/,0730시0730분~1930시1930분,1,2,2,0,1,90,14,34,38,0,4,14,29,33,0,3,34.9348336071,128.078929343
경상남도교육청,사천교육지원청,색동유치원,사립(사인),강성욱,강한민(직무대리),20060301,20060301,경상남도 사천시 안숲뫼길 110,055-832-7033,055-833-4001,http://cafe.naver.com/sd7033,0910시0910분~1710시1710분,2,1,1,0,0,141,38,25,27,0,0,21,10,7,0,0,34.9367678730191,128.089536916156
경상남도교육청,사천교육지원청,서포초등학교병설유치원,공립(병설),우광민,우광민,19790301,19790301,경상남도 사천시 서포면 나분이길 9,055-854-9530,055-853-1024,https://seopo-p.gne.go.kr,0830시0830분~1700시1700분,0,0,0,1,0,16,0,0,0,16,0,0,0,0,3,0,35.0085630442,127.9767898205
경상남도교육청,사천교육지원청,선진유치원,공립(단설),우인숙,우인숙,20140901,20140901,경상남도 사천시 통양1길 53,055-855-2603,055-855-2610,http://seonjin-k.gne.go.kr/seonjin-k/main.do,0730시0730분~1930시1930분,2,2,2,0,1,104,28,35,37,0,4,28,35,34,0,4,35.0378576343733,128.054038453151
경상남도교육청,사천교육지원청,열린유치원,사립(사인),장명희,엄숙이,20021223,20021223,경상남도 사천시 고읍길 151,055-853-1133,055-853-4333, ,0900시0900분~1700시1700분,0,0,1,1,0,119,0,0,28,23,0,0,0,10,11,0,35.0699880308504,128.09583467826
경상남도교육청,사천교육지원청,정동초등학교병설유치원,공립(병설),김선임,김선임,19810305,19810305,경상남도 사천시 대곡1길 25,055-852-1085,055-854-0078,https://sjd-p.gne.go.kr,0900시0900분~1700시1700분,0,0,0,1,0,16,0,0,0,16,0,0,0,0,3,0,35.0577910977705,128.12404874344
경상남도교육청,사천교육지원청,한마음유치원,사립(사인),송서목,송서목,19880216,19880216,경상남도 사천시 수양로 96-26,055-852-8765,055-852-4521,https://hankids.modoo.at/,0730시0730분~1900시1900분,1,1,1,0,0,120,15,24,24,0,0,10,12,11,0,0,35.0858787457909,128.094594329061
경상남도교육청,산청교육지원청,금서초등학교병설유치원,공립(병설),임종관,임종관,19810119,19810119,경상남도 산청군 화계오봉로 12,055-973-9936,055-973-0019,http://www.geumseo.es.kr/,0840시0840분~1640시1640분,0,0,0,1,0,16,0,0,0,16,0,0,0,0,1,0,35.4611848438,127.7919641073
경상남도교육청,산청교육지원청,덕산초등학교병설유치원,공립(병설),강영만,강영만,19800114,19800114,경상남도 산청군 덕산대포로 15,055-973-0851,055-972-9069,http://www.deoksan.es.kr/,0840시0840분~1640시1640분,0,0,0,1,0,16,0,0,0,16,0,0,0,0,3,0,35.2787796743579,127.836941672338
경상남도교육청,산청교육지원청,도산초등학교병설유치원,공립(병설),김미경,김미경,19810129,19810305,경상남도 산청군 신안면 신차로 3-3,055-973-4176,055-973-8456,https://scdosan-p.gne.go.kr,0830시0830분~1640시1640분,0,0,0,1,0,16,0,0,0,16,0,0,0,0,1,0,35.3354188414,127.9997364274
경상남도교육청,산청교육지원청,산청유치원,공립(단설),박미숙,박미숙,20190301,20190301,경상남도 산청군 수월로 39,055-974-6002,055-974-6005,http://sancheong-k.gne.go.kr/,0730시0730분~1930시1930분,1,3,2,0,0,108,14,54,40,0,0,10,38,31,0,0,35.3305718033,127.9496517809
경상남도교육청,산청교육지원청,삼장초등학교병설유치원,공립(병설),이현주,이현주,19830127,19830305,경상남도 산청군 친환경로 764,055-973-8693,055-973-8068,https://samjang-p.gne.go.kr/,0840시0840분~1640시1640분,0,0,0,1,0,16,0,0,0,16,0,0,0,0,1,0,35.3351626492,127.8391628027
경상남도교육청,산청교육지원청,생초초등학교병설유치원,공립(병설),김을희,김을희,19800301,19800301,경상남도 산청군 생초면 생초로38번길 21,055-973-3852,055-972-2208,http://saengcho-p.gne.go.kr,0840시0840분~1640시1640분,0,0,0,1,0,16,0,0,0,16,0,0,0,0,2,0,35.4951508199,127.8362572218
경상남도교육청,산청교육지원청,신천초등학교병설유치원,공립(병설),김선옥,김선옥,19850901,19850901,경상남도 산청군 지리산대로 1030-2,055-973-9615,055-973-1507,https://sincheon-p.gne.go.kr,1240시1240분~1640시1640분,0,0,0,1,0,16,0,0,0,16,0,0,0,0,1,0,35.2600105909,127.780446238
경상남도교육청,산청교육지원청,오부초등학교병설유치원,공립(병설),정명숙,정명숙,19830121,19830121,경상남도 산청군 오동로 649,055-973-8248,055-972-4357,https://obu-p.gne.go.kr/obu-p/main.do,1240시1240분~1640시1640분,0,0,0,1,0,16,0,0,0,16,0,0,0,0,2,0,35.4994577175,127.8866399651
경상남도교육청,산청교육지원청,차황초등학교병설유치원,공립(병설),최환상,최환상,19810219,19810219,경상남도 산청군 친환경로 3575,055-973-8666,055-973-8663,http://www.chahwang.es.kr,1230시1230분~1630시1630분,0,0,0,1,0,16,0,0,0,16,0,0,0,0,4,0,35.4638838478083,127.927674509921
경상남도교육청,양산교육지원청,가남초등학교병설유치원,공립(병설),변준섭,변준섭,20170301,20170301,경상남도 양산시 청운로 114,055-372-7130,055-372-0305,http://ganam-p.gne.go.kr/,0800시0800분~1800시1800분,1,0,0,1,0,59,14,0,0,16,0,6,0,0,13,0,35.3121292569,128.9981234944
경상남도교육청,양산교육지원청,가양초등학교병설유치원,공립(병설),안중안,안중안,20180301,20180301,경상남도 양산시 물금로 60,055-367-7448, ,http://gayang-p.gne.go.kr/,0730시0730분~1800시1800분,1,1,1,0,0,52,14,18,20,0,0,5,9,11,0,0,35.3106872621,128.9915796789
경상남도교육청,양산교육지원청,가촌초등학교병설유치원,공립(병설),박미정,박미정,20200301,20200323,경상남도 양산시 물금로 139,055-785-2603, ,http://gachon-p.gne.go.kr,0730시0730분~1800시1800분,1,1,1,0,1,52,13,18,17,0,4,13,12,13,0,4,35.3166761494,128.995825132
경상남도교육청,양산교육지원청,국제사바나유치원,사립(사인),성경희,김영숙,20161230,20170301,경상남도 양산시 금오6길 24,055-781-2001,055-781-2007, ,0750시0750분~2000시2000분,3,4,4,0,0,288,57,96,104,0,0,49,80,82,0,0,35.3122372204,129.022194199
경상남도교육청,양산교육지원청,글로벌유치원,사립(사인),김태리,김태리,20181219,20190301,경상남도 양산시 증산로 70-18,055-785-6500,070-8677-5001,https://blog.naver.com/global-6500,0730시0730분~1900시1900분,4,3,3,0,0,324,76,72,78,0,0,62,66,63,0,0,35.3034530607957,129.002288523248
경상남도교육청,양산교육지원청,꿈나무유치원,사립(사인),정진관,정진관,19900322,19900322,경상남도 양산시 황산로 580,055-383-1515,055-383-1544, ,0800시0800분~1900시1900분,3,2,3,1,0,207,57,48,78,23,0,57,44,72,20,0,35.3241610580892,129.000007814336
경상남도교육청,양산교육지원청,내원사유치원,사립(사인),김명옥,이은채,19850202,19850222,경상남도 양산시 상북중앙로 133,055-374-6474,055-374-4492, ,0800시0800분~1830시1830분,1,1,1,0,0,135,19,24,26,0,0,13,16,17,0,0,35.3963596673077,129.055290197087
경상남도교육청,양산교육지원청,누리유치원,사립(사인),공정대,박정순,19950211,19950211,경상남도 양산시 오봉로 138,055-385-0909,055-387-4455, ,0900시0900분~2000시2000분,1,2,2,0,0,340,18,48,52,0,0,13,30,31,0,0,35.3349269023108,129.003206033784
경상남도교육청,양산교육지원청,다인유치원,사립(사인),구순덕,구순덕,20110301,20110301,경상남도 양산시 소주로 181-1,055-366-8845,055-362-8846,http://dainkids@hanmail.net,0730시0730분~1930시1930분,1,1,1,0,0,140,19,24,26,0,0,6,8,7,0,0,35.411122844588,129.14853825372
경상남도교육청,양산교육지원청,대방미래유치원,사립(사인),조소선 백나리,백나리,20171226,20180301,경상남도 양산시 새실로 11,055-372-6752,055-372-6751, ,0740시0740분~2000시2000분,4,4,5,2,0,357,76,96,130,46,0,73,96,123,44,0,35.3164242588,128.994297509
경상남도교육청,양산교육지원청,덕계초등학교병설유치원,공립(병설),윤수영,윤수영,19830131,19830131,경상남도 양산시 덕계로 92, 덕계초등학교병설유치원,055-366-2780,055-366-3686,https://deokgye-p.gne.go.kr/,0830시0830분~1700시1700분,0,0,0,1,1,20,0,0,0,16,4,0,0,0,10,3,35.3751210985,129.1535944666
경상남도교육청,양산교육지원청,동면유치원,공립(단설),김은경,김은경,20220301,20220307,경상남도 양산시 동면 내송큰들1길 24,055-382-0361,055-382-0365,http://dongmyeon-k.gne.go.kr,0730시0730분~1930시1930분,4,4,4,0,2,208,53,69,78,0,8,53,64,75,0,8,35.3200696025,129.0672870225
경상남도교육청,양산교육지원청,동산초등학교병설유치원,공립(병설),김종인,김종인,19850305,19850305,경상남도 양산시 양산대로 346,055-384-7950,055-381-4439,http://www.ysdongsan.es.kr,0840시0840분~1700시1700분,0,0,0,1,0,16,0,0,0,16,0,0,0,0,5,0,35.3042807983,129.0263841714
경상남도교육청,양산교육지원청,동원유치원,사립(사인),소미숙,소미숙,20050620,20050620,경상남도 양산시 양주로 41,055-388-0777,055-388-9077, ,0750시0750분~1930시1930분,1,1,1,0,0,170,19,24,26,0,0,6,8,8,0,0,35.3319230794134,129.02784777759
경상남도교육청,양산교육지원청,명동유치원,공립(단설),최은주,최은주,20230301,20230301,경상남도 양산시 신명동5길 6,055-365-9610,055-365-9613,https://myeongdong-k.gne.go.kr/,0730시0730분~1930시1930분,1,2,2,0,0,90,14,36,40,0,0,14,33,37,0,0,35.4054113549515,129.169419477288
경상남도교육청,양산교육지원청,목원유치원,사립(사인),김현하,김현하,20040207,20040301,경상남도 양산시 삼호동부2길 8-19,055-363-8855,055-363-8857, ,0730시0730분~1830시1830분,1,1,2,1,0,230,20,25,56,20,0,15,23,42,11,0,35.4144571957851,129.185648288842
경상남도교육청,양산교육지원청,무지개유치원,사립(사인),김향숙,탁현주,19970506,19970506,경상남도 양산시 덕계북길 19,055-387-0400,055-387-0321, ,0730시0730분~1930시1930분,2,2,3,0,0,200,50,60,90,0,0,43,44,70,0,0,35.3838961217925,129.157072917773
경상남도교육청,양산교육지원청,물금유치원,공립(단설),송유현,송유현,20210315,20210315,경상남도 양산시 물금읍 신주2길 26,055-367-0341,055-367-0343,https://mulgeum-k.gne.go.kr,0730시0730분~1930시1930분,5,5,5,0,2,265,71,90,100,0,8,70,88,90,0,8,35.3362793701,129.0204173529
경상남도교육청,양산교육지원청,범어초등학교병설유치원,공립(병설),이혜경,이혜경,20180301,20180301,경상남도 양산시 동중6길 8,055-384-8895,055-388-9381,https://beomeo-p.gne.go.kr/,0730시0730분~1700시1700분,0,0,0,1,0,16,0,0,0,16,0,0,0,0,5,0,35.3315050267,129.0054623147
경상남도교육청,양산교육지원청,봉우유치원,사립(사인),임미경,임미경,19940201,19940302,경상남도 양산시 신명로 89,055-362-3880,055-362-3885,https://blog.naver.com/bongwoo3623880,0730시0730분~2000시2000분,1,1,1,0,0,120,19,24,26,0,0,19,21,18,0,0,35.3867729094,129.1435529585
경상남도교육청,양산교육지원청,북정초등학교병설유치원,공립(병설),박희봉,박희봉,20090301,20090301,경상남도 양산시 북정서길 28,055-367-2722,055-367-2704,https://bukjeong-p.gne.go.kr/bukjeong-p/main.do,0800시0800분~1700시1700분,0,0,0,1,1,20,0,0,0,16,4,0,0,0,3,3,35.3607067846,129.0421374415
경상남도교육청,양산교육지원청,사송유치원,공립(단설),김윤희,김윤희,20250212,20250304,경상남도 양산시 동면 사송로 119-19,055-781-1260,055-781-1264,https://sasong-k.gne.go.kr/sasong-k/main.do,0730시0730분~1930시1930분,4,4,4,0,2,208,54,70,76,0,8,55,64,64,0,6,35.3083068518,129.0698769745
경상남도교육청,양산교육지원청,사송초등학교병설유치원,공립(병설),강동율,강동율,20250301,20250304,경상남도 양산시 동면 외송로 29,055-360-9058,055-360-9000,https://sasong-p.gne.go.kr/sasong-p/main.do,0730시0730분~1800시1800분,1,1,1,0,0,52,14,18,20,0,0,14,14,15,0,0,35.312982718,129.0736554827
경상남도교육청,양산교육지원청,삼성초등학교병설유치원,공립(병설),김동현,김동현,19850301,19850309,경상남도 양산시 북정13길 28,055-388-4676,055-385-1663,http://www.samsung-p.gne.go.kr,0840시0840분~1700시1700분,0,0,0,1,0,16,0,0,0,16,0,0,0,0,5,0,35.3648471763919,129.047470680002
경상남도교육청,양산교육지원청,삽량초등학교병설유치원,공립(병설),김민성,김민성,20100301,20100301,경상남도 양산시 양주로 55,055-381-7225,055-381-7224,http://sabryang-p.gne.go.kr,0730시0730분~1930시1930분,0,0,0,1,1,16,0,0,0,15,1,0,0,0,13,1,35.3318699248,129.028985485
경상남도교육청,양산교육지원청,상상나래유치원,사립(사인),이정순 김진호,서효정,20151218,20160302,경상남도 양산시 오봉로 26,055-912-0600,055-912-0601,https://m.blog.naver.com/bing0702,0800시0800분~1900시1900분,3,3,3,0,0,220,57,72,78,0,0,47,58,65,0,0,35.3288171774259,128.999911216445
경상남도교육청,양산교육지원청,새싹유치원,사립(사인),서효림,성신애,20091013,20091013,경상남도 양산시 삼호4길 41,055-365-1041,055-365-0041, ,0730시0730분~1930시1930분,1,1,1,0,0,110,19,24,26,0,0,9,15,16,0,0,35.4124448237572,129.171013526448
경상남도교육청,양산교육지원청,석산초등학교병설유치원,공립(병설),임경미,임경미,20130301,20130301,경상남도 양산시 동면 금오16길 105,055-785-6028,055-785-6027,https://seoksan-p.gne.go.kr/seoksan-p/main.do,0900시0900분~1700시1700분,0,0,1,1,1,40,0,0,20,16,4,0,0,12,3,4,35.3213754585,129.026772545
경상남도교육청,양산교육지원청,성산초등학교병설유치원,공립(병설),박애란,박애란,20100301,20100301,경상남도 양산시 신주로 78,055-382-2375,055-382-2374, ,0730시0730분~1830시1830분,1,1,1,0,0,59,14,18,20,0,0,8,15,16,0,0,35.3303035305182,129.017637323144
경상남도교육청,양산교육지원청,성아유치원,사립(사인),옥선자,박수정,20000901,20000901,경상남도 양산시 양주로 154,055-388-5188 ,055-381-5188,http://sunga.kidswon.com/,0730시0730분~1930시1930분,1,1,2,0,0,160,40,40,80,0,0,21,14,38,0,0,35.3376473273,129.0340345805
경상남도교육청,양산교육지원청,송원유치원,사립(사인),최홍순,최홍순,20110301,20110301,경상남도 양산시 화합3길 2,055-362-1350,055-362-1350,https://blog.naver.com/kindchs,0850시0850분~2000시2000분,0,4,4,5,0,341,0,96,104,115,0,0,96,104,115,0,35.3302749917081,129.009764989296
경상남도교육청,양산교육지원청,숲속유치원,사립(사인),양성희,이지연(직무대리),20011130,20020301,경상남도 양산시 북정5길 21,055-385-5415,055-372-5415,http://forest5415.ebikids.co.kr,0730시0730분~1900시1900분,1,1,1,1,0,210,19,24,26,26,0,11,18,17,13,0,35.3612356279,129.0490746544
경상남도교육청,양산교육지원청,신명초등학교병설유치원,공립(병설),변수란,변수란,20040301,20040301,경상남도 양산시 신명로 108,055-365-7786,055-365-7784,https://yssm-p.gne.go.kr/yssm-p/main.do,0900시0900분~1800시1800분,0,0,0,1,0,16,0,0,0,16,0,0,0,0,1,0,35.3883253356,129.1426299377
경상남도교육청,양산교육지원청,신양초등학교병설유치원,공립(병설),김혜숙,김혜숙,20070306,20070306,경상남도 양산시 양주로 27,055-364-1596,055-364-1595,http://y-sinyang-p.gne.go.kr/y-sinyang-p/main.do,0730시0730분~1930시1930분,1,1,1,0,2,52,14,18,20,0,8,7,5,18,0,4,35.3339040456,129.0245491733
경상남도교육청,양산교육지원청,아이사랑유치원,사립(사인),김정순,김정순,20090122,20090122,경상남도 양산시 소주회야로 77-2,055-362-0030,055-362-0382, ,0730시0730분~1930시1930분,0,1,1,1,0,87,0,23,28,18,0,0,12,13,6,0,35.4104246658804,129.160212658737
경상남도교육청,양산교육지원청,양산유치원,공립(단설),김민경,김민경,20150301,20150301,경상남도 양산시 야리로 51,055-367-5691,055-367-5694,http://yangsan-k.gne.go.kr,0730시0730분~1930시1930분,3,2,3,0,2,138,42,36,60,0,8,42,34,51,0,7,35.3157518772188,129.00349344771
경상남도교육청,양산교육지원청,양산초등학교병설유치원,공립(병설),배정호,배정호,19810131,19810131,경상남도 양산시 중앙우회로 102,055-385-5360,055-385-3794,http://yangsan-p.gne.go.kr ,0800시0800분~1700시1700분,0,0,0,1,1,20,0,0,0,16,4,0,0,0,8,1,35.3453016487,129.043533641
경상남도교육청,양산교육지원청,양주유치원,사립(사인),배상준,배동화,19870301,19870301,경상남도 양산시 서일동3길 10,055-382-9787,055-386-8079,http://www.yj9787.com,0730시0730분~1930시1930분,2,2,2,0,0,226,50,70,70,0,0,25,35,36,0,0,35.3406929482757,129.035804254002
경상남도교육청,양산교육지원청,어곡초등학교병설유치원,공립(병설),양은진,양은진,19840630,19840630,경상남도 양산시 두전길 30-19,055-385-7233,055-388-3241, ,0800시0800분~1800시1800분,0,0,0,1,0,16,0,0,0,16,0,0,0,0,5,0,35.3804509732,129.0294587851
경상남도교육청,양산교육지원청,에듀웰명문유치원,사립(사인),엄인자,엄인자,20101015,20110301,경상남도 양산시 곡리4길 18,055-381-3535,055-381-3537, ,0830시0830분~1830시1830분,4,3,4,0,0,329,76,96,104,0,0,61,64,90,0,0,35.3174111943868,129.031403834894
경상남도교육청,양산교육지원청,영천초등학교병설유치원,공립(병설),문수은,문수은,19810305,19810305,경상남도 양산시 영천4길 6,055-384-0131,055-384-9483,https://yeongcheon-p.gne.go.kr/yeongcheon-p/main.do,0830시0830분~1630시1630분,0,0,0,1,0,16,0,0,0,16,0,0,0,0,4,0,35.3117393006,129.1107727534
경상남도교육청,양산교육지원청,오봉유치원,공립(단설),정현희,정현희,20190301,20190301,경상남도 양산시 목화9길 8,055-785-5061,055-785-5064,http://obong-k.gne.go.kr,0730시0730분~1930시1930분,2,2,2,0,1,106,28,36,40,0,4,26,28,26,0,4,35.3347018029,129.0039226606
경상남도교육청,양산교육지원청,우리들유치원,사립(사인),하순련,하순련,20141223,20150301,경상남도 양산시 원동로 25,055-383-0022, , ,0730시0730분~1900시1900분,3,4,3,0,0,372,76,96,78,0,0,45,72,77,0,0,35.3158622749582,128.988524636903
경상남도교육청,양산교육지원청,웅상유치원,사립(사인),이의철,전석호,19920325,19920325,경상남도 양산시 번영로 90,055-366-9923,055-388-8825, ,0730시0730분~1900시1900분,4,4,3,0,0,330,76,97,96,0,0,61,97,96,0,0,35.3799920769182,129.148395566574
경상남도교육청,양산교육지원청,웅상초등학교병설유치원,공립(병설),정외경,정외경,19810920,19810920,경상남도 양산시 명동4길 5,055-366-1384,055-389-1896,https://ungsang-p.gne.go.kr/,0840시0840분~1700시1700분,0,0,0,1,0,16,0,0,0,16,0,0,0,0,4,0,35.3973345063,129.189930628
경상남도교육청,양산교육지원청,원동초등학교병설유치원,공립(병설),이원경,이원경,19810301,19810301,경상남도 양산시 원동로 1508,055-372-5009,055-381-7553,http://wondong-p.gne.go.kr,0830시0830분~1630시1630분,0,0,0,1,0,16,0,0,0,16,0,0,0,0,6,0,35.3644310248,128.9226666265
경상남도교육청,양산교육지원청,원동초등학교이천분교장병설유치원,공립(병설),이원경,이원경,20060301,20060301,경상남도 양산시 원동면 배내로 431-1,055-387-6379,055-388-6449,http://,0830시0830분~1630시1630분,0,0,0,1,0,16,0,0,0,16,0,0,0,0,2,0,35.4874290201,128.9850904657
경상남도교육청,양산교육지원청,자연유치원,사립(사인),구정순,구정순,19910125,19910125,경상남도 양산시 양주1길 14,055-386-0033,055-387-0515, ,0800시0800분~1900시1900분,2,2,2,0,0,260,38,48,52,0,0,37,44,37,0,0,35.3407899730597,129.031568754334
경상남도교육청,양산교육지원청,중부초등학교병설유치원,공립(병설),심영주,심영주,20000719,20000901,경상남도 양산시 양주로 140,055-388-8379,055-388-8378,https://ysjb-p.gne.go.kr/ysjb-p/main.do,0730시0730분~1700시1700분,0,0,0,1,1,20,0,0,0,16,4,0,0,0,7,1,35.3368211208,129.0331387491
경상남도교육청,양산교육지원청,중앙유치원,사립(사인),오봉진,박애진,19950302,19950302,경상남도 양산시 서남1길 46,055-387-0306,055-388-3610, ,0800시0800분~1900시1900분,0,3,2,3,0,205,0,72,52,69,0,0,69,51,67,0,35.3286210070795,129.000679905336
경상남도교육청,양산교육지원청,증산숲유치원,사립(사인),김영희,박주현,20151027,20160301,경상남도 양산시 서들3길 17-18,055-386-7744,055-386-1661, ,0730시0730분~1900시1900분,0,3,3,5,0,269,0,72,104,115,0,0,59,72,115,0,35.3065201351,129.0044583317
경상남도교육청,양산교육지원청,천성초등학교병설유치원,공립(병설),전경숙,전경숙,20000301,20000301,경상남도 양산시 배움터길 28,055-364-3108,055-363-4014,www.cheonseong.es.kr,0830시0830분~1700시1700분,0,0,0,1,0,16,0,0,0,16,0,0,0,0,3,0,35.3787436686,129.1446064767
경상남도교육청,양산교육지원청,청어람유치원,사립(사인),최인서,최인서,20050314,20050314,경상남도 양산시 양주로 94,055-364-0555,055-364-0560,https://cafe.naver.com/chungeoram05,0800시0800분~1900시1900분,2,1,2,0,0,110,38,24,48,0,0,16,23,34,0,0,35.3339315688514,129.034201996303
경상남도교육청,양산교육지원청,통도사유치원,사립(사인),금동명,서선옥,19930702,19930702,경상남도 양산시 신평로 60,055-381-9113,055-384-9830, ,0800시0800분~1900시1900분,1,1,1,0,0,90,18,20,24,0,0,6,6,15,0,0,35.4938954706144,129.087636225349
경상남도교육청,양산교육지원청,평산초등학교병설유치원,공립(병설),강태경,강태경,19971223,19980309,경상남도 양산시 평산중앙5길 11,055-366-2920,055-366-0206,http://ysps-p.gne.go.kr/,0840시0840분~1700시1700분,0,0,0,1,0,16,0,0,0,16,0,0,0,0,4,0,35.3869163577,129.1544418372
경상남도교육청,양산교육지원청,하늘유치원,사립(사인),김해숙,김해숙,20121128,20130216,경상남도 양산시 금산5길 22-14,055-383-5544,070-7500-4407, ,0740시0740분~1930시1930분,2,2,3,0,0,249,39,48,78,0,0,37,33,58,0,0,35.3070434053041,129.028514816182
경상남도교육청,양산교육지원청,한소리유치원,사립(사인),배형국,김순옥,20010906,20010906,경상남도 양산시 웅상대로 975,055-363-6711,055-387-5200, ,0730시0730분~1930시1930분,3,3,3,1,0,237,57,72,78,23,0,57,72,78,20,0,35.386327820991,129.15495495448
경상남도교육청,양산교육지원청,해든청어람유치원,사립(사인),박금순,조소영,20151019,20160301,경상남도 양산시 버들길 41-15,055-366-0554,055-367-0554,http://cafe.naver.com/haedeun0554,0800시0800분~1930시1930분,0,3,4,4,0,269,0,72,104,92,0,0,72,97,88,0,35.3072898383881,128.990066865818
경상남도교육청,양산교육지원청,해바라기유치원,사립(사인),강송애,강송애,19980115,19980115,경상남도 양산시 초장길 22-17,055-388-5417,055-387-7156,https://cafe.naver.com/hbrk,0730시0730분~1900시1900분,2,1,1,1,0,150,60,30,30,30,0,55,23,26,21,0,35.3341206113247,129.009810114942
경상남도교육청,양산교육지원청,화제초등학교병설유치원,공립(병설),강창대,강창대,19850310,19850310,경상남도 양산시 화제로 399-29,055-381-2588,055-384-3750,https://hwaje-p.gne.go.kr/hwaje-p/main.do,0840시0840분~1700시1700분,0,0,0,1,0,16,0,0,0,16,0,0,0,0,8,0,35.3511008920634,128.97950560912
경상남도교육청,양산교육지원청,회야초등학교병설유치원,공립(병설),나재관,나재관,20210301,20210303,경상남도 양산시 신덕계8길 58,055-911-0723,055-367-7552,http://hoeya-p.gne.go.kr/hoeya-p,0730시0730분~1700시1700분,0,0,1,1,1,44,0,0,18,14,4,0,0,2,7,2,35.3738271682067,129.16031867873
경상남도교육청,의령교육지원청,낙서초등학교병설유치원,공립(병설),박정아,박정아,19830310,19830310,경상남도 의령군 낙동강로 773-6,055-572-0508,055-572-1326,http://www.nakseo.es.kr,0840시0840분~1640시1640분,0,0,0,1,0,16,0,0,0,16,0,0,0,0,1,0,35.4817394111,128.4138500098
경상남도교육청,의령교육지원청,대의초등학교병설유치원,공립(병설),박해순,박해순,19820301,19820301,경상남도 의령군 대의로 31 -6,055-572-9670,055-572-9016, ,0840시0840분~1640시1640분,0,0,0,1,0,16,0,0,0,16,0,0,0,0,6,0,35.3706185133529,128.109214988418
경상남도교육청,의령교육지원청,부림초등학교병설유치원,공립(병설),김기문,김기문,19790301,19790301,경상남도 의령군 대한로 1721,055-574-5352,055-574-6396,https://burim-p.gne.go.kr/burim-p/main.do,0840시0840분~1740시1740분,0,0,0,1,1,16,0,0,0,16,4,0,0,0,3,2,35.4655875716,128.320738591
경상남도교육청,의령교육지원청,부림초등학교봉수분교장병설유치원,공립(병설),김기문,김기문,19810331,19810331,경상남도 의령군 한지9길 6,055-573-5939, ,https://burim-p.gne.go.kr/burim-p/main.do,0840시0840분~1640시1640분,0,0,0,1,0,16,0,0,0,16,0,0,0,0,2,0,35.4791471975,128.2400380414
경상남도교육청,의령교육지원청,유곡초등학교병설유치원,공립(병설),이상진,이상진,19810321,19810321,경상남도 의령군 마장로 6-3,055-573-8638,055-573-2596,http://www.yugok.es.kr/,0840시0840분~1640시1640분,0,0,0,1,0,16,0,0,0,16,0,0,0,0,5,0,35.4333844366,128.3133995155
경상남도교육청,의령교육지원청,의령유치원,공립(단설),조필례,조필례,20120901,20120901,경상남도 의령군 의병로25길 21-8,055-574-9352,055-574-9355,http://uiryeong-k.gne.go.kr/,0730시0730분~1930시1930분,2,2,2,0,0,104,28,36,40,0,0,28,36,34,0,0,35.3190136687,128.2668988766
경상남도교육청,의령교육지원청,정곡초등학교병설유치원,공립(병설),강윤구,강윤구,20091013,20091013,경상남도 의령군 법정로 937-6,055-573-0363,055-572-4579,http://www.jeonggok.es.kr,0840시0840분~1640시1640분,0,0,0,1,0,16,0,0,0,16,0,0,0,0,1,0,35.379814772997,128.324665804193
경상남도교육청,의령교육지원청,지정초등학교병설유치원,공립(병설),황민,황민,19950301,19950301,경상남도 의령군 지정면 함의로4길 5,055-572-5424,055-572-9310,https://jijeong-p.gne.go.kr,0830시0830분~1630시1630분,0,0,0,1,0,16,0,0,0,16,0,0,0,0,1,0,35.3834510617,128.3874141402
경상남도교육청,의령교육지원청,화정초등학교병설유치원,공립(병설),김동영,김동영,19790301,19790301,경상남도 의령군 화정로 314,055-573-0553,055-572-4176,https://urhwajeong-p.gne.go.kr/,0830시0830분~1630시1630분,0,0,0,1,0,16,0,0,0,16,0,0,0,0,6,0,35.2768210105,128.2112218421
경상남도교육청,진주교육지원청,가람별유치원,공립(단설),정지영,정지영,20240301,20240301,경상남도 진주시 충의로 141,055-923-3200,055-923-3213,http://garambyul-k.gne.go.kr,0730시0730분~1930시1930분,2,3,3,0,1,146,28,54,60,0,4,28,54,55,0,4,35.1746277826,128.1508726726
경상남도교육청,진주교육지원청,가좌초등학교병설유치원,공립(병설),안서현,안서현,20060305,20060305,경상남도 진주시 내동로348번길 17,055-756-0534,055-756-0531,http://www.gajwa.es.kr,0800시0800분~1730시1730분,0,0,0,1,0,16,0,0,0,16,0,0,0,0,10,0,35.1495783394142,128.103331847529
경상남도교육청,진주교육지원청,관봉초등학교병설유치원,공립(병설),이홍철,이홍철,19850301,19850301,경상남도 진주시 정촌로 629,055-754-9179,055-754-9199,https://gwanbong-p.gne.go.kr/,0800시0800분~1800시1800분,0,0,0,1,0,16,0,0,0,16,0,0,0,0,13,0,35.1371328627,128.1431572511
경상남도교육청,진주교육지원청,금곡초등학교병설유치원,공립(병설),김재성,김재성,19850803,19860303,경상남도 진주시 월아산로89번길 11,055-758-8036,055-758-5658,http://kumglk.es.kr,0830시0830분~1700시1700분,0,0,0,1,0,16,0,0,0,16,0,0,0,0,5,0,35.0899954934147,128.185241603287
경상남도교육청,진주교육지원청,금산초등학교병설유치원,공립(병설),천병영,천병영,19850510,19850510,경상남도 진주시 금산면 금산로 75,055-761-0408,055-761-3108, ,0810시0810분~1800시1800분,0,0,0,1,0,16,0,0,0,16,0,0,0,0,9,0,35.2153027270713,128.144393305129
경상남도교육청,진주교육지원청,금성초등학교병설유치원,공립(병설),이동림,이동림,20190301,20190301,경상남도 진주시 말티고개로123번길 19,055-753-5463,055-758-7891,http://geumseong-p.gne.go.kr,0800시0800분~1830시1830분,0,0,0,1,1,16,0,0,0,12,4,0,0,0,6,3,35.1984397207969,128.11547879472
경상남도교육청,진주교육지원청,꿈사랑생태유치원,사립(사인),배경미,배경미,20140303,20140307,경상남도 진주시 사들로 167,055-755-1114,055-759-3601, ,0730시0730분~1930시1930분,0,2,2,4,0,197,0,48,52,92,0,0,48,52,91,0,35.1821489387641,128.14915688682
경상남도교육청,진주교육지원청,내동초등학교병설유치원,공립(병설),이형규,이형규,19810401,19810401,경상남도 진주시 순환로 426,055-759-4246,055-758-9552,http://www.naedong.es.kr,0800시0800분~1800시1800분,0,0,0,1,0,18,0,0,0,16,0,0,0,0,8,0,35.165116654707,128.067665154771
경상남도교육청,진주교육지원청,대곡초등학교병설유치원,공립(병설),오광석,오광석,19810301,19810301,경상남도 진주시 진의로 970,055-744-1906,055-733-3377, ,0810시0810분~1740시1740분,0,0,0,1,0,16,0,0,0,16,0,0,0,0,8,0,35.2581112716,128.1770897696
경상남도교육청,진주교육지원청,동진초등학교병설유치원,공립(병설),신용철,신용철,19870302,19870302,경상남도 진주시 도동로184번길 13,055-758-0871,055-757-5416,http://jinjudongjin-p.gne.go.kr/,0730시0730분~1930시1930분,1,1,1,0,0,52,14,18,20,0,0,10,10,17,0,0,35.1877976277,128.1245490526
경상남도교육청,진주교육지원청,따스하리유치원,사립(사인),염혜선,이현주,20180227,20180301,경상남도 진주시 영천강로119번길 52,055-755-5565,055-755-5592, ,0750시0750분~1830시1830분,0,4,2,3,0,216,0,96,52,69,0,0,71,52,69,0,35.1711358043,128.1355556081
경상남도교육청,진주교육지원청,마루유치원,사립(사인),박진옥,박진옥,20061110,20061110,경상남도 진주시 나불로21번길 106,055-743-5884,055-743-0083, ,0800시0800분~1830시1830분,2,1,1,1,0,115,38,24,26,23,0,30,20,20,18,0,35.2023759211088,128.047485512246
경상남도교육청,진주교육지원청,명석초등학교병설유치원,공립(병설),임미연,임미연,19810301,19810301,경상남도 진주시 광제산로 23,055-744-4986,055-744-3446,http://myeongse.es.kr,0840시0840분~1700시1700분,0,0,0,1,0,16,0,0,0,16,0,0,0,0,4,0,35.2181628725,128.0402582577
경상남도교육청,진주교육지원청,무지개초등학교병설유치원,공립(병설),박치우,박치우,20160301,20160301,경상남도 진주시 영천강로119번길 37,055-753-9316,055-753-1201,http://mujigae-p.gne.go.kr,0730시0730분~1930시1930분,1,2,2,0,0,90,14,36,40,0,0,14,25,36,0,0,35.171405634,128.137188488
경상남도교육청,진주교육지원청,문산초등학교병설유치원,공립(병설),이효선,이효선,19850901,19850901,경상남도 진주시 소문길 11,055-762-0926,055-762-4584,https://munsan-p.gne.go.kr/munsan-p/main.do,0800시0800분~1730시1730분,0,0,0,1,0,16,0,0,0,16,0,0,0,0,5,0,35.1706243501813,128.162642559619
경상남도교육청,진주교육지원청,반성초등학교병설유치원,공립(병설),이상백,이상백,19800301,19800301,경상남도 진주시 일반성면 동부로2060번길 1,055-754-6432,055-754-0464,banseong-p.gne.go.kr,0800시0800분~1830시1830분,0,0,0,1,0,16,0,0,0,16,0,0,0,0,4,0,35.1700912248,128.2857504346
경상남도교육청,진주교육지원청,반야유치원,사립(사인),한상민,박양희,19830305,19830305,경상남도 진주시 월아산로1094번길 10,055-761-5830,055-761-5253, ,0800시0800분~1900시1900분,1,1,1,0,0,104,19,24,26,0,0,11,7,21,0,0,35.1696322323914,128.163017753122
경상남도교육청,진주교육지원청,봉래초등학교병설유치원,공립(병설),김세련,김세련,19810301,19810301,경상남도 진주시 의병로 265,055-746-2171,055-746-8846,http://bongnae-p.gne.go.kr/,0840시0840분~1700시1700분,0,0,0,1,0,16,0,0,0,16,0,0,0,0,8,0,35.2001479424693,128.086177406411
경상남도교육청,진주교육지원청,사봉초등학교병설유치원,공립(병설),구을회,구을회,19810301,19810301,경상남도 진주시 사군로 99,055-759-4638,055-759-4637,https://sabong-p.gne.go.kr/,0840시0840분~1840시1840분,0,0,0,1,0,16,0,0,0,16,0,0,0,0,4,0,35.189359563,128.2691527623
경상남도교육청,진주교육지원청,서진초등학교병설유치원,공립(병설),정민석,정민석,20140301,20140301,경상남도 진주시 새평거로 85,070-5178-5526,055-747-6913,http://seojin-p.gne.go.kr,0840시0840분~1700시1700분,0,0,0,1,0,16,0,0,0,16,0,0,0,0,7,0,35.1690207260729,128.056656226215
경상남도교육청,진주교육지원청,성심유치원,사립(사인),박진선,박진선,19880601,19880601,경상남도 진주시 석갑로173번길 5-6,055-742-6609, ,https://blog.naver.com/jinjusungsim,0800시0800분~1800시1800분,1,1,1,0,0,100,19,25,28,0,0,8,8,12,0,0,35.1852164754579,128.06303813141
경상남도교육청,진주교육지원청,세종유치원,사립(사인),김지혜,김지혜,19910111,19910111,경상남도 진주시 주약약골길75번길 14,055-753-2345,055-753-2025, ,0900시0900분~1700시1700분,2,2,2,0,0,160,38,48,52,0,0,38,46,51,0,0,35.1683303761514,128.082845734651
경상남도교육청,진주교육지원청,소화유치원,사립(법인),(재)마산교구천주교회유지재단,이현하,19450903,19801030,경상남도 진주시 소문길67번길 9-4,055-761-8755,055-761-5816, ,0830시0830분~1830시1830분,0,1,1,1,0,120,0,24,26,23,0,0,16,13,19,0,35.172436265521,128.168803629942
경상남도교육청,진주교육지원청,수곡초등학교병설유치원,공립(병설),정헌민,정헌민,19820502,19820502,경상남도 진주시 곤수로 1000,055-754-4721, ,http://www.sugok.es.kr/ ,0840시0840분~1640시1640분,0,0,0,1,0,16,0,0,0,16,0,0,0,0,3,0,35.2011811817013,127.931741694398
경상남도교육청,진주교육지원청,신안초등학교병설유치원,공립(병설),김희자,김희자,19910305,19910305,경상남도 진주시 평거로139번길 8,055-745-6518,055-746-2723,http://www.shinan.es.kr,0840시0840분~1800시1800분,0,0,0,1,0,16,0,0,0,16,0,0,0,0,2,0,35.1825873799,128.068001877
경상남도교육청,진주교육지원청,신진초등학교병설유치원,공립(병설),강동애,강동애,20200301,20200301,경상남도 진주시 신평공원길57번길 19,055-748-9322, , ,0810시0810분~1830시1830분,0,0,0,1,1,20,0,0,0,16,4,0,0,0,10,3,35.1748607458817,128.066472921398
경상남도교육청,진주교육지원청,아이소크라테스유치원,사립(사인),진종부,조선희,20051014,20051014,경상남도 진주시 진양호로115번길 32,055-746-5572, , ,0740시0740분~1830시1830분,5,4,4,0,0,326,95,96,104,0,0,94,96,101,0,0,35.1703039980944,128.050904165184
경상남도교육청,진주교육지원청,아이숲유치원,사립(사인),조윤석,차복경,20130208,20130311,경상남도 진주시 봉수대길 41-10,055-763-5560,055-608-6460, ,0900시0900분~1700시1700분,2,3,2,0,0,187,38,72,52,0,0,38,67,51,0,0,35.1799524573886,128.080208296615
경상남도교육청,진주교육지원청,에덴유치원,사립(사인),김재현,김재현,19821125,19821125,경상남도 진주시 하대로26번길 33,055-752-3683, , ,0800시0800분~1930시1930분,1,1,2,2,0,180,30,30,60,60,0,30,30,60,60,0,35.19515440569,128.112935281422
경상남도교육청,진주교육지원청,예하초등학교병설유치원,공립(병설),곽현자,곽현자,20190301,20190301,경상남도 진주시 정촌면 삼일로 50,055-754-8646,055-754-8935,http://yeha-p.gne.go.kr,0730시0730분~1930시1930분,1,1,1,0,1,56,14,18,20,0,4,13,16,18,0,4,35.1234272831,128.0945517188
경상남도교육청,진주교육지원청,월경사금강유치원,사립(사인),남용광,문정미,19991211,19991211,경상남도 진주시 망경로224번길 45,055-753-6415,055-753-6409, ,0730시0730분~1900시1900분,3,3,3,0,0,240,57,72,78,0,0,57,72,76,0,0,35.1810726976313,128.080328281944
경상남도교육청,진주교육지원청,으뜸유치원,사립(사인),하영숙,하영숙,20050301,20050301,경상남도 진주시 남강로 33,055-745-5484,055-745-0416,http://cafe.naver.com/eddum,0800시0800분~1830시1830분,3,3,3,0,0,270,90,90,90,0,0,68,73,75,0,0,35.1651489391541,128.039890949804
경상남도교육청,진주교육지원청,은하수초등학교병설유치원,공립(병설),조양래,조양래,20220301,20220301,경상남도 진주시 진주역로73번길 7,055-795-0386,055-759-0387,http://eunhasu-p.gne.go.kr/eunhasu-p/main.do,0730시0730분~1930시1930분,2,2,2,0,1,105,27,35,39,0,4,27,35,39,0,4,35.151305210546,128.110845741661
경상남도교육청,진주교육지원청,이반성초등학교병설유치원,공립(병설),김임선,김임선,19840625,19840625,경상남도 진주시 오봉산로 762,055-758-9970,055-759-2285,http://ibanseong-p.pne.go.kr,0830시0830분~1700시1700분,0,0,0,1,0,16,0,0,0,16,0,0,0,0,3,0,35.1732984685773,128.329047459176
경상남도교육청,진주교육지원청,정촌초등학교병설유치원,공립(병설),이영균,이영균,19800221,19800221,경상남도 진주시 동부로 11,055-754-5512,055-753-9213,http://jeongchpn-p.gne.go.kr,0740시0740분~1800시1800분,0,0,1,1,0,36,0,0,20,16,0,0,0,9,8,0,35.1607834358,128.1082765311
경상남도교육청,진주교육지원청,주약초등학교병설유치원,공립(병설),장열이,장열이,20200301,20200301,경상남도 진주시 천수로 64,055-000-0000, ,http://juyak-p.gne.go.kr,0800시0800분~1700시1700분,0,0,0,1,0,16,0,0,0,16,0,0,0,0,4,0,35.1721151389224,128.092059637522
경상남도교육청,진주교육지원청,지수초등학교병설유치원,공립(병설),문정숙,문정숙,19830301,19830301,경상남도 진주시 지수면 지사로 806,055-754-5436,055-754-5412,http://jisu-p.gne.go.kr,0830시0830분~1630시1630분,0,0,0,1,0,16,0,0,0,16,0,0,0,0,3,0,35.2334668621,128.2524381699
경상남도교육청,진주교육지원청,진성초등학교병설유치원,공립(병설),신동철,신동철,19810301,19810301,경상남도 진주시 진성로355번길 10,055-759-1289, , ,0840시0840분~1640시1640분,0,0,0,1,0,16,0,0,0,16,0,0,0,0,2,0,35.1703087205478,128.22468836297
경상남도교육청,진주교육지원청,진주글로리아유치원,사립(사인),황영자,황영자,20180712,20180901,경상남도 진주시 진산로358번길 12,055-752-1243,055-752-1244, ,0800시0800분~1800시1800분,2,1,1,0,0,106,38,24,26,0,0,23,21,21,0,0,35.2170191213678,128.101945592015
경상남도교육청,진주교육지원청,진주누리유치원,공립(단설),강미경,강미경,20180901,20180901,경상남도 진주시 진산로358번길 13,055-795-0902,055-795-0904,http://jjnuri-k.gne.go.kr,0900시0900분~1730시1730분,3,2,2,0,2,118,39,36,35,0,8,39,36,36,0,8,35.2181067542,128.1025053728
경상남도교육청,진주교육지원청,진주유치원,공립(단설),최창숙,최창숙,20131226,20140301,경상남도 진주시 강남로201번길 12-3,055-756-7114,055-756-7117,http://jinju-k.gne.go.kr/,0730시0730분~1930시1930분,2,2,2,0,2,104,28,33,35,0,8,28,33,34,0,8,35.1852752275,128.0912589306
경상남도교육청,진주교육지원청,초원유치원,사립(사인),이남열,이남열,19991024,19991024,경상남도 진주시 진산로322번길 66,055-759-5822,055-759-5824, ,0800시0800분~1830시1830분,4,3,3,0,0,540,150,180,210,0,0,59,72,72,0,0,35.2153770051712,128.110027280194
경상남도교육청,진주교육지원청,촉석초등학교병설유치원,공립(병설),이선숙,이선숙,19850301,19850301,경상남도 진주시 평거로 259,055-746-2103,055-746-2304,http://chokseok.es.kr,0800시0800분~1730시1730분,0,0,0,1,0,16,0,0,0,16,0,0,0,0,5,0,35.1902970903,128.0623636117
경상남도교육청,진주교육지원청,충무공초등학교병설유치원,공립(병설),우민섭,우민섭,20190301,20190301,경상남도 진주시 사들로 70,055-755-0024,055-755-0042,http://chungmugong-p.gne.go.kr,0730시0730분~1930시1930분,1,2,2,0,0,90,14,36,40,0,0,14,23,38,0,0,35.173480862089,128.150001964568
경상남도교육청,진주교육지원청,평거초등학교병설유치원,공립(병설),제용구,제용구,19810310,19810310,경상남도 진주시 진양호로51번길 16,055-746-3809,055-747-9426,http://www.peonger.es.kr/,0900시0900분~1830시1830분,0,0,0,1,0,16,0,0,0,16,0,0,0,0,9,0,35.1690002236,128.0457045768
경상남도교육청,진주교육지원청,한울유치원,공립(단설),강두이,강두이,19980808,19980901,경상남도 진주시 평거로 82,055-745-1140,055-745-6980,http://hanwool-k.gne.go.kr,0730시0730분~1930시1930분,2,2,2,0,0,104,28,36,40,0,0,28,30,33,0,0,35.1767946169,128.0672806828
경상남도교육청,진주교육지원청,햇살가득유치원,공립(단설),정경애,정경애,20240301,20240301,경상남도 진주시 진주역로95번길 15,055-923-3300,055-923-3399,https://hsgd-k.gne.go.kr/,0730시0730분~1930시1930분,3,3,3,0,1,156,42,51,59,0,4,42,51,59,0,4,35.1517346177229,128.113003344064
경상남도교육청,창녕교육지원청,계창초등학교병설유치원,공립(병설),김진호,김진호,19800401,19800401,경상남도 창녕군 계성장마로 399,055-521-0253,055-521-0515, ,0840시0840분~2000시2000분,0,0,0,1,0,16,0,0,0,16,0,0,0,0,2,0,35.4850340206,128.5085814928
경상남도교육청,창녕교육지원청,고암초등학교병설유치원,공립(병설),김미경,김미경,19790402,19790402,경상남도 창녕군 고암성산대로 6-5,055-533-3031,055-533-8366,http://www.goam.es.kr,1240시1240분~1640시1640분,0,0,0,1,0,16,0,0,0,16,0,0,0,0,5,0,35.5776240965449,128.511473721735
경상남도교육청,창녕교육지원청,남지초등학교병설유치원,공립(병설),권상철,권상철,19790301,19790301,경상남도 창녕군 낙동로 429,055-526-4625,066-526-1943, ,0840시0840분~1710시1710분,1,1,1,0,1,52,16,18,20,0,4,5,9,16,0,3,35.3886545282096,128.470764781508
경상남도교육청,창녕교육지원청,대지초등학교병설유치원,공립(병설),박규상,박규상,19810301,19810301,경상남도 창녕군 우포2로 943,055-533-0293,055-533-8789,http://daeji-p.gne.go.kr,1240시1240분~1640시1640분,0,0,0,1,0,16,0,0,0,16,0,0,0,0,6,0,35.5572051659,128.4641670003
경상남도교육청,창녕교육지원청,대합초등학교병설유치원,공립(병설),정충식,정충식,19810302,19810302,경상남도 창녕군 창곡길 8,055-532-9657,055-532-9267,http://daehap.es.kr,1230시1230분~1630시1630분,0,0,0,1,0,16,0,0,0,16,0,0,0,0,2,0,35.6144209842,128.4699797112
경상남도교육청,창녕교육지원청,도천초등학교병설유치원,공립(병설),하경호,하경호,19790310,19790310,경상남도 창녕군 도천면 도천3길 16,055-536-0082,055-521-2886,http://docheon-p.gne.go.kr,0840시0840분~2000시2000분,0,0,0,1,0,16,0,0,0,16,0,0,0,0,4,0,35.4347039106,128.5173165253
경상남도교육청,창녕교육지원청,동포초등학교병설유치원,공립(병설),한두례,한두례,19810131,19810131,경상남도 창녕군 동포5길 17,055-526-5454,055-526-5510,http://www.dongpo.es.kr,0840시0840분~1800시1800분,0,0,0,1,0,16,0,0,0,16,0,0,0,0,7,0,35.3904561693,128.4784564524
경상남도교육청,창녕교육지원청,부곡초등학교병설유치원,공립(병설),하상길,하상길,19790301,19790301,경상남도 창녕군 원동길 16,055-536-4584,055-521-2691,http://www.bugok-p.gne.go.kr,1330시1330분~2000시2000분,0,0,0,1,0,16,0,0,0,16,0,0,0,0,1,0,35.4367984968,128.6015597518
경상남도교육청,창녕교육지원청,부곡초등학교학포분교장병설유치원,공립(병설),하상길,하상길,19820214,19820310,경상남도 창녕군 부곡면 학포1길 21-1,055-536-7371,055-536-7422,https://bugok-p.gne.go.kr,1240시1240분~1640시1640분,0,0,0,1,0,16,0,0,0,16,0,0,0,0,3,0,35.3819250191,128.6334770799
경상남도교육청,창녕교육지원청,영산초등학교병설유치원,공립(병설),배경애,배경애,20070517,20070517,경상남도 창녕군 영산새싹길 25,055-521-0113,055-521-1312,http://www.youngsan.es.kr,1330시1330분~2000시2000분,0,0,0,1,0,16,0,0,0,16,0,0,0,0,5,0,35.4583825959,128.5292207607
경상남도교육청,창녕교육지원청,유어초등학교병설유치원,공립(병설),최영란,최영란,19790301,19790301,경상남도 창녕군 유어면 마수원길 39,055-532-5485,055-532-4070,http://yuo-p.gne.go.kr,0840시0840분~1640시1640분,0,0,0,1,0,16,0,0,0,16,0,0,0,0,2,0,35.5094419108,128.4110100735
경상남도교육청,창녕교육지원청,이방초등학교병설유치원,공립(병설),조현미,조현미,19810305,19810305,경상남도 창녕군 안리내동길 3,055-532-9332,055-532-6027,http://www.ibang.es.kr,0840시0840분~1640시1640분,0,0,0,1,0,16,0,0,0,16,0,0,0,0,2,0,35.577407839704,128.386503747342
경상남도교육청,창녕교육지원청,이방초등학교장천분교장병설유치원,공립(병설),조현미,조현미,20090821,20090821,경상남도 창녕군 이방대합로 285,055-532-6665,055-532-8460, ,0840시0840분~1640시1640분,0,0,0,1,0,18,0,0,0,18,0,0,0,0,2,0,35.5999597976364,128.374964358166
경상남도교육청,창녕교육지원청,창녕성산초등학교병설유치원,공립(병설),송경석,송경석,19810301,19810301,경상남도 창녕군 중고개길 24-7,055-532-9955,055-532-9121,http://cnseongsan-p.gne.go.kr/,1240시1240분~1640시1640분,0,0,0,1,0,16,0,0,0,16,0,0,0,0,6,0,35.6238494522,128.4780785225
경상남도교육청,창녕교육지원청,창녕여자중·고등학교병설창녕유치원,사립(법인),김두현,정창옥,19760408,19760408,경상남도 창녕군 창녕읍 신당길 17,055-532-1589, ,http://,1300시1300분~1900시1900분,1,2,1,0,0,93,19,48,26,0,0,17,32,22,0,0,35.5414846507,128.5050065574
경상남도교육청,창녕교육지원청,창녕유치원,공립(단설),김종선,김종선,20090301,20090301,경상남도 창녕군 창녕장마로 793,055-532-3566,055-533-3920,http://cnkg.gne.go.kr,1320시1320분~1930시1930분,2,2,2,0,0,118,28,36,40,0,0,26,26,35,0,0,35.516197176535,128.490259091958
경상남도교육청,창원교육지원청,가고파유치원,사립(사인),한승희,한승희,20141203,20150301,경상남도 창원시 마산회원구 회원남32길 14,055-242-0101,055-241-6653, ,0730시0730분~1830시1830분,0,1,1,3,0,130,0,24,26,69,0,0,24,26,67,0,35.2176401978406,128.562458923603
경상남도교육청,창원교육지원청,가람유치원,사립(사인),조정자,양지연(직무대리),19940223,19940304,경상남도 창원시 의창구 반계로68번길 7,055-252-4006,055-252-3504, ,0900시0900분~1800시1800분,2,2,2,1,0,175,50,50,50,25,0,46,50,49,25,0,35.2512666894484,128.615155575125
경상남도교육청,창원교육지원청,가온유치원,사립(사인),황해수,황해수,20171120,20180303,경상남도 창원시 진해구 조천북로68번길 3,055-546-6657, , ,0730시0730분~1900시1900분,1,1,2,0,0,214,19,24,52,0,0,12,21,27,0,0,35.1595416924,128.6804553626
경상남도교육청,창원교육지원청,감계초등학교병설유치원,공립(병설),서보석,서보석,20170301,20170301,경상남도 창원시 의창구 감계로140번길 51,055-296-3711,055-296-3709,http://gamgye-p.gne.go.kr/,0800시0800분~1930시1930분,1,1,1,0,0,52,14,18,20,0,0,10,17,18,0,0,35.3003404429,128.5884823392
경상남도교육청,창원교육지원청,경화초등학교병설유치원,공립(병설),안선희,안선희,19840901,19840901,경상남도 창원시 진해구 경화로38번길 5,055-547-5339,055-547-7536,https://gyeonghwa-p.gne.go.kr/,1300시1300분~1700시1700분,0,0,0,1,1,16,0,0,0,12,4,0,0,0,6,2,35.157432612,128.6875053189
경상남도교육청,창원교육지원청,고요숲속샘터유치원,사립(사인),박종원,류선옥,19920317,19920317,경상남도 창원시 의창구 동읍로132번길 20-6,055-251-5860, , ,0900시0900분~1700시1700분,3,3,2,0,0,240,90,90,60,0,0,42,75,48,0,0,35.2712224652139,128.647696968977
경상남도교육청,창원교육지원청,고향의봄유치원,공립(단설),이희숙,이희숙,20230301,20230301,경상남도 창원시 의창구 우곡로71번길 18,055-265-2024,055-273-2026,https://gohyanguibom-k.gne.go.kr/,0730시0730분~1930시1930분,1,3,3,0,0,128,14,54,60,0,0,14,54,55,0,0,35.2463784931982,128.640895709798
경상남도교육청,창원교육지원청,곰내유치원,공립(단설),정혜경,정혜경,20200218,20200302,경상남도 창원시 진해구 웅천중로 80,055-545-9430,055-545-9434,http://gomnae-k.gne.go.kr,0730시0730분~1930시1930분,3,3,3,0,1,160,42,54,60,0,4,33,51,47,0,3,35.1133662426,128.7502118497
경상남도교육청,창원교육지원청,광려초등학교병설유치원,공립(병설),심인호,심인호,20010109,20010301,경상남도 창원시 마산회원구 삼계1길 47,055-232-9659,055-232-9658, ,0750시0750분~1730시1730분,0,0,1,1,0,36,0,0,20,16,0,0,0,11,7,0,35.2281232552,128.5031335855
경상남도교육청,창원교육지원청,교방초등학교병설유치원,공립(병설),박병국,박병국,19800325,19800325,경상남도 창원시 마산합포구 교방동1길 63,055-245-8110,055-243-1904, ,0730시0730분~1900시1900분,1,1,1,0,0,52,14,14,20,0,0,14,14,20,0,0,35.213140264685,128.570077616036
경상남도교육청,창원교육지원청,구산초등학교구서분교장병설유치원,공립(병설),김양자,김양자,19850731,19850901,경상남도 창원시 마산합포구 해양관광로 739,055-271-1951,055-271-9673,http://kusan-p.gne.go.kr,0840시0840분~1640시1640분,0,0,0,1,0,16,0,0,0,16,0,0,0,0,2,0,35.1214401415,128.5380501805
경상남도교육청,창원교육지원청,구암초등학교병설유치원,공립(병설),김경원,김경원,19870301,19870301,경상남도 창원시 마산회원구 구암북19길 153,055-294-3726,055-297-6046, ,0840시0840분~1700시1700분,0,0,0,1,0,16,0,0,0,16,0,0,0,0,2,0,35.2582695761,128.594343442
경상남도교육청,창원교육지원청,국제예술유치원,사립(사인),김종심,김종심,19941208,19941208,경상남도 창원시 성산구 동산로 115,055-274-2743,055-274-2744, ,0900시0900분~1700시1700분,3,3,1,0,0,188,57,72,26,0,0,50,55,25,0,0,35.2193686473449,128.690273626048
경상남도교육청,창원교육지원청,국제유치원,사립(사인),이성남,최신자,20100302,20100302,경상남도 창원시 진해구 진해대로802번길 11,055-546-1500,055-542-3456, ,0730시0730분~1900시1900분,2,0,2,3,0,232,38,0,52,72,0,26,0,36,49,0,35.1561475160684,128.70206538066
경상남도교육청,창원교육지원청,글로리아유치원,사립(사인),강순세,강순세,20100305,20100305,경상남도 창원시 진해구 태평로 80,055-545-4549, , ,0900시0900분~1700시1700분,1,1,1,0,0,162,19,48,52,0,0,13,19,21,0,0,35.14477679405,128.668231932531
경상남도교육청,창원교육지원청,글로벌리더유치원,사립(사인),정정희,정정희,20181119,20190301,경상남도 창원시 진해구 청안로 241-25,055-815-7979,055-815-7979,https://m.cafe.naver.com/rmffhqjfflej,0900시0900분~1700시1700분,3,2,3,0,0,212,57,48,78,0,0,43,44,58,0,0,35.1008694201309,128.80164394108
경상남도교육청,창원교육지원청,글로벌아이유치원,사립(사인),조민자,강회란,19841130,19841130,경상남도 창원시 마산회원구 양덕북12길 38,055-292-6617,055-294-6890, ,0800시0800분~1800시1800분,1,1,1,1,0,92,19,24,26,23,0,19,24,26,23,0,35.2351050616336,128.585652658427
경상남도교육청,창원교육지원청,꽃내음풀내음해돋이유치원,사립(사인),윤정숙,윤정숙,20041231,20050301,경상남도 창원시 마산회원구 광려로 183,055-232-1788,055-231-7901,http://haedoji-kids.com,0750시0750분~1900시1900분,3,2,2,0,0,260,57,48,52,0,0,54,26,32,0,0,35.2155961534857,128.504906558721
경상남도교육청,창원교육지원청,꽃누리별누리유치원,사립(사인),이난주,신은옥,19940308,19940308,경상남도 창원시 의창구 도계로95번길 6-17,055-277-3048, , ,0800시0800분~1900시1900분,1,2,1,0,0,150,19,48,26,0,0,15,29,21,0,0,35.256271482808,128.641195807352
경상남도교육청,창원교육지원청,꽃무지풀무지유치원,사립(사인),최정혜,최윤정,19920304,19920304,경상남도 창원시 성산구 창이대로707번길 8-15,055-281-8624,055-263-8625, ,0740시0740분~1830시1830분,4,3,2,1,0,350,67,69,52,22,0,67,69,52,22,0,35.2213060331746,128.702432186458
경상남도교육청,창원교육지원청,남정초등학교병설유치원,공립(병설),양원철,양원철,19810313,19810313,경상남도 창원시 성산구 원이대로878번길 30,055-261-8737,055-283-9449,http://namjung-p.gne.go.kr/namjung-p/main.do,0730시0730분~1830시1830분,0,0,1,1,0,36,0,0,20,16,0,0,0,12,10,0,35.2111678432928,128.691956741899
경상남도교육청,창원교육지원청,내동초등학교병설유치원,공립(병설),김명희,김명희,19830301,19830301,경상남도 창원시 성산구 두대로 185,055-287-7579,055-262-3277,http://cwnaedong-p.gne.go.kr,1300시1300분~1700시1700분,0,0,0,1,0,16,0,0,0,16,0,0,0,0,15,0,35.2254975298,128.6624938717
경상남도교육청,창원교육지원청,대광유치원,사립(사인),박용운,최미영,19840810,19840912,경상남도 창원시 진해구 진해대로 303,055-545-9599,055-545-9499, ,0800시0800분~1800시1800분,2,2,2,0,0,144,38,50,52,0,0,27,25,41,0,0,35.1709219155693,128.658492488068
경상남도교육청,창원교육지원청,대방초등학교병설유치원,공립(병설),장종욱,장종욱,20190301,20190301,경상남도 창원시 성산구 대정로 132,055-285-7861, ,https://deabang-p.gne.go.kr/deabang-p/main.do,1300시1300분~1700시1700분,0,0,0,1,1,16,0,0,0,12,4,0,0,0,4,4,35.2113475,128.7068756595
경상남도교육청,창원교육지원청,대산초등학교병설유치원,공립(병설),박성근,박성근,19810301,19810301,경상남도 창원시 의창구 진산대로 442-7,055-291-6438,055-291-4252,https://cwdaesan-p.gne.go.kr,1300시1300분~1700시1700분,0,0,0,1,0,16,0,0,0,16,0,0,0,0,11,0,35.340263169544,128.7094970432
경상남도교육청,창원교육지원청,대야초등학교병설유치원,공립(병설),조현주,조현주,19840906,19840906,경상남도 창원시 진해구 여좌로84번길 7,055-544-3758,055-543-7692,https://daeya-p.gne.go.kr,1330시1330분~1730시1730분,0,0,0,1,0,16,0,0,0,16,0,0,0,0,2,0,35.1595642634246,128.664456763214
경상남도교육청,창원교육지원청,대원초등학교병설유치원,공립(병설),박성숙,박성숙,19810301,19810301,경상남도 창원시 성산구 두대로55번길 23,055-273-6867,055-273-1456, ,0830시0830분~1630시1630분,0,0,0,1,0,16,0,0,0,16,0,0,0,0,5,0,35.2330244816106,128.650984575461
경상남도교육청,창원교육지원청,대자유치원,사립(사인),김성래,박선영,19270501,19270501,경상남도 창원시 마산합포구 문신길 214,055-245-0108,055-221-3898,http://www.daeja.kr,0830시0830분~1630시1630분,2,3,3,0,0,224,38,72,78,0,0,38,72,78,0,0,35.206876252106,128.571759863799
경상남도교육청,창원교육지원청,도계초등학교병설유치원,공립(병설),강정,강정,19920301,19920301,경상남도 창원시 의창구 하남천동길 10,055-277-4588,055-277-2080,http://dogye-p.gne.go.kr,0800시0800분~1700시1700분,0,0,0,1,0,16,0,0,0,16,0,0,0,0,6,0,35.2586975459,128.6393104965
경상남도교육청,창원교육지원청,도솔유치원,사립(사인),김승태,정성화,19941231,19941231,경상남도 창원시 성산구 원이대로 774,055-261-0832,055-261-0386, ,0800시0800분~1900시1900분,2,3,3,0,0,240,60,90,90,0,0,44,59,64,0,0,35.218362,128.692638
경상남도교육청,창원교육지원청,동산초등학교병설유치원,공립(병설),전정은,전정은,20200301,20200301,경상남도 창원시 성산구 단정로 126,055-283-3923,055-261-9879,http://cwdongsan-p.gne.go.kr,1300시1300분~1700시1700분,0,0,0,1,0,16,0,0,0,16,0,0,0,0,3,0,35.2141979986464,128.69015588843
경상남도교육청,창원교육지원청,동성아이별꽃유치원,사립(사인),안필자,안필자,19930308,19930308,경상남도 창원시 성산구 창이대로 737,055-266-8116,055-262-1562, ,0900시0900분~1700시1700분,3,3,3,0,0,320,100,110,110,0,0,95,93,80,0,0,35.218968436227,128.705024753365
경상남도교육청,창원교육지원청,뜰에유치원,사립(사인),박기자,이혜선,20031218,20040301,경상남도 창원시 진해구 용원북로11번길 8,055-552-9552,055-552-9553, ,0930시0930분~1830시1830분,1,1,1,0,0,240,80,80,80,0,0,13,15,27,0,0,35.1040534331388,128.815209363098
경상남도교육청,창원교육지원청,라온유치원,사립(사인),이한철,이서은,19841116,19850304,경상남도 창원시 성산구 창이대로478번길 12-10,055-282-4477, , ,0900시0900분~1700시1700분,3,3,2,0,0,207,57,72,78,0,0,57,59,49,0,0,35.2376515935664,128.685843930159
경상남도교육청,창원교육지원청,룸비니유치원,사립(사인),이재웅,서향희,19910329,19910329,경상남도 창원시 성산구 대정로 73,055-281-2002,055-263-2004, ,0900시0900분~1930시1930분,1,1,1,0,0,200,40,80,80,0,0,15,14,11,0,0,35.2115158331067,128.700447603525
경상남도교육청,창원교육지원청,리라자연생태유치원,사립(사인),장옥련,장옥련,20000427,20000427,경상남도 창원시 의창구 무릉산길113번길 15,055-251-1830,055-299-0220, ,0900시0900분~1710시1710분,1,3,2,0,0,210,19,72,52,0,0,17,46,33,0,0,35.3336418510933,128.574524639226
경상남도교육청,창원교육지원청,마산고운초등학교병설유치원,공립(병설),유상길,유상길,20210302,20210302,경상남도 창원시 마산합포구 가포로 141,055-715-5403, ,http://msgowoon-p.gne.go.kr/msgowoon-p/main.do,0750시0750분~1930시1930분,1,1,1,0,0,52,14,18,20,0,0,14,18,19,0,0,35.172568528534576,128.56182615889526
경상남도교육청,창원교육지원청,명곡유치원,사립(사인),이상영,전강순,19910302,19910302,경상남도 창원시 의창구 원이대로219번길 10-8,055-238-2003,055-238-2003,https://cafe.naver.com/mg1004,0900시0900분~1730시1730분,1,0,0,2,0,90,30,0,0,60,0,28,0,0,57,0,35.2469407174204,128.644878943204
경상남도교육청,창원교육지원청,명곡초등학교병설유치원,공립(병설),박영선,박영선,20040301,20040301,경상남도 창원시 의창구 우곡로159번길 22-11,055-265-3087,055-265-3030,http://www.knmyeonggok.es.kr/,1300시1300분~1700시1700분,0,0,0,1,0,16,0,0,0,16,0,0,0,0,4,0,35.2429386826,128.6448391703
경상남도교육청,창원교육지원청,명도초등학교병설유치원,공립(병설),박영구,박영구,20040301,20040301,경상남도 창원시 의창구 도계두리길 233,055-237-6341,055-237-6349,https://myungdo-p.gne.go.kr/,0830시0830분~1700시1700분,0,0,0,1,0,16,0,0,0,16,0,0,0,0,4,0,35.2559391183,128.6440238662
경상남도교육청,창원교육지원청,명서초등학교병설유치원,공립(병설),손태순,손태순,19880901,19880901,경상남도 창원시 의창구 명서로 21,055-265-4670,055-238-3783,http://www.myoungseo.es.kr,1300시1300분~1700시1700분,0,0,0,1,0,16,0,0,0,16,0,0,0,0,4,0,35.2503399343,128.6440199336
경상남도교육청,창원교육지원청,무동꿈유치원,공립(단설),강정옥,강정옥,20220301,20220307,경상남도 창원시 의창구 북면 무동서로 81,055-291-5115,055-297-7272,http://mudongkkum-k.gne.go.kr,0730시0730분~1930시1930분,6,4,5,0,1,260,84,72,100,0,4,84,72,90,0,0,35.3236728014196,128.5808296161
경상남도교육청,창원교육지원청,무동초등학교병설유치원,공립(병설),박정문,박정문,20190301,20190301,경상남도 창원시 의창구 동곡로 65,055-298-9668,055-299-2436,http://mudong-p.gne.go.kr,1320시1320분~1720시1720분,0,0,0,1,0,16,0,0,0,16,0,0,0,0,4,0,35.3204427772551,128.581796631802
경상남도교육청,창원교육지원청,무학초등학교병설유치원,공립(병설),신광수,신광수,19810310,19810310,경상남도 창원시 마산합포구 자산동8길 6,055-247-5816,055-221-7284,https://muhak-p.gne.go.kr/muhak-p/cv/clashmpg/selectCvHmpgInfo.do?clasHmpgId=101694&srchClasYear=2023,1300시1300분~1700시1700분,0,0,0,1,0,16,0,0,0,16,0,0,0,0,3,0,35.2074543808998,128.566152888131
경상남도교육청,창원교육지원청,미래로유치원,사립(사인),전미숙,전미숙,20020305,20020305,경상남도 창원시 진해구 충장로 575-1,055-551-2294,055-547-2286, ,0750시0750분~1900시1900분,2,2,3,0,0,178,38,48,78,0,0,29,38,66,0,0,35.1377308298488,128.703012934482
경상남도교육청,창원교육지원청,바른나무유치원,사립(사인),조귀옥,조귀옥,19941213,19950301,경상남도 창원시 의창구 팔용로 446,055-255-5301,055-255-6231, ,0900시0900분~1700시1700분,2,2,1,0,0,170,50,60,60,0,0,30,32,24,0,0,35.2546665350113,128.614010591893
경상남도교육청,창원교육지원청,반달유치원,사립(사인),이명례,이명례,19850807,19850807,경상남도 창원시 마산합포구 자산서14길 65,055-243-7477,055-243-7478, ,0900시0900분~1800시1800분,0,0,1,1,0,80,0,0,40,40,0,0,0,32,35,0,35.2003152347132,128.558392910904
경상남도교육청,창원교육지원청,반동초등학교병설유치원,공립(병설),조창현,조창현,19790301,19790301,경상남도 창원시 마산합포구 해양관광로 1460-14,055-221-5006,055-222-5971, ,0840시0840분~1640시1640분,0,0,0,1,0,16,0,0,0,16,0,0,0,0,3,0,35.0877154563932,128.584322114423
경상남도교육청,창원교육지원청,밝은별명성유치원,사립(사인),오명주,나혜정,19990301,19990301,경상남도 창원시 마산회원구 삼풍로 93,055-232-5501,055-232-5547, ,0900시0900분~1800시1800분,3,3,2,0,0,213,57,72,56,0,0,50,50,48,0,0,35.2339844479236,128.501345218365
경상남도교육청,창원교육지원청,봉강초등학교병설유치원,공립(병설),노미정,노미정,19810301,19820401,경상남도 창원시 의창구 동읍 동읍로 1131-3,055-299-0998,055-298-8673,http://bonggang.es.kr,1300시1300분~1700시1700분,0,0,0,1,0,16,0,0,0,16,0,0,0,0,3,0,35.3503226632,128.6556060219
경상남도교육청,창원교육지원청,봉덕초등학교병설유치원,공립(병설),강봉효,강봉효,19820310,19820310,경상남도 창원시 마산회원구 봉덕1길 14,070-5076-4727,055-293-6379,https://bongdok-p.gne.go.kr,1300시1300분~1700시1700분,0,0,1,1,0,36,0,0,20,16,0,0,0,20,16,0,35.2224717214,128.5947899812
경상남도교육청,창원교육지원청,북면초등학교병설유치원,공립(병설),정철민,정철민,20190301,20190304,경상남도 창원시 의창구 동전로110번길 36,0557175572, ,https://bukmyon-p.gne.go.kr/bukmyon-p/main.do,1300시1300분~1700시1700분,0,0,0,1,0,16,0,0,0,16,0,0,0,0,11,0,35.3052919402353,128.600012567071
경상남도교육청,창원교육지원청,북성초등학교병설유치원,공립(병설),장선숙,장선숙,19850314,19850314,경상남도 창원시 마산회원구 석전북1길 3,055-293-4271,055-293-1578,https://buksung-p.gne.go.kr,0830시0830분~1700시1700분,0,0,0,1,0,16,0,0,0,16,0,0,0,0,2,0,35.2317755879,128.5700224146
경상남도교육청,창원교육지원청,사파초등학교병설유치원,공립(병설),조래은,조래은,20200301,20200301,경상남도 창원시 성산구 원이대로773번길 27,055-282-5847,282-5849,http://sapa-p.gne.go.kr/sapa-p/main.do,1310시1310분~1710시1710분,0,0,0,1,0,16,0,0,0,16,0,0,0,0,3,0,35.2193168268453,128.697233789269
경상남도교육청,창원교육지원청,사화초등학교병설유치원,공립(병설),우조현,우조현,19810301,19810301,경상남도 창원시 의창구 반계로80번길 7,055-256-3608,055-256-3607,http://www.sahwa.es.kr,0840시0840분~1720시1720분,0,0,0,1,0,16,0,0,0,16,0,0,0,0,6,0,35.2522776782863,128.61727985682
경상남도교육청,창원교육지원청,산호초등학교병설유치원,공립(병설),송박철,송박철  ,19810301,19810301,경상남도 창원시 마산합포구 회원동북로 53,055-242-4802,055-244-6940, ,0900시0900분~1700시1700분,0,0,0,1,0,16,0,0,0,16,0,0,0,0,4,0,35.2197217399,128.5795221876
경상남도교육청,창원교육지원청,살레시오성미유치원,사립(법인),변보경,변보경,19920228,19920228,경상남도 창원시 의창구 의안로66번길 33,055-297-6104,055-297-6106,www.sungmi.org,0800시0800분~1800시1800분,1,1,1,0,0,150,30,40,40,0,0,18,19,13,0,0,35.2677606872882,128.627590332344
경상남도교육청,창원교육지원청,삼계유치원,사립(사인),노승부,노승부,20020304,20020304,경상남도 창원시 마산회원구 삼계로 127-11,055-231-9967,055-231-4467, ,0930시0930분~1730시1730분,2,2,3,0,0,410,38,48,78,0,0,21,42,55,0,0,35.2328453820688,128.491190230904
경상남도교육청,창원교육지원청,삼계초등학교병설유치원,공립(병설),박혜정,박혜정,19870301,19870301,경상남도 창원시 마산회원구 삼계로 36,055-231-4117,055-232-7792, ,0840시0840분~1700시1700분,0,0,0,1,0,16,0,0,0,16,0,0,0,0,2,0,35.2326683559935,128.500432314017
경상남도교육청,창원교육지원청,삼정자초등학교병설유치원,공립(병설),이영미,이영미,20070301,20070301,경상남도 창원시 성산구 외리로34번길 8,055-264-2367,055-264-2364,http://www.sjj.es.kr,1310시1310분~1710시1710분,0,0,0,1,0,16,0,0,0,16,0,0,0,0,9,0,35.2009012312917,128.709097890967
경상남도교육청,창원교육지원청,삼학사금강유치원,사립(사인),이한규,신영희,19890419,19900309,경상남도 창원시 마산회원구 무학로 559,055-246-6399,055-246-6366, ,0900시0900분~1820시1820분,1,2,2,0,0,180,40,70,70,0,0,40,58,37,0,0,35.2178615906521,128.560346759158
경상남도교육청,창원교육지원청,새싹유치원,사립(사인),구동태,지은연,19730626,19730626,경상남도 창원시 마산회원구 합성서1길 94,055-251-6531,055-251-6531, ,0730시0730분~1830시1830분,1,2,1,0,0,160,40,80,40,0,0,27,31,28,0,0,35.2406408034763,128.583485510092
경상남도교육청,창원교육지원청,석동으뜸유치원,사립(사인),김정이,김소라,20070301,20070301,경상남도 창원시 진해구 진해대로823번길 7,055-543-8279,055-544-0054, ,0930시0930분~1730시1730분,2,4,2,0,0,220,38,96,52,0,0,32,78,50,0,0,35.1570534170205,128.704995802664
경상남도교육청,창원교육지원청,석전초등학교병설유치원,공립(병설),김정혜,김정혜,19810131,19810131,경상남도 창원시 마산회원구 석전동로 8,055-294-2743,055-297-9160,http://seokjeon-p.gne.go.kr/,0840시0840분~1700시1700분,0,0,0,1,0,16,0,0,0,16,0,0,0,0,6,0,35.2316923825,128.5719308137
경상남도교육청,창원교육지원청,석화유치원,사립(사인),최정숙,권양은(직무대리),20020209,20020209,경상남도 창원시 마산회원구 구암반계길 24,055-256-8624, , ,0750시0750분~1800시1800분,2,2,2,0,0,400,57,72,104,0,0,27,33,43,0,0,35.2496107091179,128.604006204103
경상남도교육청,창원교육지원청,성모유치원,사립(법인),정소영,정소영,19930226,19930301,경상남도 창원시 의창구 우곡로 177,055-265-0791,055-265-5791,http://www.sungmokids.org/,0730시0730분~1800시1800분,2,1,1,0,0,110,38,24,26,0,0,21,24,24,0,0,35.2414099858,128.6446912943
경상남도교육청,창원교육지원청,성주유치원,사립(사인),장창숙,장창숙,20010301,20010301,경상남도 창원시 성산구 안민안길11번길 13,055-262-3580,055-287-0353, ,0730시0730분~1830시1830분,1,1,1,0,0,150,38,48,26,0,0,18,23,19,0,0,35.1867380124037,128.68999744116
경상남도교육청,창원교육지원청,세종유치원,사립(사인),조영미,조영미,19940131,19940131,경상남도 창원시 마산합포구 월영동남로 3,055-241-2148,055-241-2147, ,0730시0730분~1800시1800분,1,2,2,0,0,170,40,60,70,0,0,36,45,51,0,0,35.177743384619,128.564332463853
경상남도교육청,창원교육지원청,세화유치원,사립(사인),황영숙,황영숙,19850218,19850218,경상남도 창원시 마산회원구 양덕동14길 5,055-256-9133,055-256-9134, ,0900시0900분~1700시1700분,1,1,1,1,0,160,40,40,40,40,0,26,18,39,20,0,35.2331293610336,128.583183214614
경상남도교육청,창원교육지원청,숭림사부설참좋은유치원,사립(사인),박말선,박말선,20051216,20051216,경상남도 창원시 진해구 용원중로 11,055-541-2100,055-541-4567, ,0740시0740분~2000시2000분,2,1,2,0,0,330,38,24,54,0,0,20,24,29,0,0,35.0983537254754,128.815660864018
경상남도교육청,창원교육지원청,신비하나름유치원,사립(사인),문길미,문길미,19900206,19900206,경상남도 창원시 성산구 반송로 105,055-287-0934,055-284-7811, ,0830시0830분~1630시1630분,2,2,2,0,0,230,70,80,80,0,0,58,48,46,0,0,35.2387943542044,128.668928096344
경상남도교육청,창원교육지원청,아람우리꽃들유치원,사립(사인),구모옥,구모옥,20050301,20050301,경상남도 창원시 의창구 서상로 57-28,055-299-2688, , ,0920시0920분~1730시1730분,0,2,3,3,0,197,0,48,78,69,0,0,47,68,69,0,35.2645477524382,128.618987376122
경상남도교육청,창원교육지원청,아람유치원,사립(사인),손정애,정신애,19930301,19930301,경상남도 창원시 마산합포구 자산서13길 49,055-245-6410,055-244-0130, ,0730시0730분~1900시1900분,1,2,1,0,0,144,38,50,56,0,0,15,27,20,0,0,35.2023249385166,128.561082892396
경상남도교육청,창원교육지원청,아이뜰유치원,사립(사인),김명지,박명순,19970114,19970114,경상남도 창원시 성산구 대암로 256,055-267-6692, , ,0900시0900분~1800시1800분,1,0,0,3,0,92,19,0,0,69,0,19,0,0,68,0,35.2055206945481,128.710869109829
경상남도교육청,창원교육지원청,안민초등학교병설유치원,공립(병설),백금선,백금선,20000301,20000301,경상남도 창원시 성산구 안민로79번길 6,055-212-0288,055-285-6525,http://anmin-p.gne.go.kr,0840시0840분~1700시1700분,0,0,0,1,0,16,0,0,0,16,0,0,0,0,7,0,35.1878664961956,128.687740400398
경상남도교육청,창원교육지원청,양곡초등학교병설유치원,공립(병설),하종명,하종명,19810301,19810301,경상남도 창원시 성산구 양곡길 102,055-286-4851,055-286-2466,https://yanggok-p.gne.go.kr/yanggok-p/main.do,0900시0900분~1700시1700분,0,0,0,1,0,16,0,0,0,16,0,0,0,0,11,0,35.20225782303,128.626888431702
경상남도교육청,창원교육지원청,양덕솔빛유치원,공립(단설),이혜선,이혜선,20210301,20210301,경상남도 창원시 마산회원구 삼호로 108,055-299-0030,055-299-0069,http://ydsolbit-k.gne.go.kr,1300시1300분~1700시1700분,5,4,4,0,2,222,68,69,77,0,8,68,69,77,0,8,35.2253264877,128.5816757744
경상남도교육청,창원교육지원청,양덕초등학교병설유치원,공립(병설),김영회,김영회,19950301,19950301,경상남도 창원시 마산회원구 양덕동12길 86,055-297-6922,055-294-1396, ,1300시1300분~1700시1700분,0,0,0,1,0,16,0,0,0,16,0,0,0,0,5,0,35.2341053275,128.5821899429
경상남도교육청,창원교육지원청,어깨동무유치원,사립(사인),신경자,홍은정,20000301,20000301,경상남도 창원시 진해구 이동로28번길 9,055-546-6719,055-543-1537,http://cafe.daum.net/ekdongmu6719,0730시0730분~1900시1900분,2,1,2,0,0,114,38,24,52,0,0,16,20,27,0,0,35.1525246997948,128.699680964178
경상남도교육청,창원교육지원청,에코소명유치원,사립(사인),성춘애,성춘애,20120302,20120302,경상남도 창원시 마산회원구 소계천서길 113,055-298-8936,055-297-4475, ,0900시0900분~1700시1700분,1,1,1,0,0,108,19,24,26,0,0,19,11,12,0,0,35.2591973809952,128.595438707239
경상남도교육청,창원교육지원청,온뜨레피움유치원,사립(사인),안옥희,명두선,19941110,19941110,경상남도 창원시 마산회원구 중리상곡로 114,232-6771.2,055-603-6006, ,0800시0800분~1900시1900분,1,1,1,1,0,104,19,17,21,23,0,19,17,21,23,0,35.2487442748098,128.497132277675
경상남도교육청,창원교육지원청,외동초등학교병설유치원,공립(병설),민승도,민승도,19830209,19830209,경상남도 창원시 성산구 토월로43번길 14,055-262-3788,055-282-6017,http://cwoedong-p.gne.go.kr/,0830시0830분~1720시1720분,0,0,0,1,0,16,0,0,0,16,0,0,0,0,4,0,35.2167170354,128.681332178
경상남도교육청,창원교육지원청,용마초등학교병설유치원,공립(병설),박희성,박희성,19870325,19870325,경상남도 창원시 마산합포구 산호남로 50,055-243-8320,055-245-0542,http://yongma-p.gne.go.kr,0840시0840분~1640시1640분,0,0,0,1,0,16,0,0,0,16,0,0,0,0,6,0,35.2157888243,128.584653761
경상남도교육청,창원교육지원청,용지초등학교병설유치원,공립(병설),이정아,이정아,19860305,19860305,경상남도 창원시 성산구 원이대로538번길 24,055-263-6579,055-267-7517,http://yongji.es.kr,0840시0840분~1700시1700분,0,0,0,1,0,18,0,0,0,16,0,0,0,0,10,0,35.2289009771985,128.671965169882
경상남도교육청,창원교육지원청,용호유치원,공립(단설),이점자,이점자,20180901,20180903,경상남도 창원시 성산구 용호로 41,055-285-3612,055-285-3614,http://yongho-k.gne.go.kr,0730시0730분~1930시1930분,2,3,3,0,1,142,25,53,60,0,4,25,53,60,0,4,35.2337875642,128.6773722451
경상남도교육청,창원교육지원청,우성예닮유치원,사립(사인),정순시,정순시,19941217,19950301,경상남도 창원시 진해구 진해대로901번길 33,055-545-4493,055-545-4143, ,0730시0730분~1900시1900분,4,4,3,0,0,285,76,96,78,0,0,72,95,78,0,0,35.149513735799,128.710518477899
경상남도교육청,창원교육지원청,우암초등학교병설유치원,공립(병설),박진우,박진우,19470415,19830302,경상남도 창원시 의창구 대산면 우암로 35,055-253-3720,055-291-6953,https://cwwooam-p.gne.go.kr/cwwooam-p/main.do,0800시0800분~1800시1800분,0,0,0,1,0,16,0,0,0,16,0,0,0,0,4,0,35.3339196213,128.7303726747
경상남도교육청,창원교육지원청,웅동초등학교병설유치원,공립(병설),김대영,김대영,19810301,19810301,경상남도 창원시 진해구 마천로 29,055-551-5504,055-552-6041,http://ungdong-p.gne.go.kr,1300시1300분~1700시1700분,0,0,0,1,0,16,0,0,0,16,0,0,0,0,11,0,35.1271240186,128.7838313793
경상남도교육청,창원교육지원청,웅천초등학교병설유치원,공립(병설),주성희,주성희,19810305,19810305,경상남도 창원시 진해구 웅천동로 33,055-542-9646,055-542-9647,https://ungchon-p.gne.go.kr/,0730시0730분~1930시1930분,1,1,2,0,0,72,14,18,40,0,0,13,12,25,0,0,35.103964811,128.7557108398
경상남도교육청,창원교육지원청,원흥사금강유치원,사립(사인),김기수,이미영,20001220,20010306,경상남도 창원시 의창구 원이대로114번길 17,055-276-3351,055-276-3352, ,0750시0750분~1830시1830분,1,1,2,1,0,190,40,40,70,40,0,40,40,49,14,0,35.2516662812908,128.636266313772
경상남도교육청,창원교육지원청,월성초등학교병설유치원,공립(병설),이현철,이현철,19830225,19830225,경상남도 창원시 마산합포구 완월남1길 17,055-221-3814,055-246-2507,www.wolsung.es.kr,1240시1240분~1640시1640분,0,0,0,1,0,16,0,0,0,16,0,0,0,0,9,0,35.1960186409,128.5604736245
경상남도교육청,창원교육지원청,월영초등학교병설유치원,공립(병설),박종훈,박종훈,19810301,19810301,경상남도 창원시 마산합포구 반월북1길 41,055-222-0953,055-243-7071,http://www.wolyoung.es.kr,1300시1300분~1700시1700분,2,1,1,0,1,67,28,18,21,0,4,22,15,18,0,4,35.1916696409402,128.562870872127
경상남도교육청,창원교육지원청,유목초등학교병설유치원,공립(병설),박정민,박정민,19870301,19870301,경상남도 창원시 성산구 반송로29번길 15,055-276-1025,055-276-1760, ,1330시1330분~1730시1730분,0,0,0,1,0,14,0,0,0,14,0,0,0,0,7,0,35.2447843458461,128.663745089392
경상남도교육청,창원교육지원청,의창초등학교병설유치원,공립(병설),안병둘,안병둘,20200301,20200302,경상남도 창원시 의창구 중동남로 85,055)253-6104,253-7377,http://uichang-p.gne.go.kr/,0730시0730분~1930시1930분,1,1,1,0,0,52,14,18,20,0,0,14,18,20,0,0,35.2537100633946,128.629510818255
경상남도교육청,창원교육지원청,이삭유치원,사립(사인),윤귀순,윤귀순,20091117,20100301,경상남도 창원시 진해구 청안로 236,055-551-1612,055-551-1613, ,0900시0900분~1700시1700분,1,2,2,0,0,270,19,48,52,0,0,14,47,34,0,0,35.1005184350028,128.800298717302
경상남도교육청,창원교육지원청,이화유치원,사립(사인),조순난,조순난,19860301,19860301,경상남도 창원시 마산회원구 회원북13길 98,055-248-6756,055-248-5435,http://cafedaum.net/sr5908,0900시0900분~1800시1800분,1,1,1,1,0,160,40,40,40,40,0,39,40,40,17,0,35.2210920470828,128.565502457612
경상남도교육청,창원교육지원청,장복초등학교병설유치원,공립(병설),반승대,반승대,20090301,20090301,경상남도 창원시 진해구 진해대로728번길 21,055-544-8144,055-544-8139,http://jangbok-p.gne.go.kr,1300시1300분~1700시1700분,0,0,0,1,0,16,0,0,0,16,0,0,0,0,4,0,35.1578645764455,128.695107986818
경상남도교육청,창원교육지원청,장천초등학교병설유치원,공립(병설),송철규,송철규,20090301,20090301,경상남도 창원시 진해구 충장로 719,055-541-0517,055-541-0514,http://jhjangcheon-p.gne.go.kr,0810시0810분~1700시1700분,0,0,0,1,0,16,0,0,0,16,0,0,0,0,5,0,35.1262391537,128.7071899091
경상남도교육청,창원교육지원청,중동초등학교병설유치원,공립(병설),박상준,박상준,20070301,20070301,경상남도 창원시 의창구 의창대로238번길 14,055-293-2472, ,http://joongdong-p.gne.go.kr,1300시1300분~1700시1700분,0,0,0,1,1,16,0,0,0,12,4,0,0,0,5,3,35.2594719978,128.6234070589
경상남도교육청,창원교육지원청,중리초등학교병설유치원,공립(병설),김원종,김원종,19810301,19810301,경상남도 창원시 마산회원구 호계안길 22,055-231-9172, , ,1300시1300분~1700시1700분,0,0,0,1,0,16,0,0,0,16,0,0,0,0,5,0,35.2559882603485,128.520058968644
경상남도교육청,창원교육지원청,지예슬유치원,사립(사인),배서희,배서희,20120831,20130301,경상남도 창원시 마산회원구 회성동5길 6,055-292-4500,055-281-4877, ,1400시1400분~1700시1700분,0,1,1,3,0,119,0,24,26,69,0,0,24,26,69,0,35.2366943664,128.5659690137
경상남도교육청,창원교육지원청,진전초등학교병설유치원,공립(병설),김영희,김영희,19810301,19810301,경상남도 창원시 마산합포구 팔의사로 727,055-271-5504,055-271-8436,http://www.jinjeon.es.kr/,0840시0840분~1640시1640분,0,0,0,1,0,16,0,0,0,16,0,0,0,0,1,0,35.1102229433884,128.415090472112
경상남도교육청,창원교육지원청,진해냉천초등학교병설유치원,공립(병설),김명련,김명련,20160301,20160301,경상남도 창원시 진해구 냉천로 205,055-715-1117,055-715-1121,http://naengcheon-p.gne.go.kr/,0840시0840분~1700시1700분,0,0,0,1,0,16,0,0,0,16,0,0,0,0,4,0,35.1564299249417,128.718471876822
경상남도교육청,창원교육지원청,진해배화유치원,사립(사인),배해옥,배해옥,20041204,20050301,경상남도 창원시 진해구 남의로116번길 25,055-542-9552,055-542-9588, ,0900시0900분~1700시1700분,6,4,4,0,0,413,114,96,104,0,0,90,81,94,0,0,35.1143602377969,128.796287417595
경상남도교육청,창원교육지원청,진해신항초등학교병설유치원,공립(병설),박영식,박영식,20170301,20170301,경상남도 창원시 진해구 신항동로 143,055-551-7063, , ,1300시1300분~1700시1700분,1,1,1,0,0,52,14,18,20,0,0,14,14,20,0,0,35.0884071778,128.8114970051
경상남도교육청,창원교육지원청,진해유치원,공립(단설),배해정,배해정,20100329,20100329,경상남도 창원시 진해구 청안로 289,055-544-2143,055-544-2148,http://jinhae-k.gne.go.kr/,1300시1300분~1730시1730분,1,2,2,0,1,92,14,36,42,0,4,15,26,30,0,0,35.0970531467,128.8030927814
경상남도교육청,창원교육지원청,진해중앙초등학교병설유치원,공립(병설),배국한,배국한,19810309,19810309,경상남도 창원시 진해구 태백서로14번길 23,055-547-3360,055-543-9755, ,0840시0840분~1700시1700분,0,0,0,1,1,16,0,0,0,12,4,0,0,0,2,3,35.155421162712,128.675471960896
경상남도교육청,창원교육지원청,창원남산유치원,공립(단설),양미옥,양미옥,20180301,20180301,경상남도 창원시 성산구 가음로83번길 7,055-264-3501, ,http://cwnamsan-k.gne.go.kr,1310시1310분~1710시1710분,2,2,2,0,1,104,28,36,40,0,4,28,35,37,0,4,35.2059319664,128.7045177106
경상남도교육청,창원교육지원청,창원산새소리유치원,사립(사인),이난주,이난주,20141219,20150301,경상남도 창원시 의창구 반계로80번길 8,055-256-0506,055-233-3599, ,0930시0930분~1730시1730분,2,2,2,0,0,138,38,48,52,0,0,37,43,38,0,0,35.2519508325337,128.615667270809
경상남도교육청,창원교육지원청,창원숲유치원,공립(단설),한수진,한수진,20220301,20220301,경상남도 창원시 성산구 두대로 197-45,055-285-5001,055-285-5009,http://changwonsup-k.gne.go.kr,1300시1300분~1700시1700분,2,2,2,0,1,104,27,34,39,0,4,27,34,39,0,4,35.2267280049,128.6632777794
경상남도교육청,창원교육지원청,창원신월초등학교병설유치원,공립(병설),장영경,장영경,20020301,20020305,경상남도 창원시 성산구 신월로72번길 12,055-281-4189,055-275-4187,http://www.csinwol.es.kr,0830시0830분~1700시1700분,0,0,0,1,0,16,0,0,0,16,0,0,0,0,4,0,35.2253701228351,128.693740116057
경상남도교육청,창원교육지원청,창원유치원,사립(사인),재단법인 경상남도향교재단,임윤화,19700301,19720229,경상남도 창원시 의창구 의안로59번길 6,055-297-1025,055-714-1189, ,0900시0900분~1540시1540분,1,1,1,1,0,92,19,24,26,22,0,18,24,26,18,0,35.2673603229142,128.623523647384
경상남도교육청,창원교육지원청,창원진달래유치원,공립(단설),이향래,이향래,20180901,20180901,경상남도 창원시 의창구 북면 동전무동길26번길 19,055-299-5592,055-298-5592,http://cwjindallae-k.gne.go.kr,0730시0730분~1930시1930분,4,4,4,0,2,208,56,72,80,0,8,55,67,77,0,8,35.3176933994,128.5986737231
경상남도교육청,창원교육지원청,창원초등학교병설유치원,공립(병설),김오성,김오성,19800301,19800301,경상남도 창원시 의창구 읍성로 5-1,055-296-6515,055-297-2284,http://changwon-p.gne.go.kr,0830시0830분~1700시1700분,0,0,0,1,0,16,0,0,0,16,0,0,0,0,6,0,35.2655802053,128.6196622904
경상남도교육청,창원교육지원청,창원한별유치원,공립(단설),김은정,김은정,19950301,19950301,경상남도 창원시 의창구 봉곡로35번길 3,055-238-5636, ,http://cwhanbyul-k.gne.go.kr/,0730시0730분~1930시1930분,2,2,3,0,0,124,28,36,60,0,0,28,36,60,0,0,35.2490555492,128.6624201197
경상남도교육청,창원교육지원청,창원해돋이유치원,사립(사인),백정이,이춘명,20131101,20140303,경상남도 창원시 성산구 신월로17번길 7,0552870646,055-286-9819, ,0750시0750분~1830시1830분,0,5,4,6,0,420,0,106,98,138,0,0,106,98,138,0,35.2307388700468,128.690948858283
경상남도교육청,창원교육지원청,창의나라유치원,사립(사인),조승희,조승희,20171030,20180201,경상남도 창원시 진해구 냉천북로 17,055-552-8513,055-552-8514, ,0900시0900분~1730시1730분,1,2,1,0,0,205,19,48,26,0,0,14,26,12,0,0,35.1578319809,128.7132055271
경상남도교육청,창원교육지원청,천사유치원,사립(사인),윤수원,백영숙,19841109,19850301,경상남도 창원시 마산회원구 구암서2길 110-1,055-299-1004, , ,0930시0930분~1730시1730분,0,0,0,2,0,80,0,0,0,80,0,0,0,0,73,0,35.2494171236701,128.594547606725
경상남도교육청,창원교육지원청,코오롱한샘유치원,사립(사인),조갑련,이영림(직무대리),20020302,20020302,경상남도 창원시 마산회원구 광려천북로 202,055-251-6753,055-251-6783, ,0750시0750분~1800시1800분,1,1,2,2,0,310,19,24,52,46,0,18,22,25,36,0,35.2676539099857,128.523900277971
경상남도교육청,창원교육지원청,토월유치원,공립(단설),조영란,조영란,20070901,20070901,경상남도 창원시 성산구 비음로4번길 33-11,055-274-7490,055-274-7493,http://towol.gne.go.kr/,1310시1310분~1710시1710분,1,2,2,0,1,90,14,34,38,0,4,14,33,28,0,3,35.2264319212,128.6989739913
경상남도교육청,창원교육지원청,통도사유치원,사립(사인),공의전,공의전,19941231,19950301,경상남도 창원시 성산구 원이대로 774,055-284-5824,055-284-5853, ,0900시0900분~1930시1930분,2,3,2,1,0,240,60,90,60,30,0,53,73,50,30,0,35.2166572073469,128.691255216806
경상남도교육청,창원교육지원청,팔룡초등학교병설유치원,공립(병설),심성우,심성우,19860319,19860319,경상남도 창원시 마산회원구 학교단지로 31,055-290-7310,055-256-4107, ,1300시1300분~1700시1700분,0,0,0,1,0,16,0,0,0,16,0,0,0,0,9,0,35.2422327247,128.5939531811
경상남도교육청,창원교육지원청,피노키오유치원,사립(사인),문광자,정시애,19991215,20150302,경상남도 창원시 성산구 가음로 76,055-275-5979,055-275-5980, ,0900시0900분~1700시1700분,1,1,5,1,0,120,30,30,30,30,0,30,30,26,29,0,35.2064303926933,128.702462196439
경상남도교육청,창원교육지원청,하나유치원,사립(사인),안금주,안금주,20141224,20150302,경상남도 창원시 의창구 내감1길 15-27,055-299-5784,055-299-5711, ,0900시0900분~1730시1730분,3,3,3,0,0,207,57,72,78,0,0,51,56,65,0,0,35.2998708695094,128.589829777194
경상남도교육청,창원교육지원청,하늘땅유치원,사립(사인),이정숙,이정숙,20161109,20170301,경상남도 창원시 의창구 무동로195번길 23-13,055-298-0037,055-298-0027, ,0800시0800분~1830시1830분,4,3,3,0,0,226,76,72,78,0,0,73,67,73,0,0,35.3141442294,128.586509259
경상남도교육청,창원교육지원청,하늘빛유치원,사립(사인),진영미,진영미,20170301,20170301,경상남도 창원시 성산구 동산로 115,055-283-2341,055-263-2455, ,0730시0730분~2000시2000분,0,2,1,3,0,143,0,48,26,69,0,0,48,26,69,0,35.2190562198,128.6876162081
경상남도교육청,창원교육지원청,하늘숲유치원,사립(사인),박경호,박경호,20121119,20130301,경상남도 창원시 진해구 진해대로979번길 33-2,055-543-2050,055-543-2052, ,0740시0740분~1830시1830분,3,3,2,0,0,181,57,72,52,0,0,52,70,49,0,0,35.1405367221022,128.710803755888
경상남도교육청,창원교육지원청,하북초등학교병설유치원,공립(병설),김종숙,김종숙,19930201,19930301,경상남도 창원시 마산합포구 지산5길 36,055-271-0530,055-271-9051,https://habook.gne.go.kr,1300시1300분~1700시1700분,0,0,0,1,0,16,0,0,0,16,0,0,0,0,1,0,35.116184531,128.4697602328
경상남도교육청,창원교육지원청,한사랑유치원,공립(단설),이민순,이민순,20031122,20031111,경상남도 창원시 마산합포구 월영마을로 42,055-247-9619,055-247-9608,http://masanhansarang-k.gne.go.kr,0730시0730분~1930시1930분,1,2,2,0,1,90,14,36,36,0,4,14,36,36,0,4,35.1708966608,128.557253822
경상남도교육청,창원교육지원청,한솔유치원,사립(사인),최광효,최지현,19950306,19950306,경상남도 창원시 마산합포구 요장1길 110,055-271-5610, ,http://hansol.kidis.co.kr,0830시0830분~1700시1700분,1,1,1,0,0,157,57,48,52,0,0,8,13,16,0,0,35.1107062601229,128.495082350874
경상남도교육청,창원교육지원청,합성초등학교병설유치원,공립(병설),박시동,박시동,19850319,19850319,경상남도 창원시 마산회원구 합성북16길 75,055-297-6768,055-297-6788,http://hapseong-p.gne.go.kr,1300시1300분~1700시1700분,0,0,0,1,0,16,0,0,0,16,0,0,0,0,4,0,35.2444546591947,128.583501075044
경상남도교육청,창원교육지원청,합포초등학교병설유치원,공립(병설),이영호,이영호,19800301,19800301,경상남도 창원시 마산합포구 허당로 73,055-222-7990,055-248-9393,http://happo-p.gne.go.kr,0840시0840분~1640시1640분,0,0,0,1,0,16,0,0,0,16,0,0,0,0,6,0,35.212414854,128.583341035
경상남도교육청,창원교육지원청,해군유치원,사립(사인),이성호,이연숙,19650301,19920301,경상남도 창원시 진해구 충장로 2,055-546-1855,055-546-1854, ,0900시0900분~1900시1900분,1,1,1,0,0,144,19,24,26,0,0,8,5,19,0,0,35.1526436065291,128.651389389884
경상남도교육청,창원교육지원청,해바라기유치원,사립(사인),강미정,강미정,19921221,19921221,경상남도 창원시 성산구 대정로 142,055-263-3964,055-263-3864, ,0740시0740분~2000시2000분,3,3,3,0,0,270,67,84,79,0,0,67,84,79,0,0,35.2101438629298,128.709201961856
경상남도교육청,창원교육지원청,해원꽃숲유치원,공립(단설),이향미,이향미,20220301,20220307,경상남도 창원시 진해구 해원로2번길 18,055-543-4055,055-543-4058,haewonkkotsup-k.gne.go.kr,1300시1300분~1700시1700분,2,2,2,0,0,104,28,36,40,0,0,26,36,37,0,0,35.1527078654,128.6967848115
경상남도교육청,창원교육지원청,행복가득동화유치원,사립(사인),김민지,김민지,19961009,19970301,경상남도 창원시 성산구 대정로 84,055-264-0603,055-264-0609, ,0900시0900분~1700시1700분,2,2,2,3,0,210,38,48,52,69,0,38,48,52,66,0,35.2091976642946,128.700633195675
경상남도교육청,창원교육지원청,현대배꽃유치원,사립(사인),조충묵,조은선(직무대리),19900301,19900301,경상남도 창원시 성산구 외동반림로 221,055-284-2583, , ,0900시0900분~2000시2000분,1,2,2,0,0,119,19,48,52,0,0,19,46,45,0,0,35.2392789314443,128.677227671355
경상남도교육청,창원교육지원청,현대예닮유치원,사립(사인),정순시,천홍준(직무대리),20050315,20050315,경상남도 창원시 성산구 반송로 159,055-287-0407, ,http://hyundai-ye-dam.ebikids.co.kr/,0900시0900분~1700시1700분,1,2,2,0,0,120,25,45,50,0,0,25,45,50,0,0,35.2380478678254,128.673857324607
경상남도교육청,창원교육지원청,현동세종유치원,사립(사인),(조영미)(박종습),박예지,20161028,20170301,경상남도 창원시 마산합포구 현동5길 31,055-243-9500,055-243-9400, ,0900시0900분~1600시1600분,4,4,4,0,0,276,76,96,104,0,0,76,81,88,0,0,35.148555871,128.5519628599
경상남도교육청,창원교육지원청,현동숲유치원,공립(단설),이길순,이길순,20200901,20200901,경상남도 창원시 마산합포구 현동9길 22,055-224-2888,055-245-4888,http://hyeondongsup-k.gne.go.kr,0730시0730분~1930시1930분,5,5,4,0,1,247,70,90,80,0,4,70,90,77,0,2,35.1439378198876,128.556974829839
경상남도교육청,창원교육지원청,현동초등학교병설유치원,공립(병설),김미저,김미저,19830409,19830409,경상남도 창원시 마산합포구 현동6길 12,055-222-8996,055-222-5340,http://hyundong-p.gne.go.kr,1300시1300분~1800시1800분,0,0,1,1,0,36,0,0,20,16,0,0,0,14,7,0,35.1493418996,128.5629360661
경상남도교육청,창원교육지원청,호계초등학교병설유치원,공립(병설),김태오,김태오,20030302,20030302,경상남도 창원시 마산회원구 광려천북로 182,055-232-9417,055-232-9644,http://www.mshogye.es.kr,1300시1300분~1700시1700분,0,0,0,1,0,16,0,0,0,16,0,0,0,0,12,0,35.2656217879326,128.522809414155
경상남도교육청,창원교육지원청,회원초등학교병설유치원,공립(병설),박은영,박은영,19800301,19800301,경상남도 창원시 마산회원구 회원남로 51,055-241-0371,055-241-0748, ,0800시0800분~1800시1800분,1,0,0,1,1,34,14,0,0,16,4,6,0,0,16,4,35.2198253540273,128.566715405344
경상남도교육청,통영교육지원청,광도유치원,공립(단설),김경아,김경아,20130317,20140301,경상남도 통영시 노산1길 18,055-645-3068, ,http://gwangdo-k.gne.go.kr,0730시0730분~1930시1930분,2,2,2,0,1,106,28,36,38,0,4,28,36,38,0,0,34.9006363575824,128.405215066287
경상남도교육청,통영교육지원청,도산초등학교병설유치원,공립(병설),공미련,공미련,19810131,19810131,경상남도 통영시 도산일주로 25,055-643-9375,055-643-9009,https://tydosan-p.gne.go.kr/tydosan-p/main.do,0730시0730분~1700시1700분,0,0,0,1,0,16,0,0,0,16,0,0,0,0,1,0,34.9021661903028,128.36147278279
경상남도교육청,통영교육지원청,두룡유치원,공립(단설),이미경,이미경,20260301,20260301,경상남도 통영시 도천5길 33-11,055-990-8811,055-990-8822,http://dooryong-k.gne.go.kr,0730시0730분~1930시1930분,2,1,1,0,1,84,28,18,20,0,4,14,7,15,0,4, , 
경상남도교육청,통영교육지원청,벽방초등학교병설유치원,공립(병설),윤기성,윤기성,19810201,19810201,경상남도 통영시 안정로 815,055-649-3201,055-649-2042,https://byeokbang-p.gne.go.kr/byeokbang-p/main.do,0730시0730분~1930시1930분,1,1,1,0,0,52,14,18,20,0,0,2,15,20,0,0,34.9482096686,128.4112900262
경상남도교육청,통영교육지원청,사량초등학교병설유치원,공립(병설),정봉모,정봉모,19840904,19840904,경상남도 통영시 상도일주로 1584,055-641-7660,055-641-8034,http://www.saryang.es.krl,0800시0800분~1650시1650분,0,0,0,1,0,16,0,0,0,16,0,0,0,0,5,0,34.8466351663262,128.219839775074
경상남도교육청,통영교육지원청,산양초등학교병설유치원,공립(병설),안광민,안광민,19800401,19800401,경상남도 통영시 산양중앙로 27,055-641-2980,055-643-8054,https://sanyang-p.gne.go.kr/,0810시0810분~1700시1700분,0,0,0,1,0,16,0,0,0,16,0,0,0,0,1,0,34.8016406574658,128.389879501814
경상남도교육청,통영교육지원청,서광사금강유치원,사립(사인),최재근,정하린,19991223,20000302,경상남도 통영시 진남아랫길 49-3,055-649-3311,055-649-3313, ,0730시0730분~1900시1900분,1,1,1,0,0,210,18,25,27,0,0,6,15,24,0,0,34.8311599461975,128.408644613466
경상남도교육청,통영교육지원청,성민유치원,사립(사인),임현택,양은진,19981224,19981224,경상남도 통영시 데메4길 46,055-648-4466,055-648-6689, ,0800시0800분~2000시2000분,1,1,1,1,0,92,19,24,26,23,0,19,21,26,22,0,34.8274249401253,128.422904776615
경상남도교육청,통영교육지원청,숲속유치원,사립(사인),하순봉,김민자,19960307,19960307,경상남도 통영시 선금산1길 59,055-646-5919,055-646-5918, ,0730시0730분~2000시2000분,1,2,2,0,0,164,19,48,52,0,0,19,26,26,0,0,34.8240842590728,128.40268393099
경상남도교육청,통영교육지원청,신화유치원,사립(사인),모경책,모진실,20040918,20050301,경상남도 통영시 미우지5길 42,055-646-8268,055-646-5268,http://www.6468268.com,0730시0730분~2000시2000분,2,2,2,0,0,142,38,50,54,0,0,29,36,50,0,0,34.8271043649,128.400709169
경상남도교육청,통영교육지원청,엔젤유치원,사립(사인),김정열,전영희,20080909,20090305,경상남도 통영시 무전7길 78,055-641-1300,055-645-1900, ,0800시0800분~1900시1900분,2,1,1,0,0,130,38,24,26,0,0,22,15,23,0,0,34.8628432979313,128.426060439955
경상남도교육청,통영교육지원청,욕지초등학교병설유치원,공립(병설),최국남,최국남,19810131,19810131,경상남도 통영시 서촌윗길 171-15,055-641-3417,055-642-5442,https://yokji-p.gne.go.kr,0820시0820분~1620시1620분,0,0,0,1,0,16,0,0,0,16,0,0,0,0,2,0,34.6359020181563,128.260783590465
경상남도교육청,통영교육지원청,용남초등학교병설유치원,공립(병설),박주희,박주희,19820301,19820301,경상남도 통영시 달포큰길 125,055-648-8238,055-645-9451,http://tyyongnam-p.gne.go.kr,0830시0830분~1730시1730분,0,0,0,1,0,16,0,0,0,16,0,0,0,0,3,0,34.8703489226,128.4432278182
경상남도교육청,통영교육지원청,원평초등학교병설유치원,공립(병설),정일권,정일권,19810301,19810301,경상남도 통영시 적촌길 203,055-646-0128, ,http://wonpyeong-p.gne.go.kr/,0830시0830분~1700시1700분,0,0,0,1,0,16,0,0,0,16,0,0,0,0,2,0,34.8947439295,128.4585701738
경상남도교육청,통영교육지원청,중앙유치원,사립(사인),배도수,김보령,19851231,19851231,경상남도 통영시 새미골1길 18,055-646-8881,055-644-8881, ,0800시0800분~1830시1830분,1,1,1,0,0,120,20,30,60,0,0,5,10,20,0,0,34.8407065803778,128.41585423569
경상남도교육청,통영교육지원청,통영유치원,공립(단설),김병순,김병순,20080110,20080303,경상남도 통영시 광도면 죽림1로 4-37,055-648-8958,055-648-1551,https://tongyeong-k.gne.go.kr/,0730시0730분~1930시1930분,2,2,2,0,0,104,28,36,40,0,0,25,36,37,0,0,34.8765595585,128.4148435258
경상남도교육청,하동교육지원청,고전초등학교병설유치원,공립(병설),김정이,김정이,19810201,19810201,경상남도 하동군 하동읍성로 371,055-882-5044,055-882-5013,http://gojeon-p.gne.go.kr/,0840시0840분~1640시1640분,0,0,0,1,0,16,0,0,0,16,0,0,0,0,3,0,35.0720155886,127.7503041482
경상남도교육청,하동교육지원청,궁항초등학교병설유치원,공립(병설),강현숙,강현숙,19820201,19820302,경상남도 하동군 금성면 가린길 32,055-883-7930,055-884-0798,https://gunghang-p.gne.go.kr/gunghang-p/main.do,0840시0840분~1640시1640분,0,0,0,1,0,16,0,0,0,16,0,0,0,0,4,0,34.9713112726,127.7959796882
경상남도교육청,하동교육지원청,노량초등학교병설유치원,공립(병설),정해석,정해석,19790309,19790309,경상남도 하동군 금남면 제먼당길 60,055-882-0089,055-883-0013,http://www.noryang.es.kr,0830시0830분~1630시1630분,0,0,0,1,0,16,0,0,0,5,0,0,0,0,5,0,34.9518230758,127.8566769535
경상남도교육청,하동교육지원청,묵계초등학교병설유치원,공립(병설),정옥선,정옥선,19850901,19850901,경상남도 하동군 청학로 2220,055-884-5986,055-884-6553,http://www.mukgye.es.kr/,0840시0840분~1640시1640분,0,0,0,1,0,16,0,0,0,16,0,0,0,0,3,0,35.2285077973366,127.735158537848
경상남도교육청,하동교육지원청,묵계초등학교청암분교장병설유치원,공립(병설),정옥선,정옥선,19810301,19810301,경상남도 하동군 청학로 716,055-883-4821,055-882-7164,http://www.cheongam.es.kr,0840시0840분~1640시1640분,0,0,0,1,0,16,0,0,0,16,0,0,0,0,2,0,35.1586081011711,127.797803917694
경상남도교육청,하동교육지원청,악양초등학교병설유치원,공립(병설),강정권,강정권,19810305,19810305,경상남도 하동군 악양면 악양서로 349,055-884-0984,055-882-3062,https://agyang-p.gne.go.kr,0840시0840분~1640시1640분,0,0,0,1,0,16,0,0,0,16,0,0,0,0,2,0,35.1618434556,127.7079482756
경상남도교육청,하동교육지원청,옥종초등학교병설유치원,공립(병설),김종호,김종호,19790305,19790305,경상남도 하동군 주포중앙길 14-13,055-882-6896,055-882-8132,https://okjong-p.gne.go.kr/okjong-p/cm/cntnts/cntntsView.do?mi=147990&cntntsId=10261,0840시0840분~1700시1700분,0,0,0,1,1,20,0,0,0,16,4,0,0,0,6,2,35.1812443331,127.8832632257
경상남도교육청,하동교육지원청,진교초등학교병설유치원,공립(병설),정희철,정희철,19810301,19810301,경상남도 하동군 민다리길 141,055-884-5728,055-882-3791, ,0840시0840분~1640시1640분,0,0,0,1,0,16,0,0,0,16,0,0,0,0,10,0,35.0347138379476,127.899174009244
경상남도교육청,하동교육지원청,하동유치원,공립(단설),조미숙,조미숙,20110901,20111124,경상남도 하동군 군청로 185-10,055-883-5935,055-883-9856,http://hadong-kg.gne.go.kr,0730시0730분~1930시1930분,1,2,2,0,1,90,14,36,40,0,1,9,21,25,0,1,35.0608465943314,127.767322725306
경상남도교육청,하동교육지원청,화개초등학교병설유치원,공립(병설),전병진,전병진,19790301,19790301,경상남도 하동군 화개로 139,055-883-4815,055-883-1819, ,0840시0840분~1640시1640분,0,0,0,1,0,16,0,0,0,16,0,0,0,0,2,0,35.1992074741,127.6283247622
경상남도교육청,하동교육지원청,횡천초등학교병설유치원,공립(병설),안정현,안정현,19790305,19790305,경상남도 하동군 경서대로 1117,055-884-1183,055-884-0212,http://www.heongcheon.es.kr/,0810시0810분~1700시1700분,0,0,0,1,0,16,0,0,0,16,0,0,0,0,5,0,35.110948235385,127.80805194311
경상남도교육청,함안교육지원청,군북초등학교병설유치원,공립(병설),김현욱,김현욱,19860310,19860310,경상남도 함안군 덕대길 26-16,055-585-9275, ,http://gunbuk-p.gne.go.kr,0840시0840분~1700시1700분,0,0,0,1,0,16,0,0,0,16,0,0,0,0,4,0,35.2572099415571,128.34621005351
경상남도교육청,함안교육지원청,문암초등학교병설유치원,공립(병설),최영수,최영수,19850911,19850911,경상남도 함안군 모곡1길 2,055-582-4804,055-582-6293,http://munam-p.gne.go.kr,0840시0840분~1640시1640분,0,0,0,1,0,16,0,0,0,16,0,0,0,0,1,0,35.2720886322,128.4575746445
경상남도교육청,함안교육지원청,법수초등학교병설유치원,공립(병설),이병만,이병만,19820217,19820217,경상남도 함안군 법수면 석무길 41,055-583-3384,055-582-4402,https://bupsu-p.gne.go.kr,0840시0840분~1640시1640분,0,0,0,1,0,16,0,0,0,4,0,0,0,0,4,0,35.317840426,128.3804866809
경상남도교육청,함안교육지원청,아이랑숲이랑유치원,사립(사인),안말순,안말순,20020104,20020302,경상남도 함안군 큰오곡길 51-24,055-587-5432,055-587-5435, ,0730시0730분~2000시2000분,1,1,1,0,0,120,30,30,30,0,0,20,15,10,0,0,35.2844114460655,128.504075936355
경상남도교육청,함안교육지원청,예곡초등학교병설유치원,공립(병설),손영화,손영화,19820227,19820227,경상남도 함안군 예곡2길 25,055-587-0423,055-587-5116, ,0800시0800분~1700시1700분,0,0,0,1,0,16,0,0,0,16,0,0,0,0,6,0,35.2767191907,128.5329106312
경상남도교육청,함안교육지원청,우리유치원,사립(사인),목윤미,목명숙,20011006,20020301,경상남도 함안군 중앙남길 31,055-582-9855, , ,0730시0730분~1900시1900분,2,2,1,0,0,130,20,50,60,0,0,23,27,24,0,0,35.274991468689,128.40842210447
경상남도교육청,함안교육지원청,월촌초등학교병설유치원,공립(병설),전명옥,전명옥,19810130,19810130,경상남도 함안군 월촌3길 27,055-583-7425,055-582-7745, ,0840시0840분~1640시1640분,0,0,0,1,0,16,0,0,0,16,0,0,0,0,1,0,35.2912291999281,128.302940458019
경상남도교육청,함안교육지원청,이안유치원,사립(사인),이경순,이경순,20090301,20090301,경상남도 함안군 삼호길 123,055-587-0012,055-586-0595, ,0750시0750분~1930시1930분,1,1,1,0,0,160,19,48,48,0,0,6,8,23,0,0,35.2711509010293,128.525666023212
경상남도교육청,함안교육지원청,주원유치원,사립(사인),조준,김영희,20021216,20030301,경상남도 함안군 무기새길 55-1,055-587-4869,055-587-4868, ,0730시0730분~1830시1830분,3,2,2,0,0,300,120,90,90,0,0,28,38,37,0,0,35.3028577857111,128.532311147876
경상남도교육청,함안교육지원청,칠서초등학교병설유치원,공립(병설),황선민,황선민,19810401,19810401,경상남도 함안군 청계2길 9,055-587-7092,055-587-4111,http://chilseo-p.gne.go.kr/chilseo-p/main.do,0840시0840분~1700시1700분,0,0,0,1,0,16,0,0,0,16,0,0,0,0,2,0,35.3320368403,128.4982885344
경상남도교육청,함안교육지원청,칠원초등학교병설유치원,공립(병설),류은주,류은주,19920308,19920308,경상남도 함안군 칠원읍 성내길 32,055-587-6454,055-587-1009,https://www.chilwon-p.gne.go.kr,0800시0800분~1800시1800분,0,0,0,1,0,16,0,0,0,16,0,0,0,0,6,0,35.3063782108,128.5192986335
경상남도교육청,함안교육지원청,함안유치원,공립(단설),김민선,김민선,20050224,20050429,경상남도 함안군 가야읍 성내북길 58-7,055-582-4994,055-582-4144,http://hamanyou-k.gne.go.kr,0730시0730분~1930시1930분,2,1,2,0,2,87,27,17,35,0,8,15,17,28,0,7,35.2766997836,128.3997812122
경상남도교육청,함안교육지원청,함안초등학교병설유치원,공립(병설),배미숙,배미숙,20090819,20090819,경상남도 함안군 함안대로 97,055-584-4630,055-583-4010,http://www.haman.es.kr,0840시0840분~1640시1640분,0,0,0,1,0,16,0,0,0,16,0,0,0,0,2,0,35.2409657332936,128.420883841585
경상남도교육청,함안교육지원청,호암초등학교병설유치원,공립(병설),손성일,손성일,20080301,20080301,경상남도 함안군 칠원읍 호암길 30,055-586-9488,055-586-9408,www.hoam-p.gne.go.kr,0800시0800분~1700시1700분,0,0,0,1,0,16,0,0,0,16,0,0,0,0,4,0,35.2740740938,128.5209728675
경상남도교육청,함양교육지원청,금반초등학교병설유치원,공립(병설),백종필,백종필,19850307,19850307,경상남도 함양군 휴천로 371,055-964-1024, , ,0840시0840분~1640시1640분,0,0,0,1,0,16,0,0,0,16,0,0,0,0,6,0,35.4770988461,127.7365945294
경상남도교육청,함양교육지원청,마천초등학교병설유치원,공립(병설),김상백,김상백,19810309,19810309,경상남도 함양군 마천면 마천삼정로 126,055-964-0964,055-963-7737,www.macheon.es.kr,1230시1230분~1630시1630분,0,0,0,1,0,16,0,0,0,16,0,0,0,0,2,0,35.3868277807,127.6593445563
경상남도교육청,함양교육지원청,백전초등학교병설유치원,공립(병설),박선미,박선미,19820115,19820305,경상남도 함양군 백전면 구산대안로 12-2,055-964-0960,055-963-7546,baekjeon-p.gne.go.kr,0840시0840분~1640시1640분,0,0,0,1,0,16,0,0,0,16,0,0,0,0,3,0,35.552814944,127.6349585974
경상남도교육청,함양교육지원청,병곡초등학교병설유치원,공립(병설),조현우,조현우,19850221,19850315,경상남도 함양군 휴촌길 21,055-964-0397,055-964-7297,http://byounggok.es.kr,1240시1240분~1640시1640분,0,0,0,1,0,16,0,0,0,16,0,0,0,0,10,0,35.5290870796,127.6902560655
경상남도교육청,함양교육지원청,서상초등학교병설유치원,공립(병설),김순애,김순애,19810301,19810301,경상남도 함양군 대남로 6,055-962-3083,055-963-6743, ,0840시0840분~1640시1640분,0,0,0,1,0,16,0,0,0,16,0,0,0,0,2,0,35.6839185863,127.6869074691
경상남도교육청,함양교육지원청,서하초등학교병설유치원,공립(병설),남정순,남정순,19800410,19800410,경상남도 함양군 육십령로 2117,055-964-0713, , ,1240시1240분~1640시1640분,0,0,0,1,0,16,0,0,0,16,0,0,0,0,6,0,35.6492448566204,127.698276517944
경상남도교육청,함양교육지원청,안의초등학교병설유치원,공립(병설),박상섭,박상섭,19790402,19790402,경상남도 함양군 안의초등길 8,055-964-2041, , ,1230시1230분~1630시1630분,0,0,0,9,0,16,0,0,0,16,0,0,0,0,9,0,35.6290414436485,127.808890438699
경상남도교육청,함양교육지원청,유림초등학교병설유치원,공립(병설),박종복,박종복,19820307,19820307,경상남도 함양군 유림면 천왕봉로 2927,055-962-6321,055-963-7596,www.yurim.es.kr,1240시1240분~1640시1640분,0,0,0,1,0,16,0,0,0,16,0,0,0,0,4,0,35.4725224619,127.7930753612
경상남도교육청,함양교육지원청,지곡초등학교병설유치원,공립(병설),조현복,조현복,19810303,19810303,경상남도 함양군 개평길 12,055-964-0818, ,http://www.jigok.es.kr,0840시0840분~1640시1640분,0,0,0,1,0,16,0,0,0,16,0,0,0,0,1,0,35.566118688394,127.771499865633
경상남도교육청,함양교육지원청,천령유치원,공립(단설),김용남,김용남,20010315,20010315,경상남도 함양군 함양로 911,055-964-1582,055-964-1583,http://cheonryeong-k.gne.go.kr/,1300시1300분~1700시1700분,2,3,3,0,1,146,28,54,60,0,4,28,38,58,0,4,35.5031744532,127.7167822936
경상남도교육청,합천교육지원청,가회초등학교병설유치원,공립(병설),박삼수,박삼수,19810301,19810301,경상남도 합천군 황매산로 58-2,055-932-5902,055-931-6994,http://www.gahoe.es.kr,0840시0840분~1640시1640분,0,0,0,1,0,16,0,0,0,16,0,0,0,0,1,0,35.4350650732577,128.034409920175
경상남도교육청,합천교육지원청,봉산초등학교병설유치원,공립(병설),강동하,강동하,19810302,19810302,경상남도 합천군 김봉길 25-7,055-934-0612, ,https://bongsan-p.gne.go.kr,0840시0840분~1740시1740분,0,0,0,1,0,16,0,0,0,16,0,0,0,0,3,0,35.6259170561538,128.040231242325
경상남도교육청,합천교육지원청,삼가초등학교병설유치원,공립(병설),송삼영,송삼영,19810131,19810131,경상남도 합천군 삼가면 소오길 12,055-932-5526,055-931-6993,http://samga-p.gne.go.kr,1300시1300분~1700시1700분,0,0,0,1,0,16,0,0,0,16,0,0,0,0,9,0,35.4124473834,128.1183519001
경상남도교육청,합천교육지원청,성모유치원,사립(법인),(재)마산교구천주교회유지재단,정현영,19770308,19770308,경상남도 합천군 충효로3길 10,055-931-1285,055-931-1286,https://cafe.naver.com/hcsungmo,0750시0750분~1830시1830분,2,1,1,0,0,100,38,24,26,0,0,19,16,16,0,0,35.5651971864603,128.161714039847
경상남도교육청,합천교육지원청,쌍백초등학교병설유치원,공립(병설),윤점규,윤점규,19790301,19790301,경상남도 합천군 평구3길 17,055-933-9781,055-931-6992,http://www.ssangback.es.kr,0840시0840분~1700시1700분,0,0,0,1,0,16,0,0,0,4,0,0,0,0,4,0,35.44015209812,128.14704582641
경상남도교육청,합천교육지원청,야로초등학교병설유치원,공립(병설),성영자,성영자,19790401,19790401,경상남도 합천군 야로면 미숭산로 89,055-931-5282,055-931-6984,https://yaro-p.gne.go.kr/yaro-p/,1230시1230분~1740시1740분,0,0,0,1,0,16,0,0,0,16,0,0,0,0,6,0,35.7117389218,128.1784068881
경상남도교육청,합천교육지원청,적중초등학교병설유치원,공립(병설),오지은,오지은,19800305,19800305,경상남도 합천군 상중부우회길 115,055-933-9278,055-931-6990,https://jeogjung-p.gne.go.kr/jeogjung-p/main.do,0840시0840분~1640시1640분,0,0,0,1,0,16,0,0,0,16,0,0,0,0,2,0,35.5462022878632,128.281497060429
경상남도교육청,합천교육지원청,청덕초등학교병설유치원,공립(병설),김종진,김종진,19800301,19800301,경상남도 합천군 송기2길 16,055-931-9271,055-931-6989,http://cheongdeok-p.gne.go.kr,0830시0830분~1830시1830분,0,0,0,1,0,16,0,0,0,16,0,0,0,0,4,0,35.5569782574,128.3153182593
경상남도교육청,합천교육지원청,초계초등학교덕곡분교장병설유치원,공립(병설),서영실,서영실,19830301,19830305,경상남도 합천군 오광대로 711,055-934-1351,055-931-6988,https://deokgok-p.gne.go.kr,0840시0840분~1640시1640분,0,0,0,1,0,16,0,0,0,16,0,0,0,0,2,0,35.6294246248,128.3210515639
경상남도교육청,합천교육지원청,초계초등학교병설유치원,공립(병설),서영실,서영실,19790310,19790310,경상남도 합천군 초계중앙로 33-6,055-932-1158,055-931-6986,http://chogye-p.gne.go.kr,0840시0840분~1640시1640분,0,0,0,1,0,16,0,0,0,16,0,0,0,0,4,0,35.5598044561743,128.263609372627
경상남도교육청,합천교육지원청,합천가야초등학교병설유치원,공립(병설),노정우,노정우,20190301,20190301,경상남도 합천군 가조가야로 2863,055-996-9803,055-996-9807,홈페이지http://hcgaya-p.gne.go.kr,1240시1240분~1640시1640분,0,0,0,1,0,16,0,0,0,16,0,0,0,0,6,0,35.7574007002,128.1353491024
경상남도교육청,합천교육지원청,합천유치원,공립(단설),문춘화,문춘화,20120301,20120301,경상남도 합천군 인덕로 2519,055-931-7742,055-931-7780,http://hapcheon-k.gne.go.kr,0730시0730분~1930시1930분,2,2,2,0,2,104,28,36,40,0,8,26,33,36,0,6,35.5695561596,128.1532006929
